combo,slippage,basis,symbol,dir,entry_time,entry_time_tpe,p0,p1,tp,sl,exit_time,exit_time_tpe,exit,result,same_bar_hit,gap,gross_ret,net_ret,hold_bars,hold_hours,note
s=+0.0025|signal,0.0025,signal,0G_USDT_PERP,做空,1788174300000,2026-08-31 19:05,0.2285,0.22907125,0.21936,0.23992500000000003,1788177900000,2026-08-31 20:05,0.21936,止盈,False,False,0.04239401496259354,0.04139401496259354,12,1.0,
s=+0.0025|signal,0.0025,signal,4_USDT_PERP,做空,1787999100000,2026-08-29 18:25,0.01703,0.017072575,0.0163488,0.0178815,1788000600000,2026-08-29 18:50,0.0163488,止盈,False,False,0.04239401496259343,0.04139401496259343,5,0.4166666666666667,
s=+0.0025|signal,0.0025,signal,4_USDT_PERP,做空,1788539700000,2026-09-05 00:35,0.01808,0.018125199999999998,0.0173568,0.018984,1788540300000,2026-09-05 00:45,0.018984,止損,False,False,-0.04738154613466361,-0.04838154613466361,2,0.16666666666666666,
s=+0.0025|signal,0.0025,signal,4_USDT_PERP,做空,1788544500000,2026-09-05 01:55,0.02088,0.020932199999999998,0.020044799999999998,0.021924,1788545700000,2026-09-05 02:15,0.021924,止損,False,False,-0.04738154613466339,-0.04838154613466339,4,0.3333333333333333,
s=+0.0025|signal,0.0025,signal,4_USDT_PERP,做空,1788549300000,2026-09-05 03:15,0.02226,0.022315649999999996,0.0213696,0.023372999999999998,1788550200000,2026-09-05 03:30,0.0213696,止盈,False,False,0.04239401496259343,0.04139401496259343,3,0.25,
s=+0.0025|signal,0.0025,signal,4_USDT_PERP,做空,1788777900000,2026-09-07 18:45,0.02664,0.0267066,0.0255744,0.027972,1788779100000,2026-09-07 19:05,0.0255744,止盈,False,False,0.04239401496259354,0.04139401496259354,4,0.3333333333333333,
s=+0.0025|signal,0.0025,signal,ACE_USDT_PERP,做空,1788265800000,2026-09-01 20:30,0.18806,0.18853015,0.1805376,0.19746300000000003,1788266700000,2026-09-01 20:45,0.1805376,止盈,False,False,0.04239401496259354,0.04139401496259354,3,0.25,
s=+0.0025|signal,0.0025,signal,AGT_USDT_PERP,做空,1788193800000,2026-09-01 00:30,0.017237,0.017280092499999997,0.01654752,0.01809885,1788194100000,2026-09-01 00:35,0.01654752,止盈,False,False,0.04239401496259332,0.04139401496259332,1,0.08333333333333333,
s=+0.0025|signal,0.0025,signal,AGT_USDT_PERP,做空,1788198600000,2026-09-01 01:50,0.017307,0.0173502675,0.01661472,0.01817235,1788212100000,2026-09-01 05:35,0.01661472,止盈,False,False,0.04239401496259343,0.04139401496259343,45,3.75,
s=+0.0025|signal,0.0025,signal,AGT_USDT_PERP,做空,1788236400000,2026-09-01 12:20,0.018968,0.019015419999999998,0.018209279999999998,0.0199164,1788236700000,2026-09-01 12:25,0.018209279999999998,止盈,False,False,0.04239401496259354,0.04139401496259354,1,0.08333333333333333,
s=+0.0025|signal,0.0025,signal,AIN_USDT_PERP,做空,1789365000000,2026-09-14 13:50,0.10972,0.10999429999999999,0.1053312,0.115206,1789365600000,2026-09-14 14:00,0.1053312,止盈,False,False,0.04239401496259343,0.04139401496259343,2,0.16666666666666666,
s=+0.0025|signal,0.0025,signal,AIN_USDT_PERP,做空,1789369200000,2026-09-14 15:00,0.10454,0.10480134999999999,0.10035839999999999,0.109767,1789371000000,2026-09-14 15:30,0.10035839999999999,止盈,False,False,0.04239401496259354,0.04139401496259354,6,0.5,
s=+0.0025|signal,0.0025,signal,ALCH_USDT_PERP,做空,1787734500000,2026-08-26 16:55,0.03262,0.03270155,0.0313152,0.034251000000000004,1787734800000,2026-08-26 17:00,0.0313152,止盈,False,False,0.04239401496259354,0.04139401496259354,1,0.08333333333333333,
s=+0.0025|signal,0.0025,signal,ANIME_USDT_PERP,做空,1789024500000,2026-09-10 15:15,0.003552,0.0035608799999999998,0.00340992,0.0037296,1789025400000,2026-09-10 15:30,0.00340992,止盈,False,False,0.04239401496259354,0.04139401496259354,3,0.25,
s=+0.0025|signal,0.0025,signal,APR_USDT_PERP,做空,1787060700000,2026-08-18 21:45,0.2187,0.21924675,0.209952,0.229635,1787061300000,2026-08-18 21:55,0.209952,止盈,False,False,0.04239401496259343,0.04139401496259343,2,0.16666666666666666,
s=+0.0025|signal,0.0025,signal,APR_USDT_PERP,做空,1788454200000,2026-09-04 00:50,0.269,0.2696725,0.25824,0.28245000000000003,1788454500000,2026-09-04 00:55,0.25824,止盈,False,False,0.04239401496259332,0.04139401496259332,1,0.08333333333333333,
s=+0.0025|signal,0.0025,signal,APR_USDT_PERP,做空,1788463200000,2026-09-04 03:20,0.2691,0.26977275,0.258336,0.282555,1788464100000,2026-09-04 03:35,0.282555,止損,False,False,-0.04738154613466339,-0.04838154613466339,3,0.25,
s=+0.0025|signal,0.0025,signal,APR_USDT_PERP,做空,1788468300000,2026-09-04 04:45,0.27595,0.276639875,0.264912,0.2897475,1788475200000,2026-09-04 06:40,0.264912,止盈,False,False,0.04239401496259354,0.04139401496259354,23,1.9166666666666667,
s=+0.0025|signal,0.0025,signal,ASTR_USDT_PERP,做空,1789434300000,2026-09-15 09:05,0.006865,0.0068821624999999996,0.0065904,0.00720825,1789434600000,2026-09-15 09:10,0.00720825,止損,False,False,-0.04738154613466339,-0.04838154613466339,1,0.08333333333333333,
s=+0.0025|signal,0.0025,signal,ASTR_USDT_PERP,做空,1789438800000,2026-09-15 10:20,0.007216,0.00723404,0.00692736,0.007576800000000001,1789439100000,2026-09-15 10:25,0.007576800000000001,止損,False,False,-0.04738154613466339,-0.04838154613466339,1,0.08333333333333333,
s=+0.0025|signal,0.0025,signal,AXL_USDT_PERP,做空,1789452900000,2026-09-15 14:15,0.0529,0.05303225,0.050784,0.055545000000000004,1789453500000,2026-09-15 14:25,0.050784,止盈,False,False,0.04239401496259354,0.04139401496259354,2,0.16666666666666666,
s=+0.0025|signal,0.0025,signal,BAND_USDT_PERP,做空,1788025200000,2026-08-30 01:40,0.201,0.2015025,0.19296,0.21105000000000002,1788028500000,2026-08-30 02:35,0.19296,止盈,False,False,0.04239401496259354,0.04139401496259354,11,0.9166666666666666,
s=+0.0025|signal,0.0025,signal,BAS_USDT_PERP,做空,1787743500000,2026-08-26 19:25,0.026397,0.026462992499999997,0.025341119999999998,0.02771685,1787753700000,2026-08-26 22:15,0.025341119999999998,止盈,False,False,0.04239401496259354,0.04139401496259354,34,2.8333333333333335,
s=+0.0025|signal,0.0025,signal,BAS_USDT_PERP,做空,1787912100000,2026-08-28 18:15,0.032049,0.0321291225,0.03076704,0.03365145,1787912700000,2026-08-28 18:25,0.03076704,止盈,False,False,0.04239401496259365,0.04139401496259365,2,0.16666666666666666,
s=+0.0025|signal,0.0025,signal,BB_USDT_PERP,做空,1787304300000,2026-08-21 17:25,0.01309,0.013122724999999998,0.012566399999999998,0.0137445,1787304600000,2026-08-21 17:30,0.0137445,止損,False,False,-0.04738154613466339,-0.04838154613466339,1,0.08333333333333333,
s=+0.0025|signal,0.0025,signal,BEAMX_USDT_PERP,做空,1787821200000,2026-08-27 17:00,0.002139,0.0021443474999999997,0.0020534399999999997,0.00224595,1787822100000,2026-08-27 17:15,0.0020534399999999997,止盈,False,False,0.04239401496259354,0.04139401496259354,3,0.25,
s=+0.0025|signal,0.0025,signal,BICO_USDT_PERP,做空,1787745600000,2026-08-26 20:00,0.02381,0.023869525,0.0228576,0.025000500000000002,1787745900000,2026-08-26 20:05,0.0228576,止盈,False,False,0.04239401496259354,0.04139401496259354,1,0.08333333333333333,
s=+0.0025|signal,0.0025,signal,BICO_USDT_PERP,做空,1787757900000,2026-08-26 23:25,0.02631,0.026375774999999997,0.025257599999999998,0.0276255,1787758800000,2026-08-26 23:40,0.025257599999999998,止盈,False,False,0.04239401496259343,0.04139401496259343,3,0.25,
s=+0.0025|signal,0.0025,signal,BLESS_USDT_PERP,做空,1787321700000,2026-08-21 22:15,0.00862,0.00864155,0.008275199999999998,0.009051,1787322300000,2026-08-21 22:25,0.008275199999999998,止盈,False,False,0.04239401496259365,0.04139401496259365,2,0.16666666666666666,
s=+0.0025|signal,0.0025,signal,BLUR_USDT_PERP,做空,1789140000000,2026-09-11 23:20,0.02085,0.020902125,0.020016,0.021892500000000002,1789140900000,2026-09-11 23:35,0.020016,止盈,False,False,0.04239401496259354,0.04139401496259354,3,0.25,
s=+0.0025|signal,0.0025,signal,BR_USDT_PERP,做空,1789358100000,2026-09-14 11:55,0.36686,0.36777715,0.3521856,0.385203,1789358400000,2026-09-14 12:00,0.385203,止損,False,False,-0.04738154613466339,-0.04838154613466339,1,0.08333333333333333,
s=+0.0025|signal,0.0025,signal,BTR_USDT_PERP,做空,1787553000000,2026-08-24 14:30,0.03322,0.03330305,0.0318912,0.034881,1787553900000,2026-08-24 14:45,0.034881,止損,False,False,-0.04738154613466339,-0.04838154613466339,3,0.25,
s=+0.0025|signal,0.0025,signal,BTR_USDT_PERP,做空,1787557800000,2026-08-24 15:50,0.03466,0.034746650000000004,0.0332736,0.036393,1787559000000,2026-08-24 16:10,0.036393,止損,False,False,-0.047381546134663166,-0.04838154613466317,4,0.3333333333333333,
s=+0.0025|signal,0.0025,signal,BTR_USDT_PERP,做空,1787716800000,2026-08-26 12:00,0.04071,0.040811775,0.0390816,0.042745500000000006,1787717100000,2026-08-26 12:05,0.042745500000000006,止損,False,False,-0.04738154613466339,-0.04838154613466339,1,0.08333333333333333,
s=+0.0025|signal,0.0025,signal,BTW_USDT_PERP,做空,1789302300000,2026-09-13 20:25,0.699394,0.7011424849999999,0.6714182399999999,0.7343637,1789303800000,2026-09-13 20:50,0.6714182399999999,止盈,False,False,0.04239401496259343,0.04139401496259343,5,0.4166666666666667,
s=+0.0025|signal,0.0025,signal,BULLA_USDT_PERP,做空,1787003400000,2026-08-18 05:50,0.02062,0.020671549999999997,0.0197952,0.021651,1787003700000,2026-08-18 05:55,0.0197952,止盈,False,False,0.04239401496259343,0.04139401496259343,1,0.08333333333333333,
s=+0.0025|signal,0.0025,signal,B_USDT_PERP,做空,1788589500000,2026-09-05 14:25,0.2168,0.21734199999999998,0.20812799999999998,0.22764,1788589800000,2026-09-05 14:30,0.20812799999999998,止盈,False,False,0.04239401496259354,0.04139401496259354,1,0.08333333333333333,
s=+0.0025|signal,0.0025,signal,B_USDT_PERP,做空,1788593400000,2026-09-05 15:30,0.1992,0.199698,0.19123199999999999,0.20915999999999998,1788601200000,2026-09-05 17:40,0.19123199999999999,止盈,False,False,0.04239401496259354,0.04139401496259354,26,2.1666666666666665,
s=+0.0025|signal,0.0025,signal,CAP_USDT_PERP,做空,1788492000000,2026-09-04 11:20,0.05311,0.05324277499999999,0.0509856,0.0557655,1788492600000,2026-09-04 11:30,0.0509856,止盈,False,False,0.04239401496259343,0.04139401496259343,2,0.16666666666666666,
s=+0.0025|signal,0.0025,signal,CAP_USDT_PERP,做空,1788773100000,2026-09-07 17:25,0.04997,0.050094925,0.0479712,0.0524685,1788779100000,2026-09-07 19:05,0.0479712,止盈,False,False,0.04239401496259354,0.04139401496259354,20,1.6666666666666667,
s=+0.0025|signal,0.0025,signal,CAP_USDT_PERP,做空,1789388700000,2026-09-14 20:25,0.06824,0.06841059999999999,0.0655104,0.071652,1789389000000,2026-09-14 20:30,0.0655104,止盈,False,False,0.04239401496259343,0.04139401496259343,1,0.08333333333333333,
s=+0.0025|signal,0.0025,signal,CASHCAT_USDT_PERP,做空,1789135500000,2026-09-11 22:05,0.1886,0.18907149999999998,0.181056,0.19803,1789142100000,2026-09-11 23:55,0.181056,止盈,False,False,0.04239401496259343,0.04139401496259343,22,1.8333333333333333,
s=+0.0025|signal,0.0025,signal,CATI_USDT_PERP,做空,1788447000000,2026-09-03 22:50,0.06712,0.0672878,0.0644352,0.070476,1788453600000,2026-09-04 00:40,0.0644352,止盈,False,False,0.04239401496259343,0.04139401496259343,22,1.8333333333333333,
s=+0.0025|signal,0.0025,signal,CFG_USDT_PERP,做空,1788751800000,2026-09-07 11:30,0.1336,0.133934,0.12825599999999998,0.14028000000000002,1788753000000,2026-09-07 11:50,0.12825599999999998,止盈,False,False,0.04239401496259365,0.04139401496259365,4,0.3333333333333333,
s=+0.0025|signal,0.0025,signal,CHIP_USDT_PERP,做空,1788423300000,2026-09-03 16:15,0.05177,0.05189942499999999,0.04969919999999999,0.0543585,1788434400000,2026-09-03 19:20,0.04969919999999999,止盈,False,False,0.04239401496259354,0.04139401496259354,37,3.0833333333333335,
s=+0.0025|signal,0.0025,signal,CLO_USDT_PERP,做空,1787046900000,2026-08-18 17:55,0.1373,0.13764325,0.131808,0.14416500000000002,1787054100000,2026-08-18 19:55,0.14416500000000002,止損,False,False,-0.04738154613466339,-0.04838154613466339,24,2.0,
s=+0.0025|signal,0.0025,signal,CLO_USDT_PERP,做空,1787970000000,2026-08-29 10:20,0.1143,0.11458574999999999,0.10972799999999999,0.12001500000000001,1787972400000,2026-08-29 11:00,0.12001500000000001,止損,False,False,-0.04738154613466361,-0.04838154613466361,8,0.6666666666666666,
s=+0.0025|signal,0.0025,signal,CLO_USDT_PERP,做空,1788320100000,2026-09-02 11:35,0.1616,0.16200399999999998,0.155136,0.16968,1788322800000,2026-09-02 12:20,0.16968,止損,False,False,-0.04738154613466339,-0.04838154613466339,9,0.75,
s=+0.0025|signal,0.0025,signal,COLLECT_USDT_PERP,做空,1787230800000,2026-08-20 21:00,0.05943,0.059578574999999995,0.057052799999999994,0.0624015,1787232300000,2026-08-20 21:25,0.0624015,止損,False,False,-0.04738154613466339,-0.04838154613466339,5,0.4166666666666667,
s=+0.0025|signal,0.0025,signal,COLLECT_USDT_PERP,做空,1788603000000,2026-09-05 18:10,0.09433,0.09456582499999999,0.09055679999999999,0.0990465,1788603300000,2026-09-05 18:15,0.09055679999999999,止盈,False,False,0.04239401496259354,0.04139401496259354,1,0.08333333333333333,
s=+0.0025|signal,0.0025,signal,COTI_USDT_PERP,做空,1787342100000,2026-08-22 03:55,0.01225,0.012280625,0.01176,0.0128625,1787343000000,2026-08-22 04:10,0.0128625,止損,False,False,-0.04738154613466339,-0.04838154613466339,3,0.25,
s=+0.0025|signal,0.0025,signal,COTI_USDT_PERP,做空,1788690600000,2026-09-06 18:30,0.01845,0.018496125,0.017712000000000002,0.0193725,1788694200000,2026-09-06 19:30,0.017712000000000002,止盈,False,False,0.04239401496259332,0.04139401496259332,12,1.0,
s=+0.0025|signal,0.0025,signal,CROSS_USDT_PERP,做空,1786845000000,2026-08-16 09:50,0.10204,0.1022951,0.0979584,0.10714200000000002,1786851900000,2026-08-16 11:45,0.10714200000000002,止損,False,False,-0.04738154613466339,-0.04838154613466339,23,1.9166666666666667,
s=+0.0025|signal,0.0025,signal,CTR_USDT_PERP,做空,1789280700000,2026-09-13 14:25,0.01166,0.011689149999999999,0.0111936,0.012243,1789281000000,2026-09-13 14:30,0.0111936,止盈,False,False,0.04239401496259343,0.04139401496259343,1,0.08333333333333333,
s=+0.0025|signal,0.0025,signal,CTR_USDT_PERP,做空,1789453200000,2026-09-15 14:20,0.01231,0.012340774999999998,0.0118176,0.0129255,1789454400000,2026-09-15 14:40,0.0118176,止盈,False,False,0.04239401496259343,0.04139401496259343,4,0.3333333333333333,
s=+0.0025|signal,0.0025,signal,CYS_USDT_PERP,做空,1789168500000,2026-09-12 07:15,0.1593,0.15969824999999999,0.15292799999999998,0.167265,1789170000000,2026-09-12 07:40,0.15292799999999998,止盈,False,False,0.04239401496259354,0.04139401496259354,5,0.4166666666666667,
s=+0.0025|signal,0.0025,signal,DASH_USDT_PERP,做空,1787367600000,2026-08-22 11:00,46.84,46.957100000000004,44.9664,49.182,1787370900000,2026-08-22 11:55,44.9664,止盈,False,False,0.04239401496259365,0.04139401496259365,11,0.9166666666666666,
s=+0.0025|signal,0.0025,signal,DOGS_USDT_PERP,做空,1788200100000,2026-09-01 02:15,4.62e-05,4.6315499999999994e-05,4.4352e-05,4.851e-05,1788207600000,2026-09-01 04:20,4.4352e-05,止盈,False,False,0.04239401496259343,0.04139401496259343,25,2.0833333333333335,
s=+0.0025|signal,0.0025,signal,EDEN_USDT_PERP,做空,1786982100000,2026-08-17 23:55,0.05434,0.05447585,0.052166399999999995,0.057057000000000004,1786982700000,2026-08-18 00:05,0.052166399999999995,止盈,False,False,0.04239401496259365,0.04139401496259365,2,0.16666666666666666,
s=+0.0025|signal,0.0025,signal,EDGE_USDT_PERP,做空,1787213100000,2026-08-20 16:05,0.364,0.36490999999999996,0.34944,0.3822,1787219700000,2026-08-20 17:55,0.34944,止盈,False,False,0.04239401496259343,0.04139401496259343,22,1.8333333333333333,
s=+0.0025|signal,0.0025,signal,ELSA_USDT_PERP,做空,1788569700000,2026-09-05 08:55,0.05706,0.057202649999999994,0.054777599999999996,0.059913,1788571800000,2026-09-05 09:30,0.054777599999999996,止盈,False,False,0.04239401496259354,0.04139401496259354,7,0.5833333333333334,
s=+0.0025|signal,0.0025,signal,FF_USDT_PERP,做空,1788270000000,2026-09-01 21:40,0.09488,0.0951172,0.09108480000000001,0.099624,1788270600000,2026-09-01 21:50,0.099624,止損,False,False,-0.04738154613466339,-0.04838154613466339,2,0.16666666666666666,
s=+0.0025|signal,0.0025,signal,FF_USDT_PERP,做空,1788274200000,2026-09-01 22:50,0.10179,0.102044475,0.0977184,0.10687950000000002,1788275700000,2026-09-01 23:15,0.0977184,止盈,False,False,0.04239401496259354,0.04139401496259354,5,0.4166666666666667,
s=+0.0025|signal,0.0025,signal,FF_USDT_PERP,做空,1789447800000,2026-09-15 12:50,0.15524,0.1556281,0.14903039999999998,0.163002,1789448100000,2026-09-15 12:55,0.14903039999999998,止盈,False,False,0.04239401496259354,0.04139401496259354,1,0.08333333333333333,
s=+0.0025|signal,0.0025,signal,FHE_USDT_PERP,做空,1786983300000,2026-08-18 00:15,0.03218,0.032260449999999996,0.030892799999999998,0.033789,1786983600000,2026-08-18 00:20,0.030892799999999998,止盈,False,False,0.04239401496259343,0.04139401496259343,1,0.08333333333333333,
s=+0.0025|signal,0.0025,signal,FLUID_USDT_PERP,做空,1787715900000,2026-08-26 11:45,1.535,1.5388374999999999,1.4735999999999998,1.61175,1787719200000,2026-08-26 12:40,1.61175,止損,False,False,-0.04738154613466339,-0.04838154613466339,11,0.9166666666666666,
s=+0.0025|signal,0.0025,signal,GPS_USDT_PERP,做空,1786941600000,2026-08-17 12:40,0.014967,0.015004417499999999,0.014368319999999999,0.01571535,1786942800000,2026-08-17 13:00,0.014368319999999999,止盈,False,False,0.04239401496259354,0.04139401496259354,4,0.3333333333333333,
s=+0.0025|signal,0.0025,signal,GRIFFAIN_USDT_PERP,做空,1789197900000,2026-09-12 15:25,0.01287,0.012902174999999998,0.012355199999999998,0.0135135,1789201500000,2026-09-12 16:25,0.0135135,止損,False,False,-0.04738154613466339,-0.04838154613466339,12,1.0,
s=+0.0025|signal,0.0025,signal,GWEI_USDT_PERP,做空,1787277300000,2026-08-21 09:55,0.02519,0.025252975,0.0241824,0.0264495,1787278500000,2026-08-21 10:15,0.0264495,止損,False,False,-0.04738154613466339,-0.04838154613466339,4,0.3333333333333333,
s=+0.0025|signal,0.0025,signal,HAEDAL_USDT_PERP,做空,1788856200000,2026-09-08 16:30,0.02249,0.022546225,0.0215904,0.0236145,1788859800000,2026-09-08 17:30,0.0215904,止盈,False,False,0.04239401496259354,0.04139401496259354,12,1.0,
s=+0.0025|signal,0.0025,signal,HANA_USDT_PERP,做空,1787647500000,2026-08-25 16:45,0.02054,0.020591349999999998,0.019718399999999997,0.021567,1787650200000,2026-08-25 17:30,0.021567,止損,False,False,-0.04738154613466339,-0.04838154613466339,9,0.75,
s=+0.0025|signal,0.0025,signal,HEMI_USDT_PERP,做空,1787831400000,2026-08-27 19:50,0.00913,0.009152824999999998,0.0087648,0.0095865,1787832300000,2026-08-27 20:05,0.0087648,止盈,False,False,0.04239401496259332,0.04139401496259332,3,0.25,
s=+0.0025|signal,0.0025,signal,HEMI_USDT_PERP,做空,1787858400000,2026-08-28 03:20,0.01009,0.010115225,0.0096864,0.0105945,1787864100000,2026-08-28 04:55,0.0096864,止盈,False,False,0.04239401496259354,0.04139401496259354,19,1.5833333333333333,
s=+0.0025|signal,0.0025,signal,HEMI_USDT_PERP,做空,1789403400000,2026-09-15 00:30,0.00705,0.007067624999999999,0.006768,0.0074025,1789403700000,2026-09-15 00:35,0.006768,止盈,False,False,0.04239401496259343,0.04139401496259343,1,0.08333333333333333,
s=+0.0025|signal,0.0025,signal,IDOL_USDT_PERP,做空,1789473300000,2026-09-15 19:55,0.01197,0.011999925,0.0114912,0.0125685,1789473900000,2026-09-15 20:05,0.0114912,止盈,False,False,0.04239401496259354,0.04139401496259354,2,0.16666666666666666,
s=+0.0025|signal,0.0025,signal,IDOL_USDT_PERP,做空,1789478400000,2026-09-15 21:20,0.0114,0.0114285,0.010944,0.011970000000000001,1789479000000,2026-09-15 21:30,0.010944,止盈,False,False,0.04239401496259343,0.04139401496259343,2,0.16666666666666666,
s=+0.0025|signal,0.0025,signal,IOST_USDT_PERP,做空,1788763500000,2026-09-07 14:45,0.000892,0.00089423,0.0008563199999999999,0.0009366,1788764100000,2026-09-07 14:55,0.0008563199999999999,止盈,False,False,0.04239401496259354,0.04139401496259354,2,0.16666666666666666,
s=+0.0025|signal,0.0025,signal,KAT_USDT_PERP,做空,1788925200000,2026-09-09 11:40,0.006139,0.0061543475,0.00589344,0.006445950000000001,1788926700000,2026-09-09 12:05,0.00589344,止盈,False,False,0.04239401496259354,0.04139401496259354,5,0.4166666666666667,
s=+0.0025|signal,0.0025,signal,KERNEL_USDT_PERP,做空,1787824800000,2026-08-27 18:00,0.04664,0.046756599999999995,0.0447744,0.048972,1787825100000,2026-08-27 18:05,0.0447744,止盈,False,False,0.04239401496259343,0.04139401496259343,1,0.08333333333333333,
s=+0.0025|signal,0.0025,signal,LAB_USDT_PERP,做空,1789122000000,2026-09-11 18:20,0.05873,0.058876824999999994,0.056380799999999995,0.0616665,1789123500000,2026-09-11 18:45,0.0616665,止損,False,False,-0.04738154613466339,-0.04838154613466339,5,0.4166666666666667,
s=+0.0025|signal,0.0025,signal,LAYER_USDT_PERP,做空,1788710400000,2026-09-07 00:00,0.0881,0.08832024999999999,0.084576,0.092505,1788711300000,2026-09-07 00:15,0.084576,止盈,False,False,0.04239401496259343,0.04139401496259343,3,0.25,
s=+0.0025|signal,0.0025,signal,LA_USDT_PERP,做空,1788312300000,2026-09-02 09:25,0.06491,0.065072275,0.0623136,0.0681555,1788319200000,2026-09-02 11:20,0.0623136,止盈,False,False,0.04239401496259354,0.04139401496259354,23,1.9166666666666667,
s=+0.0025|signal,0.0025,signal,LIGHT_USDT_PERP,做空,1787730600000,2026-08-26 15:50,0.1766,0.1770415,0.169536,0.18543,1787736300000,2026-08-26 17:25,0.169536,止盈,False,False,0.04239401496259354,0.04139401496259354,19,1.5833333333333333,
s=+0.0025|signal,0.0025,signal,LIGHT_USDT_PERP,做空,1787909400000,2026-08-28 17:30,0.2318,0.2323795,0.222528,0.24339000000000002,1787911500000,2026-08-28 18:05,0.222528,止盈,False,False,0.04239401496259343,0.04139401496259343,7,0.5833333333333334,
s=+0.0025|signal,0.0025,signal,LSK_USDT_PERP,做空,1787754600000,2026-08-26 22:30,0.112,0.11227999999999999,0.10752,0.11760000000000001,1787755200000,2026-08-26 22:40,0.10752,止盈,False,False,0.04239401496259343,0.04139401496259343,2,0.16666666666666666,
s=+0.0025|signal,0.0025,signal,LUNA2_USDT_PERP,做空,1788782700000,2026-09-07 20:05,0.05437,0.054505925,0.0521952,0.05708850000000001,1788784500000,2026-09-07 20:35,0.0521952,止盈,False,False,0.04239401496259354,0.04139401496259354,6,0.5,
s=+0.0025|signal,0.0025,signal,MAGMA_USDT_PERP,做空,1787344200000,2026-08-22 04:30,0.32043,0.321231075,0.30761279999999996,0.3364515,1787347800000,2026-08-22 05:30,0.30761279999999996,止盈,False,False,0.04239401496259354,0.04139401496259354,12,1.0,
s=+0.0025|signal,0.0025,signal,MAGMA_USDT_PERP,做空,1789323300000,2026-09-14 02:15,0.26632,0.2669858,0.2556672,0.279636,1789324500000,2026-09-14 02:35,0.279636,止損,False,False,-0.04738154613466339,-0.04838154613466339,4,0.3333333333333333,
s=+0.0025|signal,0.0025,signal,MANTRA_USDT_PERP,做空,1787903400000,2026-08-28 15:50,0.00476,0.0047719,0.0045696,0.004998000000000001,1787905500000,2026-08-28 16:25,0.0045696,止盈,False,False,0.04239401496259354,0.04139401496259354,7,0.5833333333333334,
s=+0.0025|signal,0.0025,signal,MELANIA_USDT_PERP,做空,1787371800000,2026-08-22 12:10,0.1263,0.12661575,0.121248,0.132615,1787373300000,2026-08-22 12:35,0.132615,止損,False,False,-0.04738154613466339,-0.04838154613466339,5,0.4166666666666667,
s=+0.0025|signal,0.0025,signal,MOODENG_USDT_PERP,做空,1788629100000,2026-09-06 01:25,0.04783,0.047949574999999994,0.045916799999999994,0.0502215,1788630300000,2026-09-06 01:45,0.045916799999999994,止盈,False,False,0.04239401496259354,0.04139401496259354,4,0.3333333333333333,
s=+0.0025|signal,0.0025,signal,MOODENG_USDT_PERP,做空,1789621200000,2026-09-17 13:00,0.04393,0.044039825,0.042172799999999996,0.0461265,1789622100000,2026-09-17 13:15,0.042172799999999996,止盈,False,False,0.04239401496259354,0.04139401496259354,3,0.25,
s=+0.0025|signal,0.0025,signal,MOVE_USDT_PERP,做空,1787371500000,2026-08-22 12:05,0.00853,0.008551324999999999,0.0081888,0.0089565,1787374200000,2026-08-22 12:50,0.0089565,止損,False,False,-0.04738154613466339,-0.04838154613466339,9,0.75,
s=+0.0025|signal,0.0025,signal,MOVR_USDT_PERP,做空,1786800000000,2026-08-15 21:20,0.985,0.9874624999999999,0.9456,1.0342500000000001,1786800900000,2026-08-15 21:35,0.9456,止盈,False,False,0.04239401496259343,0.04139401496259343,3,0.25,
s=+0.0025|signal,0.0025,signal,MOVR_USDT_PERP,做空,1787802900000,2026-08-27 11:55,0.799,0.8009975,0.76704,0.8389500000000001,1787803500000,2026-08-27 12:05,0.8389500000000001,止損,False,False,-0.04738154613466339,-0.04838154613466339,2,0.16666666666666666,
s=+0.0025|signal,0.0025,signal,MOVR_USDT_PERP,做空,1787807400000,2026-08-27 13:10,0.869,0.8711724999999999,0.83424,0.91245,1787807700000,2026-08-27 13:15,0.83424,止盈,False,False,0.04239401496259343,0.04139401496259343,1,0.08333333333333333,
s=+0.0025|signal,0.0025,signal,MUBARAK_USDT_PERP,做空,1788363600000,2026-09-02 23:40,0.02662,0.02668655,0.0255552,0.027951000000000004,1788364200000,2026-09-02 23:50,0.027951000000000004,止損,False,False,-0.04738154613466339,-0.04838154613466339,2,0.16666666666666666,
s=+0.0025|signal,0.0025,signal,NAORIS_USDT_PERP,做空,1788591000000,2026-09-05 14:50,0.03141,0.031488524999999996,0.0301536,0.0329805,1788592200000,2026-09-05 15:10,0.0301536,止盈,False,False,0.04239401496259343,0.04139401496259343,4,0.3333333333333333,
s=+0.0025|signal,0.0025,signal,NAORIS_USDT_PERP,做空,1788691200000,2026-09-06 18:40,0.03484,0.0349271,0.0334464,0.036582,1788696600000,2026-09-06 20:10,0.036582,止損,False,False,-0.04738154613466339,-0.04838154613466339,18,1.5,
s=+0.0025|signal,0.0025,signal,NOM_USDT_PERP,做空,1788576000000,2026-09-05 10:40,0.001789,0.0017934725,0.00171744,0.00187845,1788577200000,2026-09-05 11:00,0.00187845,止損,False,False,-0.04738154613466339,-0.04838154613466339,4,0.3333333333333333,
s=+0.0025|signal,0.0025,signal,NOM_USDT_PERP,做空,1788586800000,2026-09-05 13:40,0.002085,0.0020902125,0.0020016,0.0021892500000000002,1788588000000,2026-09-05 14:00,0.0020016,止盈,False,False,0.04239401496259343,0.04139401496259343,4,0.3333333333333333,
s=+0.0025|signal,0.0025,signal,OG_USDT_PERP,做空,1787472300000,2026-08-23 16:05,3.071,3.0786775,2.94816,3.2245500000000002,1787474100000,2026-08-23 16:35,2.94816,止盈,False,False,0.04239401496259343,0.04139401496259343,6,0.5,
s=+0.0025|signal,0.0025,signal,ONG_USDT_PERP,做空,1786929900000,2026-08-17 09:25,0.06165,0.061804125,0.059184,0.06473250000000001,1786930200000,2026-08-17 09:30,0.059184,止盈,False,False,0.04239401496259354,0.04139401496259354,1,0.08333333333333333,
s=+0.0025|signal,0.0025,signal,ONG_USDT_PERP,做空,1787232900000,2026-08-20 21:35,0.06947,0.069643675,0.0666912,0.07294350000000001,1787233500000,2026-08-20 21:45,0.07294350000000001,止損,False,False,-0.04738154613466339,-0.04838154613466339,2,0.16666666666666666,
s=+0.0025|signal,0.0025,signal,ONG_USDT_PERP,做空,1787237700000,2026-08-20 22:55,0.08127,0.081473175,0.0780192,0.08533349999999999,1787239800000,2026-08-20 23:30,0.0780192,止盈,False,False,0.04239401496259354,0.04139401496259354,7,0.5833333333333334,
s=+0.0025|signal,0.0025,signal,ONT_USDT_PERP,做空,1787258100000,2026-08-21 04:35,0.0544,0.054535999999999994,0.05222399999999999,0.05712,1787258400000,2026-08-21 04:40,0.05712,止損,False,False,-0.04738154613466339,-0.04838154613466339,1,0.08333333333333333,
s=+0.0025|signal,0.0025,signal,ONT_USDT_PERP,做空,1787262000000,2026-08-21 05:40,0.0513,0.051428249999999995,0.04924799999999999,0.053865,1787270700000,2026-08-21 08:05,0.04924799999999999,止盈,False,False,0.04239401496259354,0.04139401496259354,29,2.4166666666666665,
s=+0.0025|signal,0.0025,signal,ON_USDT_PERP,做空,1788861900000,2026-09-08 18:05,0.211,0.21152749999999998,0.20256,0.22155,1788862800000,2026-09-08 18:20,0.20256,止盈,False,False,0.04239401496259343,0.04139401496259343,3,0.25,
s=+0.0025|signal,0.0025,signal,ORCA_USDT_PERP,做空,1788745800000,2026-09-07 09:50,1.642,1.6461049999999997,1.57632,1.7241,1788752400000,2026-09-07 11:40,1.57632,止盈,False,False,0.04239401496259343,0.04139401496259343,22,1.8333333333333333,
s=+0.0025|signal,0.0025,signal,PHA_USDT_PERP,做空,1788972600000,2026-09-10 00:50,0.03342,0.03350355,0.0320832,0.035091,1788973800000,2026-09-10 01:10,0.0320832,止盈,False,False,0.04239401496259354,0.04139401496259354,4,0.3333333333333333,
s=+0.0025|signal,0.0025,signal,PIEVERSE_USDT_PERP,做空,1787306700000,2026-08-21 18:05,1.1295,1.1323237499999999,1.08432,1.185975,1787310300000,2026-08-21 19:05,1.08432,止盈,False,False,0.04239401496259343,0.04139401496259343,12,1.0,
s=+0.0025|signal,0.0025,signal,PIEVERSE_USDT_PERP,做空,1788789300000,2026-09-07 21:55,1.3018,1.3050545,1.249728,1.3668900000000002,1788793800000,2026-09-07 23:10,1.249728,止盈,False,False,0.04239401496259354,0.04139401496259354,15,1.25,
s=+0.0025|signal,0.0025,signal,PIXEL_USDT_PERP,做空,1786865400000,2026-08-16 15:30,0.00611,0.0061252749999999995,0.0058655999999999995,0.0064155,1786865700000,2026-08-16 15:35,0.0058655999999999995,止盈,False,False,0.04239401496259354,0.04139401496259354,1,0.08333333333333333,
s=+0.0025|signal,0.0025,signal,PORTAL_USDT_PERP,做空,1786885200000,2026-08-16 21:00,0.01597,0.016009925,0.015331200000000001,0.016768500000000002,1786886400000,2026-08-16 21:20,0.015331200000000001,止盈,False,False,0.04239401496259354,0.04139401496259354,4,0.3333333333333333,
s=+0.0025|signal,0.0025,signal,PORTAL_USDT_PERP,做空,1787544900000,2026-08-24 12:15,0.01602,0.01606005,0.015379199999999999,0.016821,1787545500000,2026-08-24 12:25,0.015379199999999999,止盈,False,False,0.04239401496259354,0.04139401496259354,2,0.16666666666666666,
s=+0.0025|signal,0.0025,signal,PORTAL_USDT_PERP,做空,1787721000000,2026-08-26 13:10,0.01896,0.0190074,0.018201600000000002,0.019908000000000002,1787722200000,2026-08-26 13:30,0.019908000000000002,止損,False,False,-0.04738154613466339,-0.04838154613466339,4,0.3333333333333333,
s=+0.0025|signal,0.0025,signal,PORTAL_USDT_PERP,做空,1788444900000,2026-09-03 22:15,0.01665,0.016691625,0.015984,0.0174825,1788445200000,2026-09-03 22:20,0.015984,止盈,False,False,0.04239401496259354,0.04139401496259354,1,0.08333333333333333,
s=+0.0025|signal,0.0025,signal,POWR_USDT_PERP,做空,1789258200000,2026-09-13 08:10,0.06576,0.0659244,0.0631296,0.069048,1789258500000,2026-09-13 08:15,0.069048,止損,False,False,-0.04738154613466339,-0.04838154613466339,1,0.08333333333333333,
s=+0.0025|signal,0.0025,signal,POWR_USDT_PERP,做空,1789263000000,2026-09-13 09:30,0.0824,0.082606,0.079104,0.08652,1789263600000,2026-09-13 09:40,0.079104,止盈,False,False,0.04239401496259354,0.04139401496259354,2,0.16666666666666666,
s=+0.0025|signal,0.0025,signal,POWR_USDT_PERP,做空,1789267800000,2026-09-13 10:50,0.08243,0.082636075,0.0791328,0.0865515,1789268100000,2026-09-13 10:55,0.0791328,止盈,False,False,0.04239401496259354,0.04139401496259354,1,0.08333333333333333,
s=+0.0025|signal,0.0025,signal,PROMPT_USDT_PERP,做空,1788000900000,2026-08-29 18:55,0.02727,0.027338175,0.0261792,0.0286335,1788001200000,2026-08-29 19:00,0.0261792,止盈,False,False,0.04239401496259354,0.04139401496259354,1,0.08333333333333333,
s=+0.0025|signal,0.0025,signal,PROS_USDT_PERP,做空,1788927600000,2026-09-09 12:20,0.5005,0.5017512499999999,0.4804799999999999,0.525525,1788929100000,2026-09-09 12:45,0.525525,止損,False,False,-0.04738154613466361,-0.04838154613466361,5,0.4166666666666667,
s=+0.0025|signal,0.0025,signal,PTB_USDT_PERP,做空,1788529800000,2026-09-04 21:50,0.000816,0.0008180399999999999,0.00078336,0.0008568,1788530100000,2026-09-04 21:55,0.00078336,止盈,False,False,0.04239401496259343,0.04139401496259343,1,0.08333333333333333,
s=+0.0025|signal,0.0025,signal,Q_USDT_PERP,做空,1788496200000,2026-09-04 12:30,0.026302,0.026367754999999996,0.02524992,0.0276171,1788496800000,2026-09-04 12:40,0.02524992,止盈,False,False,0.04239401496259343,0.04139401496259343,2,0.16666666666666666,
s=+0.0025|signal,0.0025,signal,RATS_USDT_PERP,做空,1787062500000,2026-08-18 22:15,5.136e-05,5.14884e-05,4.93056e-05,5.3928e-05,1787064900000,2026-08-18 22:55,5.3928e-05,止損,False,False,-0.04738154613466339,-0.04838154613466339,8,0.6666666666666666,
s=+0.0025|signal,0.0025,signal,RAY_USDT_PERP,做空,1788665400000,2026-09-06 11:30,1.109,1.1117724999999998,1.06464,1.16445,1788666600000,2026-09-06 11:50,1.16445,止損,False,False,-0.04738154613466339,-0.04838154613466339,4,0.3333333333333333,
s=+0.0025|signal,0.0025,signal,RAY_USDT_PERP,做空,1788670500000,2026-09-06 12:55,1.154,1.156885,1.10784,1.2117,1788676500000,2026-09-06 14:35,1.10784,止盈,False,False,0.04239401496259354,0.04139401496259354,20,1.6666666666666667,
s=+0.0025|signal,0.0025,signal,REZ_USDT_PERP,做空,1789016700000,2026-09-10 13:05,0.00362,0.0036290499999999996,0.0034752,0.003801,1789017600000,2026-09-10 13:20,0.003801,止損,False,False,-0.04738154613466361,-0.04838154613466361,3,0.25,
s=+0.0025|signal,0.0025,signal,REZ_USDT_PERP,做空,1789287600000,2026-09-13 16:20,0.003949,0.0039588725,0.0037910400000000003,0.00414645,1789289100000,2026-09-13 16:45,0.0037910400000000003,止盈,False,False,0.04239401496259343,0.04139401496259343,5,0.4166666666666667,
s=+0.0025|signal,0.0025,signal,RE_USDT_PERP,做空,1787158200000,2026-08-20 00:50,0.4973,0.49854325,0.477408,0.522165,1787166300000,2026-08-20 03:05,0.522165,止損,False,False,-0.04738154613466339,-0.04838154613466339,27,2.25,
s=+0.0025|signal,0.0025,signal,RE_USDT_PERP,做空,1787363100000,2026-08-22 09:45,0.6057,0.60721425,0.581472,0.635985,1787364600000,2026-08-22 10:10,0.581472,止盈,False,False,0.04239401496259343,0.04139401496259343,5,0.4166666666666667,
s=+0.0025|signal,0.0025,signal,SAGA_USDT_PERP,做空,1789058100000,2026-09-11 00:35,0.01776,0.0178044,0.0170496,0.018648,1789062600000,2026-09-11 01:50,0.0170496,止盈,False,False,0.04239401496259354,0.04139401496259354,15,1.25,
s=+0.0025|signal,0.0025,signal,SIREN_USDT_PERP,做空,1787970900000,2026-08-29 10:35,0.03355,0.033633875,0.032208,0.0352275,1787972700000,2026-08-29 11:05,0.032208,止盈,False,False,0.04239401496259354,0.04139401496259354,6,0.5,
s=+0.0025|signal,0.0025,signal,SKR_USDT_PERP,做空,1787875800000,2026-08-28 08:10,0.011903,0.0119327575,0.01142688,0.012498150000000001,1787876700000,2026-08-28 08:25,0.012498150000000001,止損,False,False,-0.04738154613466339,-0.04838154613466339,3,0.25,
s=+0.0025|signal,0.0025,signal,SKR_USDT_PERP,做空,1787880600000,2026-08-28 09:30,0.011993,0.0120229825,0.011513279999999999,0.01259265,1787882100000,2026-08-28 09:55,0.01259265,止損,False,False,-0.04738154613466339,-0.04838154613466339,5,0.4166666666666667,
s=+0.0025|signal,0.0025,signal,SKR_USDT_PERP,做空,1788069000000,2026-08-30 13:50,0.013432,0.01346558,0.012894719999999998,0.0141036,1788071700000,2026-08-30 14:35,0.012894719999999998,止盈,False,False,0.04239401496259365,0.04139401496259365,9,0.75,
s=+0.0025|signal,0.0025,signal,SOLV_USDT_PERP,做空,1788684000000,2026-09-06 16:40,0.00374,0.00374935,0.0035903999999999997,0.003927,1788685800000,2026-09-06 17:10,0.003927,止損,False,False,-0.04738154613466339,-0.04838154613466339,6,0.5,
s=+0.0025|signal,0.0025,signal,SPK_USDT_PERP,做空,1787292600000,2026-08-21 14:10,0.01886,0.018907149999999998,0.018105599999999996,0.019802999999999998,1787293200000,2026-08-21 14:20,0.018105599999999996,止盈,False,False,0.04239401496259365,0.04139401496259365,2,0.16666666666666666,
s=+0.0025|signal,0.0025,signal,SPORTFUN_USDT_PERP,做空,1786824600000,2026-08-16 04:10,0.02552,0.0255838,0.0244992,0.026796000000000004,1786825500000,2026-08-16 04:25,0.0244992,止盈,False,False,0.04239401496259354,0.04139401496259354,3,0.25,
s=+0.0025|signal,0.0025,signal,SPORTFUN_USDT_PERP,做空,1786829400000,2026-08-16 05:30,0.02966,0.029734149999999997,0.028473599999999998,0.031143,1786830300000,2026-08-16 05:45,0.031143,止損,False,False,-0.04738154613466339,-0.04838154613466339,3,0.25,
s=+0.0025|signal,0.0025,signal,SPORTFUN_USDT_PERP,做空,1786836000000,2026-08-16 07:20,0.03291,0.032992275,0.0315936,0.0345555,1786838100000,2026-08-16 07:55,0.0315936,止盈,False,False,0.04239401496259354,0.04139401496259354,7,0.5833333333333334,
s=+0.0025|signal,0.0025,signal,SQD_USDT_PERP,做空,1787662500000,2026-08-25 20:55,0.03679,0.036881975000000004,0.0353184,0.038629500000000004,1787664000000,2026-08-25 21:20,0.0353184,止盈,False,False,0.04239401496259365,0.04139401496259365,5,0.4166666666666667,
s=+0.0025|signal,0.0025,signal,SSV_USDT_PERP,做空,1787297100000,2026-08-21 15:25,2.816,2.8230399999999998,2.7033599999999995,2.9568,1787298000000,2026-08-21 15:40,2.9568,止損,False,False,-0.04738154613466339,-0.04838154613466339,3,0.25,
s=+0.0025|signal,0.0025,signal,SSV_USDT_PERP,做空,1787301600000,2026-08-21 16:40,2.839,2.8460975,2.72544,2.98095,1787316300000,2026-08-21 20:45,2.98095,止損,False,False,-0.04738154613466339,-0.04838154613466339,49,4.083333333333333,
s=+0.0025|signal,0.0025,signal,STABLE_USDT_PERP,做空,1787265000000,2026-08-21 06:30,0.03199,0.032069974999999994,0.030710399999999995,0.0335895,1787283900000,2026-08-21 11:45,0.030710399999999995,止盈,False,False,0.04239401496259343,0.04139401496259343,63,5.25,
s=+0.0025|signal,0.0025,signal,STAR_USDT_PERP,做空,1786962600000,2026-08-17 18:30,0.12102,0.12132255,0.1161792,0.12707100000000002,1786969800000,2026-08-17 20:30,0.12707100000000002,止損,False,False,-0.04738154613466339,-0.04838154613466339,24,2.0,
s=+0.0025|signal,0.0025,signal,STAR_USDT_PERP,做空,1787113200000,2026-08-19 12:20,0.13046,0.13078615,0.12524159999999998,0.136983,1787117400000,2026-08-19 13:30,0.136983,止損,False,False,-0.04738154613466339,-0.04838154613466339,14,1.1666666666666667,
s=+0.0025|signal,0.0025,signal,STAR_USDT_PERP,做空,1787316900000,2026-08-21 20:55,0.16075,0.161151875,0.15431999999999998,0.1687875,1787317200000,2026-08-21 21:00,0.15431999999999998,止盈,False,False,0.04239401496259365,0.04139401496259365,1,0.08333333333333333,
s=+0.0025|signal,0.0025,signal,STAR_USDT_PERP,做空,1787565300000,2026-08-24 17:55,0.14315,0.14350787499999998,0.137424,0.1503075,1787566500000,2026-08-24 18:15,0.137424,止盈,False,False,0.04239401496259343,0.04139401496259343,4,0.3333333333333333,
s=+0.0025|signal,0.0025,signal,SUPER_USDT_PERP,做空,1787577300000,2026-08-24 21:15,0.1293,0.12962325,0.12412799999999999,0.135765,1787577600000,2026-08-24 21:20,0.12412799999999999,止盈,False,False,0.04239401496259354,0.04139401496259354,1,0.08333333333333333,
s=+0.0025|signal,0.0025,signal,SUPER_USDT_PERP,做空,1787581200000,2026-08-24 22:20,0.1344,0.134736,0.129024,0.14112,1787582400000,2026-08-24 22:40,0.129024,止盈,False,False,0.04239401496259343,0.04139401496259343,4,0.3333333333333333,
s=+0.0025|signal,0.0025,signal,SUSHI_USDT_PERP,做空,1788630000000,2026-09-06 01:40,0.2401,0.24070025,0.230496,0.252105,1788631200000,2026-09-06 02:00,0.252105,止損,False,False,-0.04738154613466339,-0.04838154613466339,4,0.3333333333333333,
s=+0.0025|signal,0.0025,signal,SUSHI_USDT_PERP,做空,1788636300000,2026-09-06 03:25,0.2775,0.27819375,0.2664,0.29137500000000005,1788637200000,2026-09-06 03:40,0.2664,止盈,False,False,0.04239401496259343,0.04139401496259343,3,0.25,
s=+0.0025|signal,0.0025,signal,TAC_USDT_PERP,做空,1787438100000,2026-08-23 06:35,0.001749,0.0017533724999999997,0.00167904,0.0018364499999999999,1787438700000,2026-08-23 06:45,0.00167904,止盈,False,False,0.04239401496259343,0.04139401496259343,2,0.16666666666666666,
s=+0.0025|signal,0.0025,signal,TA_USDT_PERP,做空,1789214400000,2026-09-12 20:00,0.06008,0.0602302,0.0576768,0.063084,1789241100000,2026-09-13 03:25,0.0576768,止盈,False,False,0.04239401496259343,0.04139401496259343,89,7.416666666666667,
s=+0.0025|signal,0.0025,signal,TLM_USDT_PERP,做空,1787670300000,2026-08-25 23:05,0.001672,0.00167618,0.00160512,0.0017556000000000002,1787674200000,2026-08-26 00:10,0.00160512,止盈,False,False,0.04239401496259354,0.04139401496259354,13,1.0833333333333333,
s=+0.0025|signal,0.0025,signal,TNSR_USDT_PERP,做空,1788096000000,2026-08-30 21:20,0.04212,0.04222529999999999,0.0404352,0.044226,1788096300000,2026-08-30 21:25,0.0404352,止盈,False,False,0.04239401496259343,0.04139401496259343,1,0.08333333333333333,
s=+0.0025|signal,0.0025,signal,TRADOOR_USDT_PERP,做空,1788592200000,2026-09-05 15:10,0.7411,0.7429527499999999,0.711456,0.778155,1788592500000,2026-09-05 15:15,0.778155,止損,True,False,-0.04738154613466339,-0.04838154613466339,1,0.08333333333333333,同一根同時觸發→保守計止損
s=+0.0025|signal,0.0025,signal,TRB_USDT_PERP,做空,1787365800000,2026-08-22 10:30,21.825,21.8795625,20.951999999999998,22.91625,1787367600000,2026-08-22 11:00,20.951999999999998,止盈,False,False,0.04239401496259354,0.04139401496259354,6,0.5,
s=+0.0025|signal,0.0025,signal,TREE_USDT_PERP,做空,1787150100000,2026-08-19 22:35,0.04051,0.040611274999999995,0.038889599999999996,0.0425355,1787152500000,2026-08-19 23:15,0.0425355,止損,False,False,-0.04738154613466339,-0.04838154613466339,8,0.6666666666666666,
s=+0.0025|signal,0.0025,signal,TREE_USDT_PERP,做空,1787156100000,2026-08-20 00:15,0.04573,0.045844325,0.0439008,0.048016500000000004,1787157300000,2026-08-20 00:35,0.0439008,止盈,False,False,0.04239401496259354,0.04139401496259354,4,0.3333333333333333,
s=+0.0025|signal,0.0025,signal,TREE_USDT_PERP,做空,1789172400000,2026-09-12 08:20,0.04535,0.045463375,0.043536,0.0476175,1789172700000,2026-09-12 08:25,0.043536,止盈,False,False,0.04239401496259354,0.04139401496259354,1,0.08333333333333333,
s=+0.0025|signal,0.0025,signal,TRIA_USDT_PERP,做空,1788495300000,2026-09-04 12:15,0.0049,0.00491225,0.004704,0.005145,1788495600000,2026-09-04 12:20,0.004704,止盈,False,False,0.04239401496259354,0.04139401496259354,1,0.08333333333333333,
s=+0.0025|signal,0.0025,signal,TRIA_USDT_PERP,做空,1788503700000,2026-09-04 14:35,0.00525,0.0052631250000000004,0.00504,0.005512500000000001,1788506400000,2026-09-04 15:20,0.00504,止盈,False,False,0.04239401496259354,0.04139401496259354,9,0.75,
s=+0.0025|signal,0.0025,signal,TRUMP_USDT_PERP,做空,1787175000000,2026-08-20 05:30,1.707,1.7112675,1.63872,1.79235,1787181600000,2026-08-20 07:20,1.79235,止損,False,False,-0.04738154613466339,-0.04838154613466339,22,1.8333333333333333,
s=+0.0025|signal,0.0025,signal,US_USDT_PERP,做空,1787325300000,2026-08-21 23:15,0.01978,0.01982945,0.018988799999999997,0.020769,1787325600000,2026-08-21 23:20,0.020769,止損,False,False,-0.04738154613466339,-0.04838154613466339,1,0.08333333333333333,
s=+0.0025|signal,0.0025,signal,US_USDT_PERP,做空,1787329500000,2026-08-22 00:25,0.02225,0.022305625,0.021359999999999997,0.0233625,1787330400000,2026-08-22 00:40,0.0233625,止損,False,False,-0.04738154613466339,-0.04838154613466339,3,0.25,
s=+0.0025|signal,0.0025,signal,WAL_USDT_PERP,做空,1786788900000,2026-08-15 18:15,0.0272,0.027267999999999997,0.026111999999999996,0.02856,1786791000000,2026-08-15 18:50,0.026111999999999996,止盈,False,False,0.04239401496259354,0.04139401496259354,7,0.5833333333333334,
s=+0.0025|signal,0.0025,signal,XPIN_USDT_PERP,做空,1786950300000,2026-08-17 15:05,0.001551,0.0015548775,0.0014889600000000001,0.00162855,1786951200000,2026-08-17 15:20,0.0014889600000000001,止盈,False,False,0.04239401496259343,0.04139401496259343,3,0.25,
s=+0.0025|signal,0.0025,signal,XPIN_USDT_PERP,做空,1787291700000,2026-08-21 13:55,0.001328,0.00133132,0.00127488,0.0013944,1787294700000,2026-08-21 14:45,0.00127488,止盈,False,False,0.04239401496259354,0.04139401496259354,10,0.8333333333333334,
s=+0.0025|signal,0.0025,signal,XPIN_USDT_PERP,做空,1789367400000,2026-09-14 14:30,0.000886,0.0008882149999999999,0.0008505599999999999,0.0009303,1789367700000,2026-09-14 14:35,0.0009303,止損,False,False,-0.04738154613466339,-0.04838154613466339,1,0.08333333333333333,
s=+0.0025|signal,0.0025,signal,XVG_USDT_PERP,做空,1787370900000,2026-08-22 11:55,0.002919,0.0029262975,0.00280224,0.0030649500000000003,1787371500000,2026-08-22 12:05,0.00280224,止盈,False,False,0.04239401496259354,0.04139401496259354,2,0.16666666666666666,
s=+0.0025|signal,0.0025,signal,ZEST_USDT_PERP,做空,1787740800000,2026-08-26 18:40,0.16483,0.165242075,0.1582368,0.17307150000000002,1787743500000,2026-08-26 19:25,0.1582368,止盈,False,False,0.04239401496259343,0.04139401496259343,9,0.75,
s=+0.0025|signal,0.0025,signal,ZEST_USDT_PERP,做空,1788426900000,2026-09-03 17:15,0.15617,0.156560425,0.1499232,0.1639785,1788427200000,2026-09-03 17:20,0.1639785,止損,True,False,-0.04738154613466339,-0.04838154613466339,1,0.08333333333333333,同一根同時觸發→保守計止損
s=+0.0025|signal,0.0025,signal,ZEST_USDT_PERP,做空,1788433500000,2026-09-03 19:05,0.14801,0.148380025,0.1420896,0.1554105,1788454200000,2026-09-04 00:50,0.1554105,止損,False,False,-0.04738154613466339,-0.04838154613466339,69,5.75,
s=+0.0025|signal,0.0025,signal,ZKC_USDT_PERP,做空,1788061500000,2026-08-30 11:45,0.049,0.0491225,0.04704,0.05145,1788062100000,2026-08-30 11:55,0.04704,止盈,False,False,0.04239401496259354,0.04139401496259354,2,0.16666666666666666,
s=+0.0025|signal,0.0025,signal,ZKC_USDT_PERP,做空,1788076200000,2026-08-30 15:50,0.0528,0.052932,0.050688,0.05544,1788081600000,2026-08-30 17:20,0.05544,止損,False,False,-0.04738154613466339,-0.04838154613466339,18,1.5,
s=+0.0025|signal,0.0025,signal,ZKP_USDT_PERP,做空,1788017400000,2026-08-29 23:30,0.05268,0.052811699999999996,0.050572799999999994,0.055314,1788018000000,2026-08-29 23:40,0.050572799999999994,止盈,False,False,0.04239401496259354,0.04139401496259354,2,0.16666666666666666,
s=+0.0025|signal,0.0025,signal,ZORA_USDT_PERP,做空,1787316300000,2026-08-21 20:45,0.00687,0.006887175,0.0065952,0.0072135,1787317200000,2026-08-21 21:00,0.0072135,止損,False,False,-0.04738154613466339,-0.04838154613466339,3,0.25,
s=+0.0025|signal,0.0025,signal,ZORA_USDT_PERP,做空,1787321100000,2026-08-21 22:05,0.00706,0.00707765,0.0067776,0.007413,1787323200000,2026-08-21 22:40,0.0067776,止盈,False,False,0.04239401496259343,0.04139401496259343,7,0.5833333333333334,
s=+0.0025|signal,0.0025,signal,ZORA_USDT_PERP,做空,1788124200000,2026-08-31 05:10,0.00815,0.008170374999999999,0.007824,0.0085575,1788124800000,2026-08-31 05:20,0.0085575,止損,False,False,-0.04738154613466339,-0.04838154613466339,2,0.16666666666666666,
s=+0.0025|signal,0.0025,signal,ZRO_USDT_PERP,做空,1787665200000,2026-08-25 21:40,1.2411,1.2442027500000001,1.191456,1.303155,1787665800000,2026-08-25 21:50,1.191456,止盈,False,False,0.04239401496259354,0.04139401496259354,2,0.16666666666666666,
s=+0.0025|signal,0.0025,signal,ZRO_USDT_PERP,做空,1787669700000,2026-08-25 22:55,1.2125,1.21553125,1.164,1.273125,1787670900000,2026-08-25 23:15,1.164,止盈,False,False,0.04239401496259354,0.04139401496259354,4,0.3333333333333333,
s=+0.0025|signal,0.0025,signal,哈基米_USDT_PERP,做空,1789068300000,2026-09-11 03:25,0.03622,0.03631055,0.0347712,0.038031,1789069500000,2026-09-11 03:45,0.038031,止損,False,False,-0.04738154613466339,-0.04838154613466339,4,0.3333333333333333,
s=+0.0025|signal,0.0025,signal,哈基米_USDT_PERP,做空,1789098300000,2026-09-11 11:45,0.0411,0.041202749999999996,0.039456,0.043155,1789099500000,2026-09-11 12:05,0.039456,止盈,False,False,0.04239401496259343,0.04139401496259343,4,0.3333333333333333,
s=+0.0025|signal,0.0025,signal,哈基米_USDT_PERP,做空,1789103100000,2026-09-11 13:05,0.04118,0.04128295,0.0395328,0.04323900000000001,1789103700000,2026-09-11 13:15,0.0395328,止盈,False,False,0.04239401496259354,0.04139401496259354,2,0.16666666666666666,
s=+0.0025|signal,0.0025,signal,我踏马来了_USDT_PERP,做空,1788010200000,2026-08-29 21:30,0.014341,0.014376852499999999,0.01376736,0.01505805,1788010500000,2026-08-29 21:35,0.01376736,止盈,False,False,0.04239401496259343,0.04139401496259343,1,0.08333333333333333,
s=+0.0025|signal,0.0025,signal,我踏马来了_USDT_PERP,做空,1789083600000,2026-09-11 07:40,0.012087,0.0121172175,0.01160352,0.01269135,1789094100000,2026-09-11 10:35,0.01269135,止損,False,False,-0.04738154613466339,-0.04838154613466339,35,2.9166666666666665,
s=+0.0025|signal,0.0025,signal,我踏马来了_USDT_PERP,做空,1789190100000,2026-09-12 13:15,0.015,0.015037499999999999,0.0144,0.01575,1789190400000,2026-09-12 13:20,0.0144,止盈,False,False,0.04239401496259343,0.04139401496259343,1,0.08333333333333333,
s=+0.0025|fill,0.0025,fill,0G_USDT_PERP,做空,1788174300000,2026-08-31 19:05,0.2285,0.22907125,0.2199084,0.24052481250000002,1788175800000,2026-08-31 19:30,0.2199084,止盈,False,False,0.040000000000000036,0.039000000000000035,5,0.4166666666666667,
s=+0.0025|fill,0.0025,fill,4_USDT_PERP,做空,1787999100000,2026-08-29 18:25,0.01703,0.017072575,0.016389671999999997,0.01792620375,1788000600000,2026-08-29 18:50,0.016389671999999997,止盈,False,False,0.04000000000000015,0.039000000000000146,5,0.4166666666666667,
s=+0.0025|fill,0.0025,fill,4_USDT_PERP,做空,1788539700000,2026-09-05 00:35,0.01808,0.018125199999999998,0.017400192,0.019031459999999997,1788540900000,2026-09-05 00:55,0.019031459999999997,止損,False,False,-0.050000000000000044,-0.051000000000000045,4,0.3333333333333333,
s=+0.0025|fill,0.0025,fill,4_USDT_PERP,做空,1788544500000,2026-09-05 01:55,0.02088,0.020932199999999998,0.020094911999999996,0.021978809999999998,1788545700000,2026-09-05 02:15,0.021978809999999998,止損,False,False,-0.050000000000000044,-0.051000000000000045,4,0.3333333333333333,
s=+0.0025|fill,0.0025,fill,4_USDT_PERP,做空,1788549300000,2026-09-05 03:15,0.02226,0.022315649999999996,0.021423023999999995,0.0234314325,1788550200000,2026-09-05 03:30,0.021423023999999995,止盈,False,False,0.040000000000000036,0.039000000000000035,3,0.25,
s=+0.0025|fill,0.0025,fill,4_USDT_PERP,做空,1788777900000,2026-09-07 18:45,0.02664,0.0267066,0.025638336,0.028041930000000003,1788779100000,2026-09-07 19:05,0.025638336,止盈,False,False,0.039999999999999925,0.038999999999999924,4,0.3333333333333333,
s=+0.0025|fill,0.0025,fill,ACE_USDT_PERP,做空,1788265800000,2026-09-01 20:30,0.18806,0.18853015,0.180988944,0.19795665750000002,1788266700000,2026-09-01 20:45,0.180988944,止盈,False,False,0.039999999999999925,0.038999999999999924,3,0.25,
s=+0.0025|fill,0.0025,fill,AGT_USDT_PERP,做空,1788193800000,2026-09-01 00:30,0.017237,0.017280092499999997,0.016588888799999996,0.018144097124999998,1788194100000,2026-09-01 00:35,0.016588888799999996,止盈,False,False,0.040000000000000036,0.039000000000000035,1,0.08333333333333333,
s=+0.0025|fill,0.0025,fill,AGT_USDT_PERP,做空,1788198600000,2026-09-01 01:50,0.017307,0.0173502675,0.016656256799999998,0.018217780875,1788212100000,2026-09-01 05:35,0.016656256799999998,止盈,False,False,0.040000000000000036,0.039000000000000035,45,3.75,
s=+0.0025|fill,0.0025,fill,AGT_USDT_PERP,做空,1788236400000,2026-09-01 12:20,0.018968,0.019015419999999998,0.0182548032,0.019966190999999998,1788236700000,2026-09-01 12:25,0.0182548032,止盈,False,False,0.039999999999999925,0.038999999999999924,1,0.08333333333333333,
s=+0.0025|fill,0.0025,fill,AIN_USDT_PERP,做空,1789365000000,2026-09-14 13:50,0.10972,0.10999429999999999,0.10559452799999998,0.11549401499999999,1789365600000,2026-09-14 14:00,0.10559452799999998,止盈,False,False,0.04000000000000015,0.039000000000000146,2,0.16666666666666666,
s=+0.0025|fill,0.0025,fill,AIN_USDT_PERP,做空,1789369200000,2026-09-14 15:00,0.10454,0.10480134999999999,0.10060929599999999,0.11004141749999999,1789371000000,2026-09-14 15:30,0.10060929599999999,止盈,False,False,0.040000000000000036,0.039000000000000035,6,0.5,
s=+0.0025|fill,0.0025,fill,ALCH_USDT_PERP,做空,1787734500000,2026-08-26 16:55,0.03262,0.03270155,0.031393488000000004,0.0343366275,1787734800000,2026-08-26 17:00,0.031393488000000004,止盈,False,False,0.039999999999999925,0.038999999999999924,1,0.08333333333333333,
s=+0.0025|fill,0.0025,fill,ANIME_USDT_PERP,做空,1789024500000,2026-09-10 15:15,0.003552,0.0035608799999999998,0.0034184447999999995,0.003738924,1789025400000,2026-09-10 15:30,0.0034184447999999995,止盈,False,False,0.040000000000000036,0.039000000000000035,3,0.25,
s=+0.0025|fill,0.0025,fill,APR_USDT_PERP,做空,1787060700000,2026-08-18 21:45,0.2187,0.21924675,0.21047687999999998,0.2302090875,1787061300000,2026-08-18 21:55,0.21047687999999998,止盈,False,False,0.040000000000000036,0.039000000000000035,2,0.16666666666666666,
s=+0.0025|fill,0.0025,fill,APR_USDT_PERP,做空,1788454200000,2026-09-04 00:50,0.269,0.2696725,0.2588856,0.283156125,1788454500000,2026-09-04 00:55,0.2588856,止盈,False,False,0.039999999999999925,0.038999999999999924,1,0.08333333333333333,
s=+0.0025|fill,0.0025,fill,APR_USDT_PERP,做空,1788463200000,2026-09-04 03:20,0.2691,0.26977275,0.25898184,0.2832613875,1788465000000,2026-09-04 03:50,0.2832613875,止損,False,False,-0.050000000000000044,-0.051000000000000045,6,0.5,
s=+0.0025|fill,0.0025,fill,ASTR_USDT_PERP,做空,1789434300000,2026-09-15 09:05,0.006865,0.0068821624999999996,0.006606875999999999,0.007226270625,1789434600000,2026-09-15 09:10,0.007226270625,止損,False,False,-0.050000000000000044,-0.051000000000000045,1,0.08333333333333333,
s=+0.0025|fill,0.0025,fill,ASTR_USDT_PERP,做空,1789438800000,2026-09-15 10:20,0.007216,0.00723404,0.006944678399999999,0.007595742,1789439100000,2026-09-15 10:25,0.007595742,止損,False,False,-0.050000000000000044,-0.051000000000000045,1,0.08333333333333333,
s=+0.0025|fill,0.0025,fill,AXL_USDT_PERP,做空,1789452900000,2026-09-15 14:15,0.0529,0.05303225,0.05091096,0.05568386250000001,1789453500000,2026-09-15 14:25,0.05091096,止盈,False,False,0.040000000000000036,0.039000000000000035,2,0.16666666666666666,
s=+0.0025|fill,0.0025,fill,BAND_USDT_PERP,做空,1788025200000,2026-08-30 01:40,0.201,0.2015025,0.1934424,0.21157762500000002,1788026100000,2026-08-30 01:55,0.1934424,止盈,False,False,0.040000000000000036,0.039000000000000035,3,0.25,
s=+0.0025|fill,0.0025,fill,BAS_USDT_PERP,做空,1787743500000,2026-08-26 19:25,0.026397,0.026462992499999997,0.025404472799999998,0.027786142125,1787753400000,2026-08-26 22:10,0.025404472799999998,止盈,False,False,0.040000000000000036,0.039000000000000035,33,2.75,
s=+0.0025|fill,0.0025,fill,BAS_USDT_PERP,做空,1787912100000,2026-08-28 18:15,0.032049,0.0321291225,0.030843957600000003,0.033735578625000005,1787912700000,2026-08-28 18:25,0.030843957600000003,止盈,False,False,0.040000000000000036,0.039000000000000035,2,0.16666666666666666,
s=+0.0025|fill,0.0025,fill,BB_USDT_PERP,做空,1787304300000,2026-08-21 17:25,0.01309,0.013122724999999998,0.012597815999999998,0.013778861249999998,1787304600000,2026-08-21 17:30,0.013778861249999998,止損,False,False,-0.050000000000000044,-0.051000000000000045,1,0.08333333333333333,
s=+0.0025|fill,0.0025,fill,BEAMX_USDT_PERP,做空,1787821200000,2026-08-27 17:00,0.002139,0.0021443474999999997,0.0020585735999999995,0.0022515648749999997,1787822100000,2026-08-27 17:15,0.0020585735999999995,止盈,False,False,0.04000000000000015,0.039000000000000146,3,0.25,
s=+0.0025|fill,0.0025,fill,BICO_USDT_PERP,做空,1787745600000,2026-08-26 20:00,0.02381,0.023869525,0.022914743999999997,0.02506300125,1787745900000,2026-08-26 20:05,0.022914743999999997,止盈,False,False,0.040000000000000036,0.039000000000000035,1,0.08333333333333333,
s=+0.0025|fill,0.0025,fill,BICO_USDT_PERP,做空,1787757900000,2026-08-26 23:25,0.02631,0.026375774999999997,0.025320743999999996,0.027694563749999998,1787758800000,2026-08-26 23:40,0.025320743999999996,止盈,False,False,0.040000000000000036,0.039000000000000035,3,0.25,
s=+0.0025|fill,0.0025,fill,BLESS_USDT_PERP,做空,1787321700000,2026-08-21 22:15,0.00862,0.00864155,0.008295888,0.0090736275,1787322300000,2026-08-21 22:25,0.008295888,止盈,False,False,0.040000000000000036,0.039000000000000035,2,0.16666666666666666,
s=+0.0025|fill,0.0025,fill,BLUR_USDT_PERP,做空,1789140000000,2026-09-11 23:20,0.02085,0.020902125,0.02006604,0.02194723125,1789140900000,2026-09-11 23:35,0.02006604,止盈,False,False,0.040000000000000036,0.039000000000000035,3,0.25,
s=+0.0025|fill,0.0025,fill,BR_USDT_PERP,做空,1789358100000,2026-09-14 11:55,0.36686,0.36777715,0.35306606399999996,0.3861660075,1789359600000,2026-09-14 12:20,0.3861660075,止損,False,False,-0.050000000000000044,-0.051000000000000045,5,0.4166666666666667,
s=+0.0025|fill,0.0025,fill,BTR_USDT_PERP,做空,1787553000000,2026-08-24 14:30,0.03322,0.03330305,0.031970928,0.034968202500000004,1787553900000,2026-08-24 14:45,0.034968202500000004,止損,False,False,-0.050000000000000044,-0.051000000000000045,3,0.25,
s=+0.0025|fill,0.0025,fill,BTR_USDT_PERP,做空,1787557800000,2026-08-24 15:50,0.03466,0.034746650000000004,0.033356784,0.036483982500000005,1787559000000,2026-08-24 16:10,0.036483982500000005,止損,False,False,-0.050000000000000044,-0.051000000000000045,4,0.3333333333333333,
s=+0.0025|fill,0.0025,fill,BTR_USDT_PERP,做空,1787716800000,2026-08-26 12:00,0.04071,0.040811775,0.039179304,0.042852363750000004,1787717100000,2026-08-26 12:05,0.042852363750000004,止損,False,False,-0.050000000000000044,-0.051000000000000045,1,0.08333333333333333,
s=+0.0025|fill,0.0025,fill,BTW_USDT_PERP,做空,1789302300000,2026-09-13 20:25,0.699394,0.7011424849999999,0.6730967855999999,0.7361996092499999,1789303800000,2026-09-13 20:50,0.6730967855999999,止盈,False,False,0.040000000000000036,0.039000000000000035,5,0.4166666666666667,
s=+0.0025|fill,0.0025,fill,BULLA_USDT_PERP,做空,1787003400000,2026-08-18 05:50,0.02062,0.020671549999999997,0.019844687999999996,0.021705127499999997,1787003700000,2026-08-18 05:55,0.019844687999999996,止盈,False,False,0.040000000000000036,0.039000000000000035,1,0.08333333333333333,
s=+0.0025|fill,0.0025,fill,B_USDT_PERP,做空,1788589500000,2026-09-05 14:25,0.2168,0.21734199999999998,0.20864831999999997,0.2282091,1788589800000,2026-09-05 14:30,0.20864831999999997,止盈,False,False,0.040000000000000036,0.039000000000000035,1,0.08333333333333333,
s=+0.0025|fill,0.0025,fill,B_USDT_PERP,做空,1788593400000,2026-09-05 15:30,0.1992,0.199698,0.19171007999999998,0.2096829,1788600900000,2026-09-05 17:35,0.19171007999999998,止盈,False,False,0.040000000000000036,0.039000000000000035,25,2.0833333333333335,
s=+0.0025|fill,0.0025,fill,CAP_USDT_PERP,做空,1788492000000,2026-09-04 11:20,0.05311,0.05324277499999999,0.05111306399999999,0.05590491374999999,1788492600000,2026-09-04 11:30,0.05111306399999999,止盈,False,False,0.040000000000000036,0.039000000000000035,2,0.16666666666666666,
s=+0.0025|fill,0.0025,fill,CAP_USDT_PERP,做空,1788773100000,2026-09-07 17:25,0.04997,0.050094925,0.048091128,0.05259967125,1788779100000,2026-09-07 19:05,0.048091128,止盈,False,False,0.040000000000000036,0.039000000000000035,20,1.6666666666666667,
s=+0.0025|fill,0.0025,fill,CAP_USDT_PERP,做空,1789388700000,2026-09-14 20:25,0.06824,0.06841059999999999,0.06567417599999999,0.07183112999999999,1789389000000,2026-09-14 20:30,0.06567417599999999,止盈,False,False,0.040000000000000036,0.039000000000000035,1,0.08333333333333333,
s=+0.0025|fill,0.0025,fill,CASHCAT_USDT_PERP,做空,1789135500000,2026-09-11 22:05,0.1886,0.18907149999999998,0.18150863999999997,0.198525075,1789142100000,2026-09-11 23:55,0.18150863999999997,止盈,False,False,0.040000000000000036,0.039000000000000035,22,1.8333333333333333,
s=+0.0025|fill,0.0025,fill,CATI_USDT_PERP,做空,1788447000000,2026-09-03 22:50,0.06712,0.0672878,0.06459628799999999,0.07065219,1788453600000,2026-09-04 00:40,0.06459628799999999,止盈,False,False,0.04000000000000015,0.039000000000000146,22,1.8333333333333333,
s=+0.0025|fill,0.0025,fill,CFG_USDT_PERP,做空,1788751800000,2026-09-07 11:30,0.1336,0.133934,0.12857664,0.1406307,1788753000000,2026-09-07 11:50,0.12857664,止盈,False,False,0.040000000000000036,0.039000000000000035,4,0.3333333333333333,
s=+0.0025|fill,0.0025,fill,CHIP_USDT_PERP,做空,1788423300000,2026-09-03 16:15,0.05177,0.05189942499999999,0.04982344799999999,0.05449439624999999,1788434400000,2026-09-03 19:20,0.04982344799999999,止盈,False,False,0.040000000000000036,0.039000000000000035,37,3.0833333333333335,
s=+0.0025|fill,0.0025,fill,CLO_USDT_PERP,做空,1787046900000,2026-08-18 17:55,0.1373,0.13764325,0.13213751999999998,0.1445254125,1787054100000,2026-08-18 19:55,0.1445254125,止損,False,False,-0.050000000000000044,-0.051000000000000045,24,2.0,
s=+0.0025|fill,0.0025,fill,CLO_USDT_PERP,做空,1787970000000,2026-08-29 10:20,0.1143,0.11458574999999999,0.11000231999999999,0.12031503749999999,1787972400000,2026-08-29 11:00,0.12031503749999999,止損,False,False,-0.050000000000000044,-0.051000000000000045,8,0.6666666666666666,
s=+0.0025|fill,0.0025,fill,CLO_USDT_PERP,做空,1788320100000,2026-09-02 11:35,0.1616,0.16200399999999998,0.15552383999999997,0.17010419999999998,1788322800000,2026-09-02 12:20,0.17010419999999998,止損,False,False,-0.050000000000000044,-0.051000000000000045,9,0.75,
s=+0.0025|fill,0.0025,fill,COLLECT_USDT_PERP,做空,1787230800000,2026-08-20 21:00,0.05943,0.059578574999999995,0.05719543199999999,0.06255750375,1787232300000,2026-08-20 21:25,0.06255750375,止損,False,False,-0.050000000000000044,-0.051000000000000045,5,0.4166666666666667,
s=+0.0025|fill,0.0025,fill,COLLECT_USDT_PERP,做空,1788603000000,2026-09-05 18:10,0.09433,0.09456582499999999,0.09078319199999998,0.09929411625,1788603300000,2026-09-05 18:15,0.09078319199999998,止盈,False,False,0.040000000000000036,0.039000000000000035,1,0.08333333333333333,
s=+0.0025|fill,0.0025,fill,COTI_USDT_PERP,做空,1787342100000,2026-08-22 03:55,0.01225,0.012280625,0.0117894,0.01289465625,1787343000000,2026-08-22 04:10,0.01289465625,止損,False,False,-0.050000000000000044,-0.051000000000000045,3,0.25,
s=+0.0025|fill,0.0025,fill,COTI_USDT_PERP,做空,1788690600000,2026-09-06 18:30,0.01845,0.018496125,0.01775628,0.01942093125,1788693900000,2026-09-06 19:25,0.01775628,止盈,False,False,0.039999999999999925,0.038999999999999924,11,0.9166666666666666,
s=+0.0025|fill,0.0025,fill,CROSS_USDT_PERP,做空,1786845000000,2026-08-16 09:50,0.10204,0.1022951,0.098203296,0.107409855,1786851900000,2026-08-16 11:45,0.107409855,止損,False,False,-0.050000000000000044,-0.051000000000000045,23,1.9166666666666667,
s=+0.0025|fill,0.0025,fill,CTR_USDT_PERP,做空,1789280700000,2026-09-13 14:25,0.01166,0.011689149999999999,0.011221583999999998,0.012273607499999999,1789281000000,2026-09-13 14:30,0.011221583999999998,止盈,False,False,0.040000000000000036,0.039000000000000035,1,0.08333333333333333,
s=+0.0025|fill,0.0025,fill,CTR_USDT_PERP,做空,1789453200000,2026-09-15 14:20,0.01231,0.012340774999999998,0.011847143999999999,0.012957813749999998,1789454400000,2026-09-15 14:40,0.011847143999999999,止盈,False,False,0.039999999999999925,0.038999999999999924,4,0.3333333333333333,
s=+0.0025|fill,0.0025,fill,CYS_USDT_PERP,做空,1789168500000,2026-09-12 07:15,0.1593,0.15969824999999999,0.15331031999999997,0.16768316249999998,1789170000000,2026-09-12 07:40,0.15331031999999997,止盈,False,False,0.040000000000000036,0.039000000000000035,5,0.4166666666666667,
s=+0.0025|fill,0.0025,fill,DASH_USDT_PERP,做空,1787367600000,2026-08-22 11:00,46.84,46.957100000000004,45.078816,49.30495500000001,1787370900000,2026-08-22 11:55,45.078816,止盈,False,False,0.040000000000000036,0.039000000000000035,11,0.9166666666666666,
s=+0.0025|fill,0.0025,fill,DOGS_USDT_PERP,做空,1788200100000,2026-09-01 02:15,4.62e-05,4.6315499999999994e-05,4.446287999999999e-05,4.8631274999999995e-05,1788207600000,2026-09-01 04:20,4.446287999999999e-05,止盈,False,False,0.04000000000000015,0.039000000000000146,25,2.0833333333333335,
s=+0.0025|fill,0.0025,fill,EDEN_USDT_PERP,做空,1786982100000,2026-08-17 23:55,0.05434,0.05447585,0.052296815999999996,0.0571996425,1786982700000,2026-08-18 00:05,0.052296815999999996,止盈,False,False,0.040000000000000036,0.039000000000000035,2,0.16666666666666666,
s=+0.0025|fill,0.0025,fill,EDGE_USDT_PERP,做空,1787213100000,2026-08-20 16:05,0.364,0.36490999999999996,0.35031359999999995,0.3831555,1787219700000,2026-08-20 17:55,0.35031359999999995,止盈,False,False,0.040000000000000036,0.039000000000000035,22,1.8333333333333333,
s=+0.0025|fill,0.0025,fill,ELSA_USDT_PERP,做空,1788569700000,2026-09-05 08:55,0.05706,0.057202649999999994,0.05491454399999999,0.060062782499999995,1788571800000,2026-09-05 09:30,0.05491454399999999,止盈,False,False,0.04000000000000015,0.039000000000000146,7,0.5833333333333334,
s=+0.0025|fill,0.0025,fill,FF_USDT_PERP,做空,1788270000000,2026-09-01 21:40,0.09488,0.0951172,0.091312512,0.09987306,1788270900000,2026-09-01 21:55,0.09987306,止損,False,False,-0.050000000000000044,-0.051000000000000045,3,0.25,
s=+0.0025|fill,0.0025,fill,FF_USDT_PERP,做空,1788274500000,2026-09-01 22:55,0.10146,0.10171364999999999,0.09764510399999998,0.1067993325,1788275700000,2026-09-01 23:15,0.09764510399999998,止盈,False,False,0.040000000000000036,0.039000000000000035,4,0.3333333333333333,
s=+0.0025|fill,0.0025,fill,FF_USDT_PERP,做空,1789447800000,2026-09-15 12:50,0.15524,0.1556281,0.149402976,0.163409505,1789448100000,2026-09-15 12:55,0.149402976,止盈,False,False,0.040000000000000036,0.039000000000000035,1,0.08333333333333333,
s=+0.0025|fill,0.0025,fill,FHE_USDT_PERP,做空,1786983300000,2026-08-18 00:15,0.03218,0.032260449999999996,0.030970031999999995,0.033873472499999994,1786983600000,2026-08-18 00:20,0.030970031999999995,止盈,False,False,0.040000000000000036,0.039000000000000035,1,0.08333333333333333,
s=+0.0025|fill,0.0025,fill,FLUID_USDT_PERP,做空,1787715900000,2026-08-26 11:45,1.535,1.5388374999999999,1.4772839999999998,1.615779375,1787716200000,2026-08-26 11:50,1.4772839999999998,止盈,False,False,0.040000000000000036,0.039000000000000035,1,0.08333333333333333,
s=+0.0025|fill,0.0025,fill,FLUID_USDT_PERP,做空,1787719800000,2026-08-26 12:50,1.569,1.5729224999999998,1.5100055999999997,1.651568625,1787721000000,2026-08-26 13:10,1.5100055999999997,止盈,False,False,0.040000000000000036,0.039000000000000035,4,0.3333333333333333,
s=+0.0025|fill,0.0025,fill,GPS_USDT_PERP,做空,1786941600000,2026-08-17 12:40,0.014967,0.015004417499999999,0.014404240799999999,0.015754638374999998,1786942800000,2026-08-17 13:00,0.014404240799999999,止盈,False,False,0.040000000000000036,0.039000000000000035,4,0.3333333333333333,
s=+0.0025|fill,0.0025,fill,GRIFFAIN_USDT_PERP,做空,1789197900000,2026-09-12 15:25,0.01287,0.012902174999999998,0.012386087999999998,0.013547283749999998,1789201500000,2026-09-12 16:25,0.013547283749999998,止損,False,False,-0.050000000000000044,-0.051000000000000045,12,1.0,
s=+0.0025|fill,0.0025,fill,GWEI_USDT_PERP,做空,1787277300000,2026-08-21 09:55,0.02519,0.025252975,0.024242856,0.02651562375,1787278800000,2026-08-21 10:20,0.02651562375,止損,False,False,-0.050000000000000044,-0.051000000000000045,5,0.4166666666666667,
s=+0.0025|fill,0.0025,fill,HAEDAL_USDT_PERP,做空,1788856200000,2026-09-08 16:30,0.02249,0.022546225,0.021644376,0.023673536250000002,1788859500000,2026-09-08 17:25,0.021644376,止盈,False,False,0.040000000000000036,0.039000000000000035,11,0.9166666666666666,
s=+0.0025|fill,0.0025,fill,HANA_USDT_PERP,做空,1787647500000,2026-08-25 16:45,0.02054,0.020591349999999998,0.019767695999999998,0.0216209175,1787650200000,2026-08-25 17:30,0.0216209175,止損,False,False,-0.050000000000000044,-0.051000000000000045,9,0.75,
s=+0.0025|fill,0.0025,fill,HEMI_USDT_PERP,做空,1787831400000,2026-08-27 19:50,0.00913,0.009152824999999998,0.008786711999999999,0.009610466249999998,1787832300000,2026-08-27 20:05,0.008786711999999999,止盈,False,False,0.039999999999999925,0.038999999999999924,3,0.25,
s=+0.0025|fill,0.0025,fill,HEMI_USDT_PERP,做空,1787858400000,2026-08-28 03:20,0.01009,0.010115225,0.009710616,0.01062098625,1787861100000,2026-08-28 04:05,0.009710616,止盈,False,False,0.040000000000000036,0.039000000000000035,9,0.75,
s=+0.0025|fill,0.0025,fill,HEMI_USDT_PERP,做空,1789403400000,2026-09-15 00:30,0.00705,0.007067624999999999,0.006784919999999999,0.00742100625,1789403700000,2026-09-15 00:35,0.006784919999999999,止盈,False,False,0.040000000000000036,0.039000000000000035,1,0.08333333333333333,
s=+0.0025|fill,0.0025,fill,IDOL_USDT_PERP,做空,1789473300000,2026-09-15 19:55,0.01197,0.011999925,0.011519927999999999,0.01259992125,1789473900000,2026-09-15 20:05,0.011519927999999999,止盈,False,False,0.04000000000000015,0.039000000000000146,2,0.16666666666666666,
s=+0.0025|fill,0.0025,fill,IDOL_USDT_PERP,做空,1789478400000,2026-09-15 21:20,0.0114,0.0114285,0.01097136,0.011999925,1789479000000,2026-09-15 21:30,0.01097136,止盈,False,False,0.040000000000000036,0.039000000000000035,2,0.16666666666666666,
s=+0.0025|fill,0.0025,fill,IOST_USDT_PERP,做空,1788763500000,2026-09-07 14:45,0.000892,0.00089423,0.0008584608,0.0009389415000000001,1788764100000,2026-09-07 14:55,0.0008584608,止盈,False,False,0.040000000000000036,0.039000000000000035,2,0.16666666666666666,
s=+0.0025|fill,0.0025,fill,KAT_USDT_PERP,做空,1788925200000,2026-09-09 11:40,0.006139,0.0061543475,0.005908173599999999,0.006462064875,1788926700000,2026-09-09 12:05,0.005908173599999999,止盈,False,False,0.040000000000000036,0.039000000000000035,5,0.4166666666666667,
s=+0.0025|fill,0.0025,fill,KERNEL_USDT_PERP,做空,1787824800000,2026-08-27 18:00,0.04664,0.046756599999999995,0.04488633599999999,0.049094429999999994,1787825100000,2026-08-27 18:05,0.04488633599999999,止盈,False,False,0.040000000000000036,0.039000000000000035,1,0.08333333333333333,
s=+0.0025|fill,0.0025,fill,LAB_USDT_PERP,做空,1789122000000,2026-09-11 18:20,0.05873,0.058876824999999994,0.056521751999999995,0.061820666249999996,1789123500000,2026-09-11 18:45,0.061820666249999996,止損,False,False,-0.050000000000000044,-0.051000000000000045,5,0.4166666666666667,
s=+0.0025|fill,0.0025,fill,LAYER_USDT_PERP,做空,1788710400000,2026-09-07 00:00,0.0881,0.08832024999999999,0.08478743999999999,0.09273626249999999,1788711300000,2026-09-07 00:15,0.08478743999999999,止盈,False,False,0.039999999999999925,0.038999999999999924,3,0.25,
s=+0.0025|fill,0.0025,fill,LA_USDT_PERP,做空,1788312300000,2026-09-02 09:25,0.06491,0.065072275,0.062469383999999996,0.06832588875000001,1788319200000,2026-09-02 11:20,0.062469383999999996,止盈,False,False,0.040000000000000036,0.039000000000000035,23,1.9166666666666667,
s=+0.0025|fill,0.0025,fill,LIGHT_USDT_PERP,做空,1787730600000,2026-08-26 15:50,0.1766,0.1770415,0.16995983999999997,0.185893575,1787736300000,2026-08-26 17:25,0.16995983999999997,止盈,False,False,0.04000000000000015,0.039000000000000146,19,1.5833333333333333,
s=+0.0025|fill,0.0025,fill,LIGHT_USDT_PERP,做空,1787909400000,2026-08-28 17:30,0.2318,0.2323795,0.22308431999999997,0.243998475,1787910900000,2026-08-28 17:55,0.22308431999999997,止盈,False,False,0.040000000000000036,0.039000000000000035,5,0.4166666666666667,
s=+0.0025|fill,0.0025,fill,LSK_USDT_PERP,做空,1787754600000,2026-08-26 22:30,0.112,0.11227999999999999,0.10778879999999999,0.117894,1787755200000,2026-08-26 22:40,0.10778879999999999,止盈,False,False,0.040000000000000036,0.039000000000000035,2,0.16666666666666666,
s=+0.0025|fill,0.0025,fill,LUNA2_USDT_PERP,做空,1788782700000,2026-09-07 20:05,0.05437,0.054505925,0.052325687999999995,0.05723122125,1788784500000,2026-09-07 20:35,0.052325687999999995,止盈,False,False,0.040000000000000036,0.039000000000000035,6,0.5,
s=+0.0025|fill,0.0025,fill,MAGMA_USDT_PERP,做空,1787344200000,2026-08-22 04:30,0.32043,0.321231075,0.30838183199999997,0.33729262875,1787345700000,2026-08-22 04:55,0.30838183199999997,止盈,False,False,0.040000000000000036,0.039000000000000035,5,0.4166666666666667,
s=+0.0025|fill,0.0025,fill,MAGMA_USDT_PERP,做空,1789323300000,2026-09-14 02:15,0.26632,0.2669858,0.256306368,0.28033509,1789324500000,2026-09-14 02:35,0.28033509,止損,False,False,-0.050000000000000044,-0.051000000000000045,4,0.3333333333333333,
s=+0.0025|fill,0.0025,fill,MANTRA_USDT_PERP,做空,1787903400000,2026-08-28 15:50,0.00476,0.0047719,0.0045810239999999995,0.005010495,1787905500000,2026-08-28 16:25,0.0045810239999999995,止盈,False,False,0.040000000000000036,0.039000000000000035,7,0.5833333333333334,
s=+0.0025|fill,0.0025,fill,MELANIA_USDT_PERP,做空,1787371800000,2026-08-22 12:10,0.1263,0.12661575,0.12155112,0.13294653750000002,1787373300000,2026-08-22 12:35,0.13294653750000002,止損,False,False,-0.050000000000000044,-0.051000000000000045,5,0.4166666666666667,
s=+0.0025|fill,0.0025,fill,MOODENG_USDT_PERP,做空,1788629100000,2026-09-06 01:25,0.04783,0.047949574999999994,0.046031591999999996,0.050347053749999995,1788630300000,2026-09-06 01:45,0.046031591999999996,止盈,False,False,0.039999999999999925,0.038999999999999924,4,0.3333333333333333,
s=+0.0025|fill,0.0025,fill,MOODENG_USDT_PERP,做空,1789621200000,2026-09-17 13:00,0.04393,0.044039825,0.042278232,0.04624181625,1789622100000,2026-09-17 13:15,0.042278232,止盈,False,False,0.039999999999999925,0.038999999999999924,3,0.25,
s=+0.0025|fill,0.0025,fill,MOVE_USDT_PERP,做空,1787371500000,2026-08-22 12:05,0.00853,0.008551324999999999,0.008209271999999998,0.008978891249999999,1787374200000,2026-08-22 12:50,0.008978891249999999,止損,False,False,-0.050000000000000044,-0.051000000000000045,9,0.75,
s=+0.0025|fill,0.0025,fill,MOVR_USDT_PERP,做空,1786800000000,2026-08-15 21:20,0.985,0.9874624999999999,0.9479639999999999,1.036835625,1786800900000,2026-08-15 21:35,0.9479639999999999,止盈,False,False,0.040000000000000036,0.039000000000000035,3,0.25,
s=+0.0025|fill,0.0025,fill,MOVR_USDT_PERP,做空,1787802900000,2026-08-27 11:55,0.799,0.8009975,0.7689576,0.841047375,1787803500000,2026-08-27 12:05,0.841047375,止損,False,False,-0.050000000000000044,-0.051000000000000045,2,0.16666666666666666,
s=+0.0025|fill,0.0025,fill,MOVR_USDT_PERP,做空,1787807400000,2026-08-27 13:10,0.869,0.8711724999999999,0.8363255999999999,0.914731125,1787807700000,2026-08-27 13:15,0.8363255999999999,止盈,False,False,0.040000000000000036,0.039000000000000035,1,0.08333333333333333,
s=+0.0025|fill,0.0025,fill,MUBARAK_USDT_PERP,做空,1788363600000,2026-09-02 23:40,0.02662,0.02668655,0.025619087999999998,0.0280208775,1788365100000,2026-09-03 00:05,0.0280208775,止損,False,False,-0.050000000000000044,-0.051000000000000045,5,0.4166666666666667,
s=+0.0025|fill,0.0025,fill,NAORIS_USDT_PERP,做空,1788591000000,2026-09-05 14:50,0.03141,0.031488524999999996,0.030228983999999997,0.03306295125,1788592200000,2026-09-05 15:10,0.030228983999999997,止盈,False,False,0.040000000000000036,0.039000000000000035,4,0.3333333333333333,
s=+0.0025|fill,0.0025,fill,NAORIS_USDT_PERP,做空,1788691200000,2026-09-06 18:40,0.03484,0.0349271,0.033530016,0.03667345500000001,1788698100000,2026-09-06 20:35,0.03667345500000001,止損,False,False,-0.050000000000000044,-0.051000000000000045,23,1.9166666666666667,
s=+0.0025|fill,0.0025,fill,NOM_USDT_PERP,做空,1788576000000,2026-09-05 10:40,0.001789,0.0017934725,0.0017217335999999998,0.001883146125,1788577500000,2026-09-05 11:05,0.001883146125,止損,False,False,-0.050000000000000044,-0.051000000000000045,5,0.4166666666666667,
s=+0.0025|fill,0.0025,fill,NOM_USDT_PERP,做空,1788586800000,2026-09-05 13:40,0.002085,0.0020902125,0.002006604,0.002194723125,1788588000000,2026-09-05 14:00,0.002006604,止盈,False,False,0.039999999999999925,0.038999999999999924,4,0.3333333333333333,
s=+0.0025|fill,0.0025,fill,OG_USDT_PERP,做空,1787472300000,2026-08-23 16:05,3.071,3.0786775,2.9555304,3.2326113750000003,1787474100000,2026-08-23 16:35,2.9555304,止盈,False,False,0.040000000000000036,0.039000000000000035,6,0.5,
s=+0.0025|fill,0.0025,fill,ONG_USDT_PERP,做空,1786929900000,2026-08-17 09:25,0.06165,0.061804125,0.059331959999999996,0.06489433125,1786930200000,2026-08-17 09:30,0.059331959999999996,止盈,False,False,0.040000000000000036,0.039000000000000035,1,0.08333333333333333,
s=+0.0025|fill,0.0025,fill,ONG_USDT_PERP,做空,1787232900000,2026-08-20 21:35,0.06947,0.069643675,0.066857928,0.07312585875000001,1787233500000,2026-08-20 21:45,0.07312585875000001,止損,False,False,-0.050000000000000044,-0.051000000000000045,2,0.16666666666666666,
s=+0.0025|fill,0.0025,fill,ONG_USDT_PERP,做空,1787237700000,2026-08-20 22:55,0.08127,0.081473175,0.07821424799999999,0.08554683375,1787239800000,2026-08-20 23:30,0.07821424799999999,止盈,False,False,0.04000000000000015,0.039000000000000146,7,0.5833333333333334,
s=+0.0025|fill,0.0025,fill,ONT_USDT_PERP,做空,1787258100000,2026-08-21 04:35,0.0544,0.054535999999999994,0.052354559999999994,0.057262799999999996,1787258400000,2026-08-21 04:40,0.057262799999999996,止損,False,False,-0.050000000000000044,-0.051000000000000045,1,0.08333333333333333,
s=+0.0025|fill,0.0025,fill,ONT_USDT_PERP,做空,1787262000000,2026-08-21 05:40,0.0513,0.051428249999999995,0.04937111999999999,0.0539996625,1787263500000,2026-08-21 06:05,0.04937111999999999,止盈,False,False,0.040000000000000036,0.039000000000000035,5,0.4166666666666667,
s=+0.0025|fill,0.0025,fill,ON_USDT_PERP,做空,1788861900000,2026-09-08 18:05,0.211,0.21152749999999998,0.20306639999999998,0.22210387499999998,1788862800000,2026-09-08 18:20,0.20306639999999998,止盈,False,False,0.040000000000000036,0.039000000000000035,3,0.25,
s=+0.0025|fill,0.0025,fill,ORCA_USDT_PERP,做空,1788745800000,2026-09-07 09:50,1.642,1.6461049999999997,1.5802607999999996,1.7284102499999998,1788751800000,2026-09-07 11:30,1.5802607999999996,止盈,False,False,0.040000000000000036,0.039000000000000035,20,1.6666666666666667,
s=+0.0025|fill,0.0025,fill,PHA_USDT_PERP,做空,1788972600000,2026-09-10 00:50,0.03342,0.03350355,0.032163408,0.0351787275,1788973800000,2026-09-10 01:10,0.032163408,止盈,False,False,0.040000000000000036,0.039000000000000035,4,0.3333333333333333,
s=+0.0025|fill,0.0025,fill,PIEVERSE_USDT_PERP,做空,1787306700000,2026-08-21 18:05,1.1295,1.1323237499999999,1.0870307999999997,1.1889399374999998,1787310300000,2026-08-21 19:05,1.0870307999999997,止盈,False,False,0.04000000000000015,0.039000000000000146,12,1.0,
s=+0.0025|fill,0.0025,fill,PIEVERSE_USDT_PERP,做空,1788789300000,2026-09-07 21:55,1.3018,1.3050545,1.25285232,1.3703072250000001,1788792000000,2026-09-07 22:40,1.25285232,止盈,False,False,0.040000000000000036,0.039000000000000035,9,0.75,
s=+0.0025|fill,0.0025,fill,PIXEL_USDT_PERP,做空,1786865400000,2026-08-16 15:30,0.00611,0.0061252749999999995,0.005880264,0.00643153875,1786865700000,2026-08-16 15:35,0.005880264,止盈,False,False,0.039999999999999925,0.038999999999999924,1,0.08333333333333333,
s=+0.0025|fill,0.0025,fill,PORTAL_USDT_PERP,做空,1786885200000,2026-08-16 21:00,0.01597,0.016009925,0.015369528,0.016810421250000002,1786886400000,2026-08-16 21:20,0.015369528,止盈,False,False,0.040000000000000036,0.039000000000000035,4,0.3333333333333333,
s=+0.0025|fill,0.0025,fill,PORTAL_USDT_PERP,做空,1787544900000,2026-08-24 12:15,0.01602,0.01606005,0.015417647999999999,0.0168630525,1787545500000,2026-08-24 12:25,0.015417647999999999,止盈,False,False,0.040000000000000036,0.039000000000000035,2,0.16666666666666666,
s=+0.0025|fill,0.0025,fill,PORTAL_USDT_PERP,做空,1787721000000,2026-08-26 13:10,0.01896,0.0190074,0.018247104,0.019957770000000003,1787722200000,2026-08-26 13:30,0.019957770000000003,止損,False,False,-0.050000000000000044,-0.051000000000000045,4,0.3333333333333333,
s=+0.0025|fill,0.0025,fill,PORTAL_USDT_PERP,做空,1788444900000,2026-09-03 22:15,0.01665,0.016691625,0.01602396,0.017526206250000002,1788445200000,2026-09-03 22:20,0.01602396,止盈,False,False,0.040000000000000036,0.039000000000000035,1,0.08333333333333333,
s=+0.0025|fill,0.0025,fill,POWR_USDT_PERP,做空,1789258200000,2026-09-13 08:10,0.06576,0.0659244,0.063287424,0.06922062,1789258500000,2026-09-13 08:15,0.06922062,止損,False,False,-0.050000000000000044,-0.051000000000000045,1,0.08333333333333333,
s=+0.0025|fill,0.0025,fill,POWR_USDT_PERP,做空,1789263000000,2026-09-13 09:30,0.0824,0.082606,0.07930176,0.0867363,1789263300000,2026-09-13 09:35,0.07930176,止盈,False,False,0.040000000000000036,0.039000000000000035,1,0.08333333333333333,
s=+0.0025|fill,0.0025,fill,POWR_USDT_PERP,做空,1789267800000,2026-09-13 10:50,0.08243,0.082636075,0.079330632,0.08676787875000001,1789268100000,2026-09-13 10:55,0.079330632,止盈,False,False,0.040000000000000036,0.039000000000000035,1,0.08333333333333333,
s=+0.0025|fill,0.0025,fill,PROMPT_USDT_PERP,做空,1788000900000,2026-08-29 18:55,0.02727,0.027338175,0.026244648,0.02870508375,1788001200000,2026-08-29 19:00,0.026244648,止盈,False,False,0.040000000000000036,0.039000000000000035,1,0.08333333333333333,
s=+0.0025|fill,0.0025,fill,PROS_USDT_PERP,做空,1788927600000,2026-09-09 12:20,0.5005,0.5017512499999999,0.48168119999999987,0.5268388124999999,1788929100000,2026-09-09 12:45,0.5268388124999999,止損,False,False,-0.050000000000000044,-0.051000000000000045,5,0.4166666666666667,
s=+0.0025|fill,0.0025,fill,PTB_USDT_PERP,做空,1788529800000,2026-09-04 21:50,0.000816,0.0008180399999999999,0.0007853183999999999,0.0008589419999999999,1788530100000,2026-09-04 21:55,0.0007853183999999999,止盈,False,False,0.039999999999999925,0.038999999999999924,1,0.08333333333333333,
s=+0.0025|fill,0.0025,fill,Q_USDT_PERP,做空,1788496200000,2026-09-04 12:30,0.026302,0.026367754999999996,0.025313044799999997,0.027686142749999997,1788496800000,2026-09-04 12:40,0.025313044799999997,止盈,False,False,0.040000000000000036,0.039000000000000035,2,0.16666666666666666,
s=+0.0025|fill,0.0025,fill,RATS_USDT_PERP,做空,1787062500000,2026-08-18 22:15,5.136e-05,5.14884e-05,4.9428864e-05,5.406282e-05,1787064900000,2026-08-18 22:55,5.406282e-05,止損,False,False,-0.050000000000000044,-0.051000000000000045,8,0.6666666666666666,
s=+0.0025|fill,0.0025,fill,RAY_USDT_PERP,做空,1788665400000,2026-09-06 11:30,1.109,1.1117724999999998,1.0673015999999997,1.1673611249999998,1788666900000,2026-09-06 11:55,1.1673611249999998,止損,False,False,-0.050000000000000044,-0.051000000000000045,5,0.4166666666666667,
s=+0.0025|fill,0.0025,fill,RAY_USDT_PERP,做空,1788670500000,2026-09-06 12:55,1.154,1.156885,1.1106095999999999,1.21472925,1788676500000,2026-09-06 14:35,1.1106095999999999,止盈,False,False,0.040000000000000036,0.039000000000000035,20,1.6666666666666667,
s=+0.0025|fill,0.0025,fill,REZ_USDT_PERP,做空,1789016700000,2026-09-10 13:05,0.00362,0.0036290499999999996,0.0034838879999999997,0.0038105024999999996,1789017600000,2026-09-10 13:20,0.0038105024999999996,止損,False,False,-0.050000000000000044,-0.051000000000000045,3,0.25,
s=+0.0025|fill,0.0025,fill,REZ_USDT_PERP,做空,1789287600000,2026-09-13 16:20,0.003949,0.0039588725,0.0038005176,0.004156816125000001,1789289100000,2026-09-13 16:45,0.0038005176,止盈,False,False,0.040000000000000036,0.039000000000000035,5,0.4166666666666667,
s=+0.0025|fill,0.0025,fill,RE_USDT_PERP,做空,1787158200000,2026-08-20 00:50,0.4973,0.49854325,0.47860152,0.5234704125,1787166300000,2026-08-20 03:05,0.5234704125,止損,False,False,-0.050000000000000044,-0.051000000000000045,27,2.25,
s=+0.0025|fill,0.0025,fill,RE_USDT_PERP,做空,1787363100000,2026-08-22 09:45,0.6057,0.60721425,0.5829256799999999,0.6375749625,1787364600000,2026-08-22 10:10,0.5829256799999999,止盈,False,False,0.04000000000000015,0.039000000000000146,5,0.4166666666666667,
s=+0.0025|fill,0.0025,fill,SAGA_USDT_PERP,做空,1789058100000,2026-09-11 00:35,0.01776,0.0178044,0.017092224,0.018694620000000002,1789062600000,2026-09-11 01:50,0.017092224,止盈,False,False,0.04000000000000015,0.039000000000000146,15,1.25,
s=+0.0025|fill,0.0025,fill,SIREN_USDT_PERP,做空,1787970900000,2026-08-29 10:35,0.03355,0.033633875,0.03228852,0.035315568750000005,1787972700000,2026-08-29 11:05,0.03228852,止盈,False,False,0.040000000000000036,0.039000000000000035,6,0.5,
s=+0.0025|fill,0.0025,fill,SKR_USDT_PERP,做空,1787875800000,2026-08-28 08:10,0.011903,0.0119327575,0.0114554472,0.012529395375,1787877300000,2026-08-28 08:35,0.0114554472,止盈,False,False,0.040000000000000036,0.039000000000000035,5,0.4166666666666667,
s=+0.0025|fill,0.0025,fill,SKR_USDT_PERP,做空,1787880900000,2026-08-28 09:35,0.011701,0.0117302525,0.011261042399999999,0.012316765125,1787881800000,2026-08-28 09:50,0.012316765125,止損,False,False,-0.050000000000000044,-0.051000000000000045,3,0.25,
s=+0.0025|fill,0.0025,fill,SKR_USDT_PERP,做空,1788069000000,2026-08-30 13:50,0.013432,0.01346558,0.012926956799999998,0.014138859,1788071700000,2026-08-30 14:35,0.012926956799999998,止盈,False,False,0.040000000000000036,0.039000000000000035,9,0.75,
s=+0.0025|fill,0.0025,fill,SOLV_USDT_PERP,做空,1788684000000,2026-09-06 16:40,0.00374,0.00374935,0.0035993759999999996,0.0039368175,1788685800000,2026-09-06 17:10,0.0039368175,止損,False,False,-0.050000000000000044,-0.051000000000000045,6,0.5,
s=+0.0025|fill,0.0025,fill,SPK_USDT_PERP,做空,1787292600000,2026-08-21 14:10,0.01886,0.018907149999999998,0.018150863999999996,0.019852507499999998,1787293200000,2026-08-21 14:20,0.018150863999999996,止盈,False,False,0.04000000000000015,0.039000000000000146,2,0.16666666666666666,
s=+0.0025|fill,0.0025,fill,SPORTFUN_USDT_PERP,做空,1786824600000,2026-08-16 04:10,0.02552,0.0255838,0.024560448,0.02686299,1786825500000,2026-08-16 04:25,0.024560448,止盈,False,False,0.040000000000000036,0.039000000000000035,3,0.25,
s=+0.0025|fill,0.0025,fill,SPORTFUN_USDT_PERP,做空,1786829400000,2026-08-16 05:30,0.02966,0.029734149999999997,0.028544783999999997,0.031220857499999997,1786830300000,2026-08-16 05:45,0.031220857499999997,止損,False,False,-0.050000000000000044,-0.051000000000000045,3,0.25,
s=+0.0025|fill,0.0025,fill,SPORTFUN_USDT_PERP,做空,1786836000000,2026-08-16 07:20,0.03291,0.032992275,0.031672584000000004,0.03464188875,1786838100000,2026-08-16 07:55,0.031672584000000004,止盈,False,False,0.039999999999999925,0.038999999999999924,7,0.5833333333333334,
s=+0.0025|fill,0.0025,fill,SQD_USDT_PERP,做空,1787662500000,2026-08-25 20:55,0.03679,0.036881975000000004,0.035406696,0.038726073750000006,1787664000000,2026-08-25 21:20,0.035406696,止盈,False,False,0.040000000000000036,0.039000000000000035,5,0.4166666666666667,
s=+0.0025|fill,0.0025,fill,SSV_USDT_PERP,做空,1787297100000,2026-08-21 15:25,2.816,2.8230399999999998,2.7101184,2.9641919999999997,1787298000000,2026-08-21 15:40,2.9641919999999997,止損,False,False,-0.050000000000000044,-0.051000000000000045,3,0.25,
s=+0.0025|fill,0.0025,fill,SSV_USDT_PERP,做空,1787301600000,2026-08-21 16:40,2.839,2.8460975,2.7322536,2.988402375,1787372400000,2026-08-22 12:20,2.988402375,止損,False,False,-0.050000000000000044,-0.051000000000000045,236,19.666666666666668,
s=+0.0025|fill,0.0025,fill,STABLE_USDT_PERP,做空,1787265000000,2026-08-21 06:30,0.03199,0.032069974999999994,0.030787175999999992,0.033673473749999995,1787283900000,2026-08-21 11:45,0.030787175999999992,止盈,False,False,0.040000000000000036,0.039000000000000035,63,5.25,
s=+0.0025|fill,0.0025,fill,STAR_USDT_PERP,做空,1786962600000,2026-08-17 18:30,0.12102,0.12132255,0.116469648,0.12738867750000002,1786969800000,2026-08-17 20:30,0.12738867750000002,止損,False,False,-0.050000000000000044,-0.051000000000000045,24,2.0,
s=+0.0025|fill,0.0025,fill,STAR_USDT_PERP,做空,1787113200000,2026-08-19 12:20,0.13046,0.13078615,0.125554704,0.1373254575,1787117400000,2026-08-19 13:30,0.1373254575,止損,False,False,-0.050000000000000044,-0.051000000000000045,14,1.1666666666666667,
s=+0.0025|fill,0.0025,fill,STAR_USDT_PERP,做空,1787316900000,2026-08-21 20:55,0.16075,0.161151875,0.1547058,0.16920946875,1787317200000,2026-08-21 21:00,0.1547058,止盈,False,False,0.039999999999999925,0.038999999999999924,1,0.08333333333333333,
s=+0.0025|fill,0.0025,fill,STAR_USDT_PERP,做空,1787565300000,2026-08-24 17:55,0.14315,0.14350787499999998,0.13776755999999998,0.15068326875,1787566500000,2026-08-24 18:15,0.13776755999999998,止盈,False,False,0.039999999999999925,0.038999999999999924,4,0.3333333333333333,
s=+0.0025|fill,0.0025,fill,SUPER_USDT_PERP,做空,1787577300000,2026-08-24 21:15,0.1293,0.12962325,0.12443831999999999,0.1361044125,1787577600000,2026-08-24 21:20,0.12443831999999999,止盈,False,False,0.040000000000000036,0.039000000000000035,1,0.08333333333333333,
s=+0.0025|fill,0.0025,fill,SUPER_USDT_PERP,做空,1787581200000,2026-08-24 22:20,0.1344,0.134736,0.12934656,0.1414728,1787582400000,2026-08-24 22:40,0.12934656,止盈,False,False,0.039999999999999925,0.038999999999999924,4,0.3333333333333333,
s=+0.0025|fill,0.0025,fill,SUSHI_USDT_PERP,做空,1788630000000,2026-09-06 01:40,0.2401,0.24070025,0.23107223999999998,0.2527352625,1788631500000,2026-09-06 02:05,0.2527352625,止損,False,False,-0.050000000000000044,-0.051000000000000045,5,0.4166666666666667,
s=+0.0025|fill,0.0025,fill,SUSHI_USDT_PERP,做空,1788636300000,2026-09-06 03:25,0.2775,0.27819375,0.267066,0.2921034375,1788637200000,2026-09-06 03:40,0.267066,止盈,False,False,0.039999999999999925,0.038999999999999924,3,0.25,
s=+0.0025|fill,0.0025,fill,TAC_USDT_PERP,做空,1787438100000,2026-08-23 06:35,0.001749,0.0017533724999999997,0.0016832375999999997,0.0018410411249999998,1787438700000,2026-08-23 06:45,0.0016832375999999997,止盈,False,False,0.040000000000000036,0.039000000000000035,2,0.16666666666666666,
s=+0.0025|fill,0.0025,fill,TA_USDT_PERP,做空,1789214400000,2026-09-12 20:00,0.06008,0.0602302,0.057820991999999995,0.06324171,1789241100000,2026-09-13 03:25,0.057820991999999995,止盈,False,False,0.040000000000000036,0.039000000000000035,89,7.416666666666667,
s=+0.0025|fill,0.0025,fill,TLM_USDT_PERP,做空,1787670300000,2026-08-25 23:05,0.001672,0.00167618,0.0016091328,0.001759989,1787673900000,2026-08-26 00:05,0.0016091328,止盈,False,False,0.040000000000000036,0.039000000000000035,12,1.0,
s=+0.0025|fill,0.0025,fill,TNSR_USDT_PERP,做空,1788096000000,2026-08-30 21:20,0.04212,0.04222529999999999,0.04053628799999999,0.044336564999999994,1788096300000,2026-08-30 21:25,0.04053628799999999,止盈,False,False,0.04000000000000015,0.039000000000000146,1,0.08333333333333333,
s=+0.0025|fill,0.0025,fill,TRADOOR_USDT_PERP,做空,1788592200000,2026-09-05 15:10,0.7411,0.7429527499999999,0.7132346399999999,0.7801003875,1788592500000,2026-09-05 15:15,0.7801003875,止損,True,False,-0.050000000000000044,-0.051000000000000045,1,0.08333333333333333,同一根同時觸發→保守計止損
s=+0.0025|fill,0.0025,fill,TRB_USDT_PERP,做空,1787365800000,2026-08-22 10:30,21.825,21.8795625,21.004379999999998,22.973540625,1787367600000,2026-08-22 11:00,21.004379999999998,止盈,False,False,0.040000000000000036,0.039000000000000035,6,0.5,
s=+0.0025|fill,0.0025,fill,TREE_USDT_PERP,做空,1787150100000,2026-08-19 22:35,0.04051,0.040611274999999995,0.038986823999999996,0.042641838749999994,1787152500000,2026-08-19 23:15,0.042641838749999994,止損,False,False,-0.050000000000000044,-0.051000000000000045,8,0.6666666666666666,
s=+0.0025|fill,0.0025,fill,TREE_USDT_PERP,做空,1787156100000,2026-08-20 00:15,0.04573,0.045844325,0.044010551999999994,0.04813654125,1787157300000,2026-08-20 00:35,0.044010551999999994,止盈,False,False,0.040000000000000036,0.039000000000000035,4,0.3333333333333333,
s=+0.0025|fill,0.0025,fill,TREE_USDT_PERP,做空,1789172400000,2026-09-12 08:20,0.04535,0.045463375,0.04364484,0.04773654375,1789172700000,2026-09-12 08:25,0.04364484,止盈,False,False,0.040000000000000036,0.039000000000000035,1,0.08333333333333333,
s=+0.0025|fill,0.0025,fill,TRIA_USDT_PERP,做空,1788495300000,2026-09-04 12:15,0.0049,0.00491225,0.004715759999999999,0.0051578625,1788495600000,2026-09-04 12:20,0.004715759999999999,止盈,False,False,0.04000000000000015,0.039000000000000146,1,0.08333333333333333,
s=+0.0025|fill,0.0025,fill,TRIA_USDT_PERP,做空,1788503700000,2026-09-04 14:35,0.00525,0.0052631250000000004,0.0050526,0.005526281250000001,1788506400000,2026-09-04 15:20,0.0050526,止盈,False,False,0.040000000000000036,0.039000000000000035,9,0.75,
s=+0.0025|fill,0.0025,fill,TRUMP_USDT_PERP,做空,1787175000000,2026-08-20 05:30,1.707,1.7112675,1.6428167999999999,1.796830875,1787181600000,2026-08-20 07:20,1.796830875,止損,False,False,-0.050000000000000044,-0.051000000000000045,22,1.8333333333333333,
s=+0.0025|fill,0.0025,fill,US_USDT_PERP,做空,1787325300000,2026-08-21 23:15,0.01978,0.01982945,0.019036271999999996,0.0208209225,1787325600000,2026-08-21 23:20,0.0208209225,止損,False,False,-0.050000000000000044,-0.051000000000000045,1,0.08333333333333333,
s=+0.0025|fill,0.0025,fill,US_USDT_PERP,做空,1787329500000,2026-08-22 00:25,0.02225,0.022305625,0.0214134,0.02342090625,1787330400000,2026-08-22 00:40,0.02342090625,止損,False,False,-0.050000000000000044,-0.051000000000000045,3,0.25,
s=+0.0025|fill,0.0025,fill,WAL_USDT_PERP,做空,1786788900000,2026-08-15 18:15,0.0272,0.027267999999999997,0.026177279999999997,0.028631399999999998,1786791000000,2026-08-15 18:50,0.026177279999999997,止盈,False,False,0.040000000000000036,0.039000000000000035,7,0.5833333333333334,
s=+0.0025|fill,0.0025,fill,XPIN_USDT_PERP,做空,1786950300000,2026-08-17 15:05,0.001551,0.0015548775,0.0014926824,0.0016326213750000001,1786951200000,2026-08-17 15:20,0.0014926824,止盈,False,False,0.039999999999999925,0.038999999999999924,3,0.25,
s=+0.0025|fill,0.0025,fill,XPIN_USDT_PERP,做空,1787291700000,2026-08-21 13:55,0.001328,0.00133132,0.0012780672,0.001397886,1787294700000,2026-08-21 14:45,0.0012780672,止盈,False,False,0.040000000000000036,0.039000000000000035,10,0.8333333333333334,
s=+0.0025|fill,0.0025,fill,XPIN_USDT_PERP,做空,1789367400000,2026-09-14 14:30,0.000886,0.0008882149999999999,0.0008526863999999999,0.00093262575,1789367700000,2026-09-14 14:35,0.00093262575,止損,False,False,-0.050000000000000044,-0.051000000000000045,1,0.08333333333333333,
s=+0.0025|fill,0.0025,fill,XVG_USDT_PERP,做空,1787370900000,2026-08-22 11:55,0.002919,0.0029262975,0.0028092456,0.0030726123750000004,1787371500000,2026-08-22 12:05,0.0028092456,止盈,False,False,0.040000000000000036,0.039000000000000035,2,0.16666666666666666,
s=+0.0025|fill,0.0025,fill,ZEST_USDT_PERP,做空,1787740800000,2026-08-26 18:40,0.16483,0.165242075,0.15863239199999998,0.17350417875,1787743500000,2026-08-26 19:25,0.15863239199999998,止盈,False,False,0.040000000000000036,0.039000000000000035,9,0.75,
s=+0.0025|fill,0.0025,fill,ZEST_USDT_PERP,做空,1788426900000,2026-09-03 17:15,0.15617,0.156560425,0.150298008,0.16438844625000001,1788427200000,2026-09-03 17:20,0.16438844625000001,止損,True,False,-0.050000000000000044,-0.051000000000000045,1,0.08333333333333333,同一根同時觸發→保守計止損
s=+0.0025|fill,0.0025,fill,ZEST_USDT_PERP,做空,1788433500000,2026-09-03 19:05,0.14801,0.148380025,0.142444824,0.15579902625,1788454200000,2026-09-04 00:50,0.15579902625,止損,False,False,-0.050000000000000044,-0.051000000000000045,69,5.75,
s=+0.0025|fill,0.0025,fill,ZKC_USDT_PERP,做空,1788061500000,2026-08-30 11:45,0.049,0.0491225,0.0471576,0.051578625,1788062100000,2026-08-30 11:55,0.0471576,止盈,False,False,0.039999999999999925,0.038999999999999924,2,0.16666666666666666,
s=+0.0025|fill,0.0025,fill,ZKC_USDT_PERP,做空,1788076200000,2026-08-30 15:50,0.0528,0.052932,0.05081472,0.0555786,1788078300000,2026-08-30 16:25,0.05081472,止盈,False,False,0.040000000000000036,0.039000000000000035,7,0.5833333333333334,
s=+0.0025|fill,0.0025,fill,ZKP_USDT_PERP,做空,1788017400000,2026-08-29 23:30,0.05268,0.052811699999999996,0.050699232,0.055452285,1788018000000,2026-08-29 23:40,0.050699232,止盈,False,False,0.040000000000000036,0.039000000000000035,2,0.16666666666666666,
s=+0.0025|fill,0.0025,fill,ZORA_USDT_PERP,做空,1787316300000,2026-08-21 20:45,0.00687,0.006887175,0.006611687999999999,0.00723153375,1787317200000,2026-08-21 21:00,0.00723153375,止損,False,False,-0.050000000000000044,-0.051000000000000045,3,0.25,
s=+0.0025|fill,0.0025,fill,ZORA_USDT_PERP,做空,1787321100000,2026-08-21 22:05,0.00706,0.00707765,0.006794544,0.0074315325,1787323200000,2026-08-21 22:40,0.006794544,止盈,False,False,0.040000000000000036,0.039000000000000035,7,0.5833333333333334,
s=+0.0025|fill,0.0025,fill,ZORA_USDT_PERP,做空,1788124200000,2026-08-31 05:10,0.00815,0.008170374999999999,0.00784356,0.008578893749999998,1788125100000,2026-08-31 05:25,0.008578893749999998,止損,False,False,-0.050000000000000044,-0.051000000000000045,3,0.25,
s=+0.0025|fill,0.0025,fill,ZRO_USDT_PERP,做空,1787665200000,2026-08-25 21:40,1.2411,1.2442027500000001,1.19443464,1.3064128875000003,1787665800000,2026-08-25 21:50,1.19443464,止盈,False,False,0.040000000000000036,0.039000000000000035,2,0.16666666666666666,
s=+0.0025|fill,0.0025,fill,ZRO_USDT_PERP,做空,1787669700000,2026-08-25 22:55,1.2125,1.21553125,1.16691,1.2763078125,1787670900000,2026-08-25 23:15,1.16691,止盈,False,False,0.040000000000000036,0.039000000000000035,4,0.3333333333333333,
s=+0.0025|fill,0.0025,fill,哈基米_USDT_PERP,做空,1789068300000,2026-09-11 03:25,0.03622,0.03631055,0.034858127999999995,0.0381260775,1789069500000,2026-09-11 03:45,0.0381260775,止損,False,False,-0.050000000000000044,-0.051000000000000045,4,0.3333333333333333,
s=+0.0025|fill,0.0025,fill,哈基米_USDT_PERP,做空,1789098300000,2026-09-11 11:45,0.0411,0.041202749999999996,0.039554639999999995,0.0432628875,1789099500000,2026-09-11 12:05,0.039554639999999995,止盈,False,False,0.040000000000000036,0.039000000000000035,4,0.3333333333333333,
s=+0.0025|fill,0.0025,fill,哈基米_USDT_PERP,做空,1789103100000,2026-09-11 13:05,0.04118,0.04128295,0.039631632,0.0433470975,1789103700000,2026-09-11 13:15,0.039631632,止盈,False,False,0.039999999999999925,0.038999999999999924,2,0.16666666666666666,
s=+0.0025|fill,0.0025,fill,我踏马来了_USDT_PERP,做空,1788010200000,2026-08-29 21:30,0.014341,0.014376852499999999,0.013801778399999999,0.015095695125,1788010500000,2026-08-29 21:35,0.013801778399999999,止盈,False,False,0.040000000000000036,0.039000000000000035,1,0.08333333333333333,
s=+0.0025|fill,0.0025,fill,我踏马来了_USDT_PERP,做空,1789083600000,2026-09-11 07:40,0.012087,0.0121172175,0.011632528799999998,0.012723078375,1789094100000,2026-09-11 10:35,0.012723078375,止損,False,False,-0.050000000000000044,-0.051000000000000045,35,2.9166666666666665,
s=+0.0025|fill,0.0025,fill,我踏马来了_USDT_PERP,做空,1789190100000,2026-09-12 13:15,0.015,0.015037499999999999,0.014435999999999997,0.015789374999999998,1789190400000,2026-09-12 13:20,0.014435999999999997,止盈,False,False,0.04000000000000015,0.039000000000000146,1,0.08333333333333333,
s=+0.0000|signal,0.0,signal,0G_USDT_PERP,做空,1788174300000,2026-08-31 19:05,0.2285,0.2285,0.21936,0.23992500000000003,1788177900000,2026-08-31 20:05,0.21936,止盈,False,False,0.040000000000000036,0.039000000000000035,12,1.0,
s=+0.0000|signal,0.0,signal,4_USDT_PERP,做空,1787999100000,2026-08-29 18:25,0.01703,0.01703,0.0163488,0.0178815,1788000600000,2026-08-29 18:50,0.0163488,止盈,False,False,0.040000000000000036,0.039000000000000035,5,0.4166666666666667,
s=+0.0000|signal,0.0,signal,4_USDT_PERP,做空,1788539700000,2026-09-05 00:35,0.01808,0.01808,0.0173568,0.018984,1788540300000,2026-09-05 00:45,0.018984,止損,False,False,-0.050000000000000044,-0.051000000000000045,2,0.16666666666666666,
s=+0.0000|signal,0.0,signal,4_USDT_PERP,做空,1788544500000,2026-09-05 01:55,0.02088,0.02088,0.020044799999999998,0.021924,1788545700000,2026-09-05 02:15,0.021924,止損,False,False,-0.050000000000000044,-0.051000000000000045,4,0.3333333333333333,
s=+0.0000|signal,0.0,signal,4_USDT_PERP,做空,1788549300000,2026-09-05 03:15,0.02226,0.02226,0.0213696,0.023372999999999998,1788550200000,2026-09-05 03:30,0.0213696,止盈,False,False,0.040000000000000036,0.039000000000000035,3,0.25,
s=+0.0000|signal,0.0,signal,4_USDT_PERP,做空,1788777900000,2026-09-07 18:45,0.02664,0.02664,0.0255744,0.027972,1788779100000,2026-09-07 19:05,0.0255744,止盈,False,False,0.040000000000000036,0.039000000000000035,4,0.3333333333333333,
s=+0.0000|signal,0.0,signal,ACE_USDT_PERP,做空,1788265800000,2026-09-01 20:30,0.18806,0.18806,0.1805376,0.19746300000000003,1788266700000,2026-09-01 20:45,0.1805376,止盈,False,False,0.040000000000000036,0.039000000000000035,3,0.25,
s=+0.0000|signal,0.0,signal,AGT_USDT_PERP,做空,1788193800000,2026-09-01 00:30,0.017237,0.017237,0.01654752,0.01809885,1788194100000,2026-09-01 00:35,0.01654752,止盈,False,False,0.039999999999999925,0.038999999999999924,1,0.08333333333333333,
s=+0.0000|signal,0.0,signal,AGT_USDT_PERP,做空,1788198600000,2026-09-01 01:50,0.017307,0.017307,0.01661472,0.01817235,1788212100000,2026-09-01 05:35,0.01661472,止盈,False,False,0.040000000000000036,0.039000000000000035,45,3.75,
s=+0.0000|signal,0.0,signal,AGT_USDT_PERP,做空,1788236400000,2026-09-01 12:20,0.018968,0.018968,0.018209279999999998,0.0199164,1788236700000,2026-09-01 12:25,0.018209279999999998,止盈,False,False,0.040000000000000036,0.039000000000000035,1,0.08333333333333333,
s=+0.0000|signal,0.0,signal,AIN_USDT_PERP,做空,1789365000000,2026-09-14 13:50,0.10972,0.10972,0.1053312,0.115206,1789365600000,2026-09-14 14:00,0.1053312,止盈,False,False,0.040000000000000036,0.039000000000000035,2,0.16666666666666666,
s=+0.0000|signal,0.0,signal,AIN_USDT_PERP,做空,1789369200000,2026-09-14 15:00,0.10454,0.10454,0.10035839999999999,0.109767,1789371000000,2026-09-14 15:30,0.10035839999999999,止盈,False,False,0.040000000000000036,0.039000000000000035,6,0.5,
s=+0.0000|signal,0.0,signal,ALCH_USDT_PERP,做空,1787734500000,2026-08-26 16:55,0.03262,0.03262,0.0313152,0.034251000000000004,1787734800000,2026-08-26 17:00,0.0313152,止盈,False,False,0.040000000000000036,0.039000000000000035,1,0.08333333333333333,
s=+0.0000|signal,0.0,signal,ANIME_USDT_PERP,做空,1789024500000,2026-09-10 15:15,0.003552,0.003552,0.00340992,0.0037296,1789025400000,2026-09-10 15:30,0.00340992,止盈,False,False,0.040000000000000036,0.039000000000000035,3,0.25,
s=+0.0000|signal,0.0,signal,APR_USDT_PERP,做空,1787060700000,2026-08-18 21:45,0.2187,0.2187,0.209952,0.229635,1787061300000,2026-08-18 21:55,0.209952,止盈,False,False,0.040000000000000036,0.039000000000000035,2,0.16666666666666666,
s=+0.0000|signal,0.0,signal,APR_USDT_PERP,做空,1788454200000,2026-09-04 00:50,0.269,0.269,0.25824,0.28245000000000003,1788454500000,2026-09-04 00:55,0.25824,止盈,False,False,0.039999999999999925,0.038999999999999924,1,0.08333333333333333,
s=+0.0000|signal,0.0,signal,APR_USDT_PERP,做空,1788463200000,2026-09-04 03:20,0.2691,0.2691,0.258336,0.282555,1788464100000,2026-09-04 03:35,0.282555,止損,False,False,-0.050000000000000044,-0.051000000000000045,3,0.25,
s=+0.0000|signal,0.0,signal,APR_USDT_PERP,做空,1788468300000,2026-09-04 04:45,0.27595,0.27595,0.264912,0.2897475,1788475200000,2026-09-04 06:40,0.264912,止盈,False,False,0.039999999999999925,0.038999999999999924,23,1.9166666666666667,
s=+0.0000|signal,0.0,signal,ASTR_USDT_PERP,做空,1789434300000,2026-09-15 09:05,0.006865,0.006865,0.0065904,0.00720825,1789434600000,2026-09-15 09:10,0.00720825,止損,False,False,-0.050000000000000044,-0.051000000000000045,1,0.08333333333333333,
s=+0.0000|signal,0.0,signal,ASTR_USDT_PERP,做空,1789438800000,2026-09-15 10:20,0.007216,0.007216,0.00692736,0.007576800000000001,1789439100000,2026-09-15 10:25,0.007576800000000001,止損,False,False,-0.050000000000000044,-0.051000000000000045,1,0.08333333333333333,
s=+0.0000|signal,0.0,signal,AXL_USDT_PERP,做空,1789452900000,2026-09-15 14:15,0.0529,0.0529,0.050784,0.055545000000000004,1789453500000,2026-09-15 14:25,0.050784,止盈,False,False,0.040000000000000036,0.039000000000000035,2,0.16666666666666666,
s=+0.0000|signal,0.0,signal,BAND_USDT_PERP,做空,1788025200000,2026-08-30 01:40,0.201,0.201,0.19296,0.21105000000000002,1788028500000,2026-08-30 02:35,0.19296,止盈,False,False,0.04000000000000015,0.039000000000000146,11,0.9166666666666666,
s=+0.0000|signal,0.0,signal,BAS_USDT_PERP,做空,1787743500000,2026-08-26 19:25,0.026397,0.026397,0.025341119999999998,0.02771685,1787753700000,2026-08-26 22:15,0.025341119999999998,止盈,False,False,0.040000000000000036,0.039000000000000035,34,2.8333333333333335,
s=+0.0000|signal,0.0,signal,BAS_USDT_PERP,做空,1787912100000,2026-08-28 18:15,0.032049,0.032049,0.03076704,0.03365145,1787912700000,2026-08-28 18:25,0.03076704,止盈,False,False,0.040000000000000036,0.039000000000000035,2,0.16666666666666666,
s=+0.0000|signal,0.0,signal,BB_USDT_PERP,做空,1787304300000,2026-08-21 17:25,0.01309,0.01309,0.012566399999999998,0.0137445,1787304600000,2026-08-21 17:30,0.0137445,止損,False,False,-0.050000000000000044,-0.051000000000000045,1,0.08333333333333333,
s=+0.0000|signal,0.0,signal,BEAMX_USDT_PERP,做空,1787821200000,2026-08-27 17:00,0.002139,0.002139,0.0020534399999999997,0.00224595,1787822100000,2026-08-27 17:15,0.0020534399999999997,止盈,False,False,0.040000000000000036,0.039000000000000035,3,0.25,
s=+0.0000|signal,0.0,signal,BICO_USDT_PERP,做空,1787745600000,2026-08-26 20:00,0.02381,0.02381,0.0228576,0.025000500000000002,1787745900000,2026-08-26 20:05,0.0228576,止盈,False,False,0.04000000000000015,0.039000000000000146,1,0.08333333333333333,
s=+0.0000|signal,0.0,signal,BICO_USDT_PERP,做空,1787757900000,2026-08-26 23:25,0.02631,0.02631,0.025257599999999998,0.0276255,1787758800000,2026-08-26 23:40,0.025257599999999998,止盈,False,False,0.040000000000000036,0.039000000000000035,3,0.25,
s=+0.0000|signal,0.0,signal,BLESS_USDT_PERP,做空,1787321700000,2026-08-21 22:15,0.00862,0.00862,0.008275199999999998,0.009051,1787322300000,2026-08-21 22:25,0.008275199999999998,止盈,False,False,0.04000000000000015,0.039000000000000146,2,0.16666666666666666,
s=+0.0000|signal,0.0,signal,BLUR_USDT_PERP,做空,1789140000000,2026-09-11 23:20,0.02085,0.02085,0.020016,0.021892500000000002,1789140900000,2026-09-11 23:35,0.020016,止盈,False,False,0.040000000000000036,0.039000000000000035,3,0.25,
s=+0.0000|signal,0.0,signal,BR_USDT_PERP,做空,1789358100000,2026-09-14 11:55,0.36686,0.36686,0.3521856,0.385203,1789358400000,2026-09-14 12:00,0.385203,止損,False,False,-0.050000000000000044,-0.051000000000000045,1,0.08333333333333333,
s=+0.0000|signal,0.0,signal,BTR_USDT_PERP,做空,1787553000000,2026-08-24 14:30,0.03322,0.03322,0.0318912,0.034881,1787553900000,2026-08-24 14:45,0.034881,止損,False,False,-0.050000000000000044,-0.051000000000000045,3,0.25,
s=+0.0000|signal,0.0,signal,BTR_USDT_PERP,做空,1787557800000,2026-08-24 15:50,0.03466,0.03466,0.0332736,0.036393,1787559000000,2026-08-24 16:10,0.036393,止損,False,False,-0.050000000000000044,-0.051000000000000045,4,0.3333333333333333,
s=+0.0000|signal,0.0,signal,BTR_USDT_PERP,做空,1787716800000,2026-08-26 12:00,0.04071,0.04071,0.0390816,0.042745500000000006,1787717100000,2026-08-26 12:05,0.042745500000000006,止損,False,False,-0.050000000000000044,-0.051000000000000045,1,0.08333333333333333,
s=+0.0000|signal,0.0,signal,BTW_USDT_PERP,做空,1789302300000,2026-09-13 20:25,0.699394,0.699394,0.6714182399999999,0.7343637,1789303800000,2026-09-13 20:50,0.6714182399999999,止盈,False,False,0.040000000000000036,0.039000000000000035,5,0.4166666666666667,
s=+0.0000|signal,0.0,signal,BULLA_USDT_PERP,做空,1787003400000,2026-08-18 05:50,0.02062,0.02062,0.0197952,0.021651,1787003700000,2026-08-18 05:55,0.0197952,止盈,False,False,0.040000000000000036,0.039000000000000035,1,0.08333333333333333,
s=+0.0000|signal,0.0,signal,B_USDT_PERP,做空,1788589500000,2026-09-05 14:25,0.2168,0.2168,0.20812799999999998,0.22764,1788589800000,2026-09-05 14:30,0.20812799999999998,止盈,False,False,0.040000000000000036,0.039000000000000035,1,0.08333333333333333,
s=+0.0000|signal,0.0,signal,B_USDT_PERP,做空,1788593400000,2026-09-05 15:30,0.1992,0.1992,0.19123199999999999,0.20915999999999998,1788601200000,2026-09-05 17:40,0.19123199999999999,止盈,False,False,0.040000000000000036,0.039000000000000035,26,2.1666666666666665,
s=+0.0000|signal,0.0,signal,CAP_USDT_PERP,做空,1788492000000,2026-09-04 11:20,0.05311,0.05311,0.0509856,0.0557655,1788492600000,2026-09-04 11:30,0.0509856,止盈,False,False,0.039999999999999925,0.038999999999999924,2,0.16666666666666666,
s=+0.0000|signal,0.0,signal,CAP_USDT_PERP,做空,1788773100000,2026-09-07 17:25,0.04997,0.04997,0.0479712,0.0524685,1788779100000,2026-09-07 19:05,0.0479712,止盈,False,False,0.040000000000000036,0.039000000000000035,20,1.6666666666666667,
s=+0.0000|signal,0.0,signal,CAP_USDT_PERP,做空,1789388700000,2026-09-14 20:25,0.06824,0.06824,0.0655104,0.071652,1789389000000,2026-09-14 20:30,0.0655104,止盈,False,False,0.040000000000000036,0.039000000000000035,1,0.08333333333333333,
s=+0.0000|signal,0.0,signal,CASHCAT_USDT_PERP,做空,1789135500000,2026-09-11 22:05,0.1886,0.1886,0.181056,0.19803,1789142100000,2026-09-11 23:55,0.181056,止盈,False,False,0.039999999999999925,0.038999999999999924,22,1.8333333333333333,
s=+0.0000|signal,0.0,signal,CATI_USDT_PERP,做空,1788447000000,2026-09-03 22:50,0.06712,0.06712,0.0644352,0.070476,1788453600000,2026-09-04 00:40,0.0644352,止盈,False,False,0.040000000000000036,0.039000000000000035,22,1.8333333333333333,
s=+0.0000|signal,0.0,signal,CFG_USDT_PERP,做空,1788751800000,2026-09-07 11:30,0.1336,0.1336,0.12825599999999998,0.14028000000000002,1788753000000,2026-09-07 11:50,0.12825599999999998,止盈,False,False,0.04000000000000015,0.039000000000000146,4,0.3333333333333333,
s=+0.0000|signal,0.0,signal,CHIP_USDT_PERP,做空,1788423300000,2026-09-03 16:15,0.05177,0.05177,0.04969919999999999,0.0543585,1788434400000,2026-09-03 19:20,0.04969919999999999,止盈,False,False,0.04000000000000015,0.039000000000000146,37,3.0833333333333335,
s=+0.0000|signal,0.0,signal,CLO_USDT_PERP,做空,1787046900000,2026-08-18 17:55,0.1373,0.1373,0.131808,0.14416500000000002,1787054100000,2026-08-18 19:55,0.14416500000000002,止損,False,False,-0.050000000000000044,-0.051000000000000045,24,2.0,
s=+0.0000|signal,0.0,signal,CLO_USDT_PERP,做空,1787970000000,2026-08-29 10:20,0.1143,0.1143,0.10972799999999999,0.12001500000000001,1787972400000,2026-08-29 11:00,0.12001500000000001,止損,False,False,-0.050000000000000044,-0.051000000000000045,8,0.6666666666666666,
s=+0.0000|signal,0.0,signal,CLO_USDT_PERP,做空,1788320100000,2026-09-02 11:35,0.1616,0.1616,0.155136,0.16968,1788322800000,2026-09-02 12:20,0.16968,止損,False,False,-0.050000000000000044,-0.051000000000000045,9,0.75,
s=+0.0000|signal,0.0,signal,COLLECT_USDT_PERP,做空,1787230800000,2026-08-20 21:00,0.05943,0.05943,0.057052799999999994,0.0624015,1787232300000,2026-08-20 21:25,0.0624015,止損,False,False,-0.050000000000000044,-0.051000000000000045,5,0.4166666666666667,
s=+0.0000|signal,0.0,signal,COLLECT_USDT_PERP,做空,1788603000000,2026-09-05 18:10,0.09433,0.09433,0.09055679999999999,0.0990465,1788603300000,2026-09-05 18:15,0.09055679999999999,止盈,False,False,0.040000000000000036,0.039000000000000035,1,0.08333333333333333,
s=+0.0000|signal,0.0,signal,COTI_USDT_PERP,做空,1787342100000,2026-08-22 03:55,0.01225,0.01225,0.01176,0.0128625,1787343000000,2026-08-22 04:10,0.0128625,止損,False,False,-0.050000000000000044,-0.051000000000000045,3,0.25,
s=+0.0000|signal,0.0,signal,COTI_USDT_PERP,做空,1788690600000,2026-09-06 18:30,0.01845,0.01845,0.017712000000000002,0.0193725,1788694200000,2026-09-06 19:30,0.017712000000000002,止盈,False,False,0.039999999999999925,0.038999999999999924,12,1.0,
s=+0.0000|signal,0.0,signal,CROSS_USDT_PERP,做空,1786845000000,2026-08-16 09:50,0.10204,0.10204,0.0979584,0.10714200000000002,1786851900000,2026-08-16 11:45,0.10714200000000002,止損,False,False,-0.050000000000000044,-0.051000000000000045,23,1.9166666666666667,
s=+0.0000|signal,0.0,signal,CTR_USDT_PERP,做空,1789280700000,2026-09-13 14:25,0.01166,0.01166,0.0111936,0.012243,1789281000000,2026-09-13 14:30,0.0111936,止盈,False,False,0.040000000000000036,0.039000000000000035,1,0.08333333333333333,
s=+0.0000|signal,0.0,signal,CTR_USDT_PERP,做空,1789453200000,2026-09-15 14:20,0.01231,0.01231,0.0118176,0.0129255,1789454400000,2026-09-15 14:40,0.0118176,止盈,False,False,0.040000000000000036,0.039000000000000035,4,0.3333333333333333,
s=+0.0000|signal,0.0,signal,CYS_USDT_PERP,做空,1789168500000,2026-09-12 07:15,0.1593,0.1593,0.15292799999999998,0.167265,1789170000000,2026-09-12 07:40,0.15292799999999998,止盈,False,False,0.04000000000000015,0.039000000000000146,5,0.4166666666666667,
s=+0.0000|signal,0.0,signal,DASH_USDT_PERP,做空,1787367600000,2026-08-22 11:00,46.84,46.84,44.9664,49.182,1787370900000,2026-08-22 11:55,44.9664,止盈,False,False,0.040000000000000036,0.039000000000000035,11,0.9166666666666666,
s=+0.0000|signal,0.0,signal,DOGS_USDT_PERP,做空,1788200100000,2026-09-01 02:15,4.62e-05,4.62e-05,4.4352e-05,4.851e-05,1788207600000,2026-09-01 04:20,4.4352e-05,止盈,False,False,0.040000000000000036,0.039000000000000035,25,2.0833333333333335,
s=+0.0000|signal,0.0,signal,EDEN_USDT_PERP,做空,1786982100000,2026-08-17 23:55,0.05434,0.05434,0.052166399999999995,0.057057000000000004,1786982700000,2026-08-18 00:05,0.052166399999999995,止盈,False,False,0.040000000000000036,0.039000000000000035,2,0.16666666666666666,
s=+0.0000|signal,0.0,signal,EDGE_USDT_PERP,做空,1787213100000,2026-08-20 16:05,0.364,0.364,0.34944,0.3822,1787219700000,2026-08-20 17:55,0.34944,止盈,False,False,0.040000000000000036,0.039000000000000035,22,1.8333333333333333,
s=+0.0000|signal,0.0,signal,ELSA_USDT_PERP,做空,1788569700000,2026-09-05 08:55,0.05706,0.05706,0.054777599999999996,0.059913,1788571800000,2026-09-05 09:30,0.054777599999999996,止盈,False,False,0.040000000000000036,0.039000000000000035,7,0.5833333333333334,
s=+0.0000|signal,0.0,signal,FF_USDT_PERP,做空,1788270000000,2026-09-01 21:40,0.09488,0.09488,0.09108480000000001,0.099624,1788270600000,2026-09-01 21:50,0.099624,止損,False,False,-0.050000000000000044,-0.051000000000000045,2,0.16666666666666666,
s=+0.0000|signal,0.0,signal,FF_USDT_PERP,做空,1788274200000,2026-09-01 22:50,0.10179,0.10179,0.0977184,0.10687950000000002,1788275700000,2026-09-01 23:15,0.0977184,止盈,False,False,0.040000000000000036,0.039000000000000035,5,0.4166666666666667,
s=+0.0000|signal,0.0,signal,FF_USDT_PERP,做空,1789447800000,2026-09-15 12:50,0.15524,0.15524,0.14903039999999998,0.163002,1789448100000,2026-09-15 12:55,0.14903039999999998,止盈,False,False,0.040000000000000036,0.039000000000000035,1,0.08333333333333333,
s=+0.0000|signal,0.0,signal,FHE_USDT_PERP,做空,1786983300000,2026-08-18 00:15,0.03218,0.03218,0.030892799999999998,0.033789,1786983600000,2026-08-18 00:20,0.030892799999999998,止盈,False,False,0.040000000000000036,0.039000000000000035,1,0.08333333333333333,
s=+0.0000|signal,0.0,signal,FLUID_USDT_PERP,做空,1787715900000,2026-08-26 11:45,1.535,1.535,1.4735999999999998,1.61175,1787719200000,2026-08-26 12:40,1.61175,止損,False,False,-0.050000000000000044,-0.051000000000000045,11,0.9166666666666666,
s=+0.0000|signal,0.0,signal,GPS_USDT_PERP,做空,1786941600000,2026-08-17 12:40,0.014967,0.014967,0.014368319999999999,0.01571535,1786942800000,2026-08-17 13:00,0.014368319999999999,止盈,False,False,0.040000000000000036,0.039000000000000035,4,0.3333333333333333,
s=+0.0000|signal,0.0,signal,GRIFFAIN_USDT_PERP,做空,1789197900000,2026-09-12 15:25,0.01287,0.01287,0.012355199999999998,0.0135135,1789201500000,2026-09-12 16:25,0.0135135,止損,False,False,-0.050000000000000044,-0.051000000000000045,12,1.0,
s=+0.0000|signal,0.0,signal,GWEI_USDT_PERP,做空,1787277300000,2026-08-21 09:55,0.02519,0.02519,0.0241824,0.0264495,1787278500000,2026-08-21 10:15,0.0264495,止損,False,False,-0.050000000000000044,-0.051000000000000045,4,0.3333333333333333,
s=+0.0000|signal,0.0,signal,HAEDAL_USDT_PERP,做空,1788856200000,2026-09-08 16:30,0.02249,0.02249,0.0215904,0.0236145,1788859800000,2026-09-08 17:30,0.0215904,止盈,False,False,0.040000000000000036,0.039000000000000035,12,1.0,
s=+0.0000|signal,0.0,signal,HANA_USDT_PERP,做空,1787647500000,2026-08-25 16:45,0.02054,0.02054,0.019718399999999997,0.021567,1787650200000,2026-08-25 17:30,0.021567,止損,False,False,-0.050000000000000044,-0.051000000000000045,9,0.75,
s=+0.0000|signal,0.0,signal,HEMI_USDT_PERP,做空,1787831400000,2026-08-27 19:50,0.00913,0.00913,0.0087648,0.0095865,1787832300000,2026-08-27 20:05,0.0087648,止盈,False,False,0.039999999999999925,0.038999999999999924,3,0.25,
s=+0.0000|signal,0.0,signal,HEMI_USDT_PERP,做空,1787858400000,2026-08-28 03:20,0.01009,0.01009,0.0096864,0.0105945,1787864100000,2026-08-28 04:55,0.0096864,止盈,False,False,0.040000000000000036,0.039000000000000035,19,1.5833333333333333,
s=+0.0000|signal,0.0,signal,HEMI_USDT_PERP,做空,1789403400000,2026-09-15 00:30,0.00705,0.00705,0.006768,0.0074025,1789403700000,2026-09-15 00:35,0.006768,止盈,False,False,0.040000000000000036,0.039000000000000035,1,0.08333333333333333,
s=+0.0000|signal,0.0,signal,IDOL_USDT_PERP,做空,1789473300000,2026-09-15 19:55,0.01197,0.01197,0.0114912,0.0125685,1789473900000,2026-09-15 20:05,0.0114912,止盈,False,False,0.039999999999999925,0.038999999999999924,2,0.16666666666666666,
s=+0.0000|signal,0.0,signal,IDOL_USDT_PERP,做空,1789478400000,2026-09-15 21:20,0.0114,0.0114,0.010944,0.011970000000000001,1789479000000,2026-09-15 21:30,0.010944,止盈,False,False,0.040000000000000036,0.039000000000000035,2,0.16666666666666666,
s=+0.0000|signal,0.0,signal,IOST_USDT_PERP,做空,1788763500000,2026-09-07 14:45,0.000892,0.000892,0.0008563199999999999,0.0009366,1788764100000,2026-09-07 14:55,0.0008563199999999999,止盈,False,False,0.040000000000000036,0.039000000000000035,2,0.16666666666666666,
s=+0.0000|signal,0.0,signal,KAT_USDT_PERP,做空,1788925200000,2026-09-09 11:40,0.006139,0.006139,0.00589344,0.006445950000000001,1788926700000,2026-09-09 12:05,0.00589344,止盈,False,False,0.040000000000000036,0.039000000000000035,5,0.4166666666666667,
s=+0.0000|signal,0.0,signal,KERNEL_USDT_PERP,做空,1787824800000,2026-08-27 18:00,0.04664,0.04664,0.0447744,0.048972,1787825100000,2026-08-27 18:05,0.0447744,止盈,False,False,0.040000000000000036,0.039000000000000035,1,0.08333333333333333,
s=+0.0000|signal,0.0,signal,LAB_USDT_PERP,做空,1789122000000,2026-09-11 18:20,0.05873,0.05873,0.056380799999999995,0.0616665,1789123500000,2026-09-11 18:45,0.0616665,止損,False,False,-0.050000000000000044,-0.051000000000000045,5,0.4166666666666667,
s=+0.0000|signal,0.0,signal,LAYER_USDT_PERP,做空,1788710400000,2026-09-07 00:00,0.0881,0.0881,0.084576,0.092505,1788711300000,2026-09-07 00:15,0.084576,止盈,False,False,0.040000000000000036,0.039000000000000035,3,0.25,
s=+0.0000|signal,0.0,signal,LA_USDT_PERP,做空,1788312300000,2026-09-02 09:25,0.06491,0.06491,0.0623136,0.0681555,1788319200000,2026-09-02 11:20,0.0623136,止盈,False,False,0.040000000000000036,0.039000000000000035,23,1.9166666666666667,
s=+0.0000|signal,0.0,signal,LIGHT_USDT_PERP,做空,1787730600000,2026-08-26 15:50,0.1766,0.1766,0.169536,0.18543,1787736300000,2026-08-26 17:25,0.169536,止盈,False,False,0.040000000000000036,0.039000000000000035,19,1.5833333333333333,
s=+0.0000|signal,0.0,signal,LIGHT_USDT_PERP,做空,1787909400000,2026-08-28 17:30,0.2318,0.2318,0.222528,0.24339000000000002,1787911500000,2026-08-28 18:05,0.222528,止盈,False,False,0.040000000000000036,0.039000000000000035,7,0.5833333333333334,
s=+0.0000|signal,0.0,signal,LSK_USDT_PERP,做空,1787754600000,2026-08-26 22:30,0.112,0.112,0.10752,0.11760000000000001,1787755200000,2026-08-26 22:40,0.10752,止盈,False,False,0.040000000000000036,0.039000000000000035,2,0.16666666666666666,
s=+0.0000|signal,0.0,signal,LUNA2_USDT_PERP,做空,1788782700000,2026-09-07 20:05,0.05437,0.05437,0.0521952,0.05708850000000001,1788784500000,2026-09-07 20:35,0.0521952,止盈,False,False,0.040000000000000036,0.039000000000000035,6,0.5,
s=+0.0000|signal,0.0,signal,MAGMA_USDT_PERP,做空,1787344200000,2026-08-22 04:30,0.32043,0.32043,0.30761279999999996,0.3364515,1787347800000,2026-08-22 05:30,0.30761279999999996,止盈,False,False,0.040000000000000036,0.039000000000000035,12,1.0,
s=+0.0000|signal,0.0,signal,MAGMA_USDT_PERP,做空,1789323300000,2026-09-14 02:15,0.26632,0.26632,0.2556672,0.279636,1789324500000,2026-09-14 02:35,0.279636,止損,False,False,-0.050000000000000044,-0.051000000000000045,4,0.3333333333333333,
s=+0.0000|signal,0.0,signal,MANTRA_USDT_PERP,做空,1787903400000,2026-08-28 15:50,0.00476,0.00476,0.0045696,0.004998000000000001,1787905500000,2026-08-28 16:25,0.0045696,止盈,False,False,0.040000000000000036,0.039000000000000035,7,0.5833333333333334,
s=+0.0000|signal,0.0,signal,MELANIA_USDT_PERP,做空,1787371800000,2026-08-22 12:10,0.1263,0.1263,0.121248,0.132615,1787373300000,2026-08-22 12:35,0.132615,止損,False,False,-0.050000000000000044,-0.051000000000000045,5,0.4166666666666667,
s=+0.0000|signal,0.0,signal,MOODENG_USDT_PERP,做空,1788629100000,2026-09-06 01:25,0.04783,0.04783,0.045916799999999994,0.0502215,1788630300000,2026-09-06 01:45,0.045916799999999994,止盈,False,False,0.040000000000000036,0.039000000000000035,4,0.3333333333333333,
s=+0.0000|signal,0.0,signal,MOODENG_USDT_PERP,做空,1789621200000,2026-09-17 13:00,0.04393,0.04393,0.042172799999999996,0.0461265,1789622100000,2026-09-17 13:15,0.042172799999999996,止盈,False,False,0.040000000000000036,0.039000000000000035,3,0.25,
s=+0.0000|signal,0.0,signal,MOVE_USDT_PERP,做空,1787371500000,2026-08-22 12:05,0.00853,0.00853,0.0081888,0.0089565,1787374200000,2026-08-22 12:50,0.0089565,止損,False,False,-0.050000000000000044,-0.051000000000000045,9,0.75,
s=+0.0000|signal,0.0,signal,MOVR_USDT_PERP,做空,1786800000000,2026-08-15 21:20,0.985,0.985,0.9456,1.0342500000000001,1786800900000,2026-08-15 21:35,0.9456,止盈,False,False,0.040000000000000036,0.039000000000000035,3,0.25,
s=+0.0000|signal,0.0,signal,MOVR_USDT_PERP,做空,1787802900000,2026-08-27 11:55,0.799,0.799,0.76704,0.8389500000000001,1787803500000,2026-08-27 12:05,0.8389500000000001,止損,False,False,-0.050000000000000044,-0.051000000000000045,2,0.16666666666666666,
s=+0.0000|signal,0.0,signal,MOVR_USDT_PERP,做空,1787807400000,2026-08-27 13:10,0.869,0.869,0.83424,0.91245,1787807700000,2026-08-27 13:15,0.83424,止盈,False,False,0.040000000000000036,0.039000000000000035,1,0.08333333333333333,
s=+0.0000|signal,0.0,signal,MUBARAK_USDT_PERP,做空,1788363600000,2026-09-02 23:40,0.02662,0.02662,0.0255552,0.027951000000000004,1788364200000,2026-09-02 23:50,0.027951000000000004,止損,False,False,-0.050000000000000044,-0.051000000000000045,2,0.16666666666666666,
s=+0.0000|signal,0.0,signal,NAORIS_USDT_PERP,做空,1788591000000,2026-09-05 14:50,0.03141,0.03141,0.0301536,0.0329805,1788592200000,2026-09-05 15:10,0.0301536,止盈,False,False,0.040000000000000036,0.039000000000000035,4,0.3333333333333333,
s=+0.0000|signal,0.0,signal,NAORIS_USDT_PERP,做空,1788691200000,2026-09-06 18:40,0.03484,0.03484,0.0334464,0.036582,1788696600000,2026-09-06 20:10,0.036582,止損,False,False,-0.050000000000000044,-0.051000000000000045,18,1.5,
s=+0.0000|signal,0.0,signal,NOM_USDT_PERP,做空,1788576000000,2026-09-05 10:40,0.001789,0.001789,0.00171744,0.00187845,1788577200000,2026-09-05 11:00,0.00187845,止損,False,False,-0.050000000000000044,-0.051000000000000045,4,0.3333333333333333,
s=+0.0000|signal,0.0,signal,NOM_USDT_PERP,做空,1788586800000,2026-09-05 13:40,0.002085,0.002085,0.0020016,0.0021892500000000002,1788588000000,2026-09-05 14:00,0.0020016,止盈,False,False,0.040000000000000036,0.039000000000000035,4,0.3333333333333333,
s=+0.0000|signal,0.0,signal,OG_USDT_PERP,做空,1787472300000,2026-08-23 16:05,3.071,3.071,2.94816,3.2245500000000002,1787474100000,2026-08-23 16:35,2.94816,止盈,False,False,0.040000000000000036,0.039000000000000035,6,0.5,
s=+0.0000|signal,0.0,signal,ONG_USDT_PERP,做空,1786929900000,2026-08-17 09:25,0.06165,0.06165,0.059184,0.06473250000000001,1786930200000,2026-08-17 09:30,0.059184,止盈,False,False,0.040000000000000036,0.039000000000000035,1,0.08333333333333333,
s=+0.0000|signal,0.0,signal,ONG_USDT_PERP,做空,1787232900000,2026-08-20 21:35,0.06947,0.06947,0.0666912,0.07294350000000001,1787233500000,2026-08-20 21:45,0.07294350000000001,止損,False,False,-0.050000000000000044,-0.051000000000000045,2,0.16666666666666666,
s=+0.0000|signal,0.0,signal,ONG_USDT_PERP,做空,1787237700000,2026-08-20 22:55,0.08127,0.08127,0.0780192,0.08533349999999999,1787239800000,2026-08-20 23:30,0.0780192,止盈,False,False,0.039999999999999925,0.038999999999999924,7,0.5833333333333334,
s=+0.0000|signal,0.0,signal,ONT_USDT_PERP,做空,1787258100000,2026-08-21 04:35,0.0544,0.0544,0.05222399999999999,0.05712,1787258400000,2026-08-21 04:40,0.05712,止損,False,False,-0.050000000000000044,-0.051000000000000045,1,0.08333333333333333,
s=+0.0000|signal,0.0,signal,ONT_USDT_PERP,做空,1787262000000,2026-08-21 05:40,0.0513,0.0513,0.04924799999999999,0.053865,1787270700000,2026-08-21 08:05,0.04924799999999999,止盈,False,False,0.04000000000000015,0.039000000000000146,29,2.4166666666666665,
s=+0.0000|signal,0.0,signal,ON_USDT_PERP,做空,1788861900000,2026-09-08 18:05,0.211,0.211,0.20256,0.22155,1788862800000,2026-09-08 18:20,0.20256,止盈,False,False,0.040000000000000036,0.039000000000000035,3,0.25,
s=+0.0000|signal,0.0,signal,ORCA_USDT_PERP,做空,1788745800000,2026-09-07 09:50,1.642,1.642,1.57632,1.7241,1788752400000,2026-09-07 11:40,1.57632,止盈,False,False,0.039999999999999925,0.038999999999999924,22,1.8333333333333333,
s=+0.0000|signal,0.0,signal,PHA_USDT_PERP,做空,1788972600000,2026-09-10 00:50,0.03342,0.03342,0.0320832,0.035091,1788973800000,2026-09-10 01:10,0.0320832,止盈,False,False,0.039999999999999925,0.038999999999999924,4,0.3333333333333333,
s=+0.0000|signal,0.0,signal,PIEVERSE_USDT_PERP,做空,1787306700000,2026-08-21 18:05,1.1295,1.1295,1.08432,1.185975,1787310300000,2026-08-21 19:05,1.08432,止盈,False,False,0.040000000000000036,0.039000000000000035,12,1.0,
s=+0.0000|signal,0.0,signal,PIEVERSE_USDT_PERP,做空,1788789300000,2026-09-07 21:55,1.3018,1.3018,1.249728,1.3668900000000002,1788793800000,2026-09-07 23:10,1.249728,止盈,False,False,0.040000000000000036,0.039000000000000035,15,1.25,
s=+0.0000|signal,0.0,signal,PIXEL_USDT_PERP,做空,1786865400000,2026-08-16 15:30,0.00611,0.00611,0.0058655999999999995,0.0064155,1786865700000,2026-08-16 15:35,0.0058655999999999995,止盈,False,False,0.040000000000000036,0.039000000000000035,1,0.08333333333333333,
s=+0.0000|signal,0.0,signal,PORTAL_USDT_PERP,做空,1786885200000,2026-08-16 21:00,0.01597,0.01597,0.015331200000000001,0.016768500000000002,1786886400000,2026-08-16 21:20,0.015331200000000001,止盈,False,False,0.040000000000000036,0.039000000000000035,4,0.3333333333333333,
s=+0.0000|signal,0.0,signal,PORTAL_USDT_PERP,做空,1787544900000,2026-08-24 12:15,0.01602,0.01602,0.015379199999999999,0.016821,1787545500000,2026-08-24 12:25,0.015379199999999999,止盈,False,False,0.040000000000000036,0.039000000000000035,2,0.16666666666666666,
s=+0.0000|signal,0.0,signal,PORTAL_USDT_PERP,做空,1787721000000,2026-08-26 13:10,0.01896,0.01896,0.018201600000000002,0.019908000000000002,1787722200000,2026-08-26 13:30,0.019908000000000002,止損,False,False,-0.050000000000000044,-0.051000000000000045,4,0.3333333333333333,
s=+0.0000|signal,0.0,signal,PORTAL_USDT_PERP,做空,1788444900000,2026-09-03 22:15,0.01665,0.01665,0.015984,0.0174825,1788445200000,2026-09-03 22:20,0.015984,止盈,False,False,0.040000000000000036,0.039000000000000035,1,0.08333333333333333,
s=+0.0000|signal,0.0,signal,POWR_USDT_PERP,做空,1789258200000,2026-09-13 08:10,0.06576,0.06576,0.0631296,0.069048,1789258500000,2026-09-13 08:15,0.069048,止損,False,False,-0.050000000000000044,-0.051000000000000045,1,0.08333333333333333,
s=+0.0000|signal,0.0,signal,POWR_USDT_PERP,做空,1789263000000,2026-09-13 09:30,0.0824,0.0824,0.079104,0.08652,1789263600000,2026-09-13 09:40,0.079104,止盈,False,False,0.040000000000000036,0.039000000000000035,2,0.16666666666666666,
s=+0.0000|signal,0.0,signal,POWR_USDT_PERP,做空,1789267800000,2026-09-13 10:50,0.08243,0.08243,0.0791328,0.0865515,1789268100000,2026-09-13 10:55,0.0791328,止盈,False,False,0.040000000000000036,0.039000000000000035,1,0.08333333333333333,
s=+0.0000|signal,0.0,signal,PROMPT_USDT_PERP,做空,1788000900000,2026-08-29 18:55,0.02727,0.02727,0.0261792,0.0286335,1788001200000,2026-08-29 19:00,0.0261792,止盈,False,False,0.039999999999999925,0.038999999999999924,1,0.08333333333333333,
s=+0.0000|signal,0.0,signal,PROS_USDT_PERP,做空,1788927600000,2026-09-09 12:20,0.5005,0.5005,0.4804799999999999,0.525525,1788929100000,2026-09-09 12:45,0.525525,止損,False,False,-0.050000000000000044,-0.051000000000000045,5,0.4166666666666667,
s=+0.0000|signal,0.0,signal,PTB_USDT_PERP,做空,1788529800000,2026-09-04 21:50,0.000816,0.000816,0.00078336,0.0008568,1788530100000,2026-09-04 21:55,0.00078336,止盈,False,False,0.040000000000000036,0.039000000000000035,1,0.08333333333333333,
s=+0.0000|signal,0.0,signal,Q_USDT_PERP,做空,1788496200000,2026-09-04 12:30,0.026302,0.026302,0.02524992,0.0276171,1788496800000,2026-09-04 12:40,0.02524992,止盈,False,False,0.040000000000000036,0.039000000000000035,2,0.16666666666666666,
s=+0.0000|signal,0.0,signal,RATS_USDT_PERP,做空,1787062500000,2026-08-18 22:15,5.136e-05,5.136e-05,4.93056e-05,5.3928e-05,1787064900000,2026-08-18 22:55,5.3928e-05,止損,False,False,-0.050000000000000044,-0.051000000000000045,8,0.6666666666666666,
s=+0.0000|signal,0.0,signal,RAY_USDT_PERP,做空,1788665400000,2026-09-06 11:30,1.109,1.109,1.06464,1.16445,1788666600000,2026-09-06 11:50,1.16445,止損,False,False,-0.050000000000000044,-0.051000000000000045,4,0.3333333333333333,
s=+0.0000|signal,0.0,signal,RAY_USDT_PERP,做空,1788670500000,2026-09-06 12:55,1.154,1.154,1.10784,1.2117,1788676500000,2026-09-06 14:35,1.10784,止盈,False,False,0.040000000000000036,0.039000000000000035,20,1.6666666666666667,
s=+0.0000|signal,0.0,signal,REZ_USDT_PERP,做空,1789016700000,2026-09-10 13:05,0.00362,0.00362,0.0034752,0.003801,1789017600000,2026-09-10 13:20,0.003801,止損,False,False,-0.050000000000000044,-0.051000000000000045,3,0.25,
s=+0.0000|signal,0.0,signal,REZ_USDT_PERP,做空,1789287600000,2026-09-13 16:20,0.003949,0.003949,0.0037910400000000003,0.00414645,1789289100000,2026-09-13 16:45,0.0037910400000000003,止盈,False,False,0.040000000000000036,0.039000000000000035,5,0.4166666666666667,
s=+0.0000|signal,0.0,signal,RE_USDT_PERP,做空,1787158200000,2026-08-20 00:50,0.4973,0.4973,0.477408,0.522165,1787166300000,2026-08-20 03:05,0.522165,止損,False,False,-0.050000000000000044,-0.051000000000000045,27,2.25,
s=+0.0000|signal,0.0,signal,RE_USDT_PERP,做空,1787363100000,2026-08-22 09:45,0.6057,0.6057,0.581472,0.635985,1787364600000,2026-08-22 10:10,0.581472,止盈,False,False,0.040000000000000036,0.039000000000000035,5,0.4166666666666667,
s=+0.0000|signal,0.0,signal,SAGA_USDT_PERP,做空,1789058100000,2026-09-11 00:35,0.01776,0.01776,0.0170496,0.018648,1789062600000,2026-09-11 01:50,0.0170496,止盈,False,False,0.040000000000000036,0.039000000000000035,15,1.25,
s=+0.0000|signal,0.0,signal,SIREN_USDT_PERP,做空,1787970900000,2026-08-29 10:35,0.03355,0.03355,0.032208,0.0352275,1787972700000,2026-08-29 11:05,0.032208,止盈,False,False,0.040000000000000036,0.039000000000000035,6,0.5,
s=+0.0000|signal,0.0,signal,SKR_USDT_PERP,做空,1787875800000,2026-08-28 08:10,0.011903,0.011903,0.01142688,0.012498150000000001,1787876700000,2026-08-28 08:25,0.012498150000000001,止損,False,False,-0.050000000000000044,-0.051000000000000045,3,0.25,
s=+0.0000|signal,0.0,signal,SKR_USDT_PERP,做空,1787880600000,2026-08-28 09:30,0.011993,0.011993,0.011513279999999999,0.01259265,1787882100000,2026-08-28 09:55,0.01259265,止損,False,False,-0.050000000000000044,-0.051000000000000045,5,0.4166666666666667,
s=+0.0000|signal,0.0,signal,SKR_USDT_PERP,做空,1788069000000,2026-08-30 13:50,0.013432,0.013432,0.012894719999999998,0.0141036,1788071700000,2026-08-30 14:35,0.012894719999999998,止盈,False,False,0.040000000000000036,0.039000000000000035,9,0.75,
s=+0.0000|signal,0.0,signal,SOLV_USDT_PERP,做空,1788684000000,2026-09-06 16:40,0.00374,0.00374,0.0035903999999999997,0.003927,1788685800000,2026-09-06 17:10,0.003927,止損,False,False,-0.050000000000000044,-0.051000000000000045,6,0.5,
s=+0.0000|signal,0.0,signal,SPK_USDT_PERP,做空,1787292600000,2026-08-21 14:10,0.01886,0.01886,0.018105599999999996,0.019802999999999998,1787293200000,2026-08-21 14:20,0.018105599999999996,止盈,False,False,0.04000000000000015,0.039000000000000146,2,0.16666666666666666,
s=+0.0000|signal,0.0,signal,SPORTFUN_USDT_PERP,做空,1786824600000,2026-08-16 04:10,0.02552,0.02552,0.0244992,0.026796000000000004,1786825500000,2026-08-16 04:25,0.0244992,止盈,False,False,0.040000000000000036,0.039000000000000035,3,0.25,
s=+0.0000|signal,0.0,signal,SPORTFUN_USDT_PERP,做空,1786829400000,2026-08-16 05:30,0.02966,0.02966,0.028473599999999998,0.031143,1786830300000,2026-08-16 05:45,0.031143,止損,False,False,-0.050000000000000044,-0.051000000000000045,3,0.25,
s=+0.0000|signal,0.0,signal,SPORTFUN_USDT_PERP,做空,1786836000000,2026-08-16 07:20,0.03291,0.03291,0.0315936,0.0345555,1786838100000,2026-08-16 07:55,0.0315936,止盈,False,False,0.040000000000000036,0.039000000000000035,7,0.5833333333333334,
s=+0.0000|signal,0.0,signal,SQD_USDT_PERP,做空,1787662500000,2026-08-25 20:55,0.03679,0.03679,0.0353184,0.038629500000000004,1787664000000,2026-08-25 21:20,0.0353184,止盈,False,False,0.040000000000000036,0.039000000000000035,5,0.4166666666666667,
s=+0.0000|signal,0.0,signal,SSV_USDT_PERP,做空,1787297100000,2026-08-21 15:25,2.816,2.816,2.7033599999999995,2.9568,1787298000000,2026-08-21 15:40,2.9568,止損,False,False,-0.050000000000000044,-0.051000000000000045,3,0.25,
s=+0.0000|signal,0.0,signal,SSV_USDT_PERP,做空,1787301600000,2026-08-21 16:40,2.839,2.839,2.72544,2.98095,1787316300000,2026-08-21 20:45,2.98095,止損,False,False,-0.050000000000000044,-0.051000000000000045,49,4.083333333333333,
s=+0.0000|signal,0.0,signal,STABLE_USDT_PERP,做空,1787265000000,2026-08-21 06:30,0.03199,0.03199,0.030710399999999995,0.0335895,1787283900000,2026-08-21 11:45,0.030710399999999995,止盈,False,False,0.040000000000000036,0.039000000000000035,63,5.25,
s=+0.0000|signal,0.0,signal,STAR_USDT_PERP,做空,1786962600000,2026-08-17 18:30,0.12102,0.12102,0.1161792,0.12707100000000002,1786969800000,2026-08-17 20:30,0.12707100000000002,止損,False,False,-0.050000000000000044,-0.051000000000000045,24,2.0,
s=+0.0000|signal,0.0,signal,STAR_USDT_PERP,做空,1787113200000,2026-08-19 12:20,0.13046,0.13046,0.12524159999999998,0.136983,1787117400000,2026-08-19 13:30,0.136983,止損,False,False,-0.050000000000000044,-0.051000000000000045,14,1.1666666666666667,
s=+0.0000|signal,0.0,signal,STAR_USDT_PERP,做空,1787316900000,2026-08-21 20:55,0.16075,0.16075,0.15431999999999998,0.1687875,1787317200000,2026-08-21 21:00,0.15431999999999998,止盈,False,False,0.04000000000000015,0.039000000000000146,1,0.08333333333333333,
s=+0.0000|signal,0.0,signal,STAR_USDT_PERP,做空,1787565300000,2026-08-24 17:55,0.14315,0.14315,0.137424,0.1503075,1787566500000,2026-08-24 18:15,0.137424,止盈,False,False,0.040000000000000036,0.039000000000000035,4,0.3333333333333333,
s=+0.0000|signal,0.0,signal,SUPER_USDT_PERP,做空,1787577300000,2026-08-24 21:15,0.1293,0.1293,0.12412799999999999,0.135765,1787577600000,2026-08-24 21:20,0.12412799999999999,止盈,False,False,0.040000000000000036,0.039000000000000035,1,0.08333333333333333,
s=+0.0000|signal,0.0,signal,SUPER_USDT_PERP,做空,1787581200000,2026-08-24 22:20,0.1344,0.1344,0.129024,0.14112,1787582400000,2026-08-24 22:40,0.129024,止盈,False,False,0.039999999999999925,0.038999999999999924,4,0.3333333333333333,
s=+0.0000|signal,0.0,signal,SUSHI_USDT_PERP,做空,1788630000000,2026-09-06 01:40,0.2401,0.2401,0.230496,0.252105,1788631200000,2026-09-06 02:00,0.252105,止損,False,False,-0.050000000000000044,-0.051000000000000045,4,0.3333333333333333,
s=+0.0000|signal,0.0,signal,SUSHI_USDT_PERP,做空,1788636300000,2026-09-06 03:25,0.2775,0.2775,0.2664,0.29137500000000005,1788637200000,2026-09-06 03:40,0.2664,止盈,False,False,0.040000000000000036,0.039000000000000035,3,0.25,
s=+0.0000|signal,0.0,signal,TAC_USDT_PERP,做空,1787438100000,2026-08-23 06:35,0.001749,0.001749,0.00167904,0.0018364499999999999,1787438700000,2026-08-23 06:45,0.00167904,止盈,False,False,0.040000000000000036,0.039000000000000035,2,0.16666666666666666,
s=+0.0000|signal,0.0,signal,TA_USDT_PERP,做空,1789214400000,2026-09-12 20:00,0.06008,0.06008,0.0576768,0.063084,1789241100000,2026-09-13 03:25,0.0576768,止盈,False,False,0.040000000000000036,0.039000000000000035,89,7.416666666666667,
s=+0.0000|signal,0.0,signal,TLM_USDT_PERP,做空,1787670300000,2026-08-25 23:05,0.001672,0.001672,0.00160512,0.0017556000000000002,1787674200000,2026-08-26 00:10,0.00160512,止盈,False,False,0.040000000000000036,0.039000000000000035,13,1.0833333333333333,
s=+0.0000|signal,0.0,signal,TNSR_USDT_PERP,做空,1788096000000,2026-08-30 21:20,0.04212,0.04212,0.0404352,0.044226,1788096300000,2026-08-30 21:25,0.0404352,止盈,False,False,0.040000000000000036,0.039000000000000035,1,0.08333333333333333,
s=+0.0000|signal,0.0,signal,TRADOOR_USDT_PERP,做空,1788592200000,2026-09-05 15:10,0.7411,0.7411,0.711456,0.778155,1788592500000,2026-09-05 15:15,0.778155,止損,True,False,-0.050000000000000044,-0.051000000000000045,1,0.08333333333333333,同一根同時觸發→保守計止損
s=+0.0000|signal,0.0,signal,TRB_USDT_PERP,做空,1787365800000,2026-08-22 10:30,21.825,21.825,20.951999999999998,22.91625,1787367600000,2026-08-22 11:00,20.951999999999998,止盈,False,False,0.040000000000000036,0.039000000000000035,6,0.5,
s=+0.0000|signal,0.0,signal,TREE_USDT_PERP,做空,1787150100000,2026-08-19 22:35,0.04051,0.04051,0.038889599999999996,0.0425355,1787152500000,2026-08-19 23:15,0.0425355,止損,False,False,-0.050000000000000044,-0.051000000000000045,8,0.6666666666666666,
s=+0.0000|signal,0.0,signal,TREE_USDT_PERP,做空,1787156100000,2026-08-20 00:15,0.04573,0.04573,0.0439008,0.048016500000000004,1787157300000,2026-08-20 00:35,0.0439008,止盈,False,False,0.040000000000000036,0.039000000000000035,4,0.3333333333333333,
s=+0.0000|signal,0.0,signal,TREE_USDT_PERP,做空,1789172400000,2026-09-12 08:20,0.04535,0.04535,0.043536,0.0476175,1789172700000,2026-09-12 08:25,0.043536,止盈,False,False,0.040000000000000036,0.039000000000000035,1,0.08333333333333333,
s=+0.0000|signal,0.0,signal,TRIA_USDT_PERP,做空,1788495300000,2026-09-04 12:15,0.0049,0.0049,0.004704,0.005145,1788495600000,2026-09-04 12:20,0.004704,止盈,False,False,0.040000000000000036,0.039000000000000035,1,0.08333333333333333,
s=+0.0000|signal,0.0,signal,TRIA_USDT_PERP,做空,1788503700000,2026-09-04 14:35,0.00525,0.00525,0.00504,0.005512500000000001,1788506400000,2026-09-04 15:20,0.00504,止盈,False,False,0.040000000000000036,0.039000000000000035,9,0.75,
s=+0.0000|signal,0.0,signal,TRUMP_USDT_PERP,做空,1787175000000,2026-08-20 05:30,1.707,1.707,1.63872,1.79235,1787181600000,2026-08-20 07:20,1.79235,止損,False,False,-0.050000000000000044,-0.051000000000000045,22,1.8333333333333333,
s=+0.0000|signal,0.0,signal,US_USDT_PERP,做空,1787325300000,2026-08-21 23:15,0.01978,0.01978,0.018988799999999997,0.020769,1787325600000,2026-08-21 23:20,0.020769,止損,False,False,-0.050000000000000044,-0.051000000000000045,1,0.08333333333333333,
s=+0.0000|signal,0.0,signal,US_USDT_PERP,做空,1787329500000,2026-08-22 00:25,0.02225,0.02225,0.021359999999999997,0.0233625,1787330400000,2026-08-22 00:40,0.0233625,止損,False,False,-0.050000000000000044,-0.051000000000000045,3,0.25,
s=+0.0000|signal,0.0,signal,WAL_USDT_PERP,做空,1786788900000,2026-08-15 18:15,0.0272,0.0272,0.026111999999999996,0.02856,1786791000000,2026-08-15 18:50,0.026111999999999996,止盈,False,False,0.040000000000000036,0.039000000000000035,7,0.5833333333333334,
s=+0.0000|signal,0.0,signal,XPIN_USDT_PERP,做空,1786950300000,2026-08-17 15:05,0.001551,0.001551,0.0014889600000000001,0.00162855,1786951200000,2026-08-17 15:20,0.0014889600000000001,止盈,False,False,0.039999999999999925,0.038999999999999924,3,0.25,
s=+0.0000|signal,0.0,signal,XPIN_USDT_PERP,做空,1787291700000,2026-08-21 13:55,0.001328,0.001328,0.00127488,0.0013944,1787294700000,2026-08-21 14:45,0.00127488,止盈,False,False,0.040000000000000036,0.039000000000000035,10,0.8333333333333334,
s=+0.0000|signal,0.0,signal,XPIN_USDT_PERP,做空,1789367400000,2026-09-14 14:30,0.000886,0.000886,0.0008505599999999999,0.0009303,1789367700000,2026-09-14 14:35,0.0009303,止損,False,False,-0.050000000000000044,-0.051000000000000045,1,0.08333333333333333,
s=+0.0000|signal,0.0,signal,XVG_USDT_PERP,做空,1787370900000,2026-08-22 11:55,0.002919,0.002919,0.00280224,0.0030649500000000003,1787371500000,2026-08-22 12:05,0.00280224,止盈,False,False,0.040000000000000036,0.039000000000000035,2,0.16666666666666666,
s=+0.0000|signal,0.0,signal,ZEST_USDT_PERP,做空,1787740800000,2026-08-26 18:40,0.16483,0.16483,0.1582368,0.17307150000000002,1787743500000,2026-08-26 19:25,0.1582368,止盈,False,False,0.039999999999999925,0.038999999999999924,9,0.75,
s=+0.0000|signal,0.0,signal,ZEST_USDT_PERP,做空,1788426900000,2026-09-03 17:15,0.15617,0.15617,0.1499232,0.1639785,1788427200000,2026-09-03 17:20,0.1639785,止損,True,False,-0.050000000000000044,-0.051000000000000045,1,0.08333333333333333,同一根同時觸發→保守計止損
s=+0.0000|signal,0.0,signal,ZEST_USDT_PERP,做空,1788433500000,2026-09-03 19:05,0.14801,0.14801,0.1420896,0.1554105,1788454200000,2026-09-04 00:50,0.1554105,止損,False,False,-0.050000000000000044,-0.051000000000000045,69,5.75,
s=+0.0000|signal,0.0,signal,ZKC_USDT_PERP,做空,1788061500000,2026-08-30 11:45,0.049,0.049,0.04704,0.05145,1788062100000,2026-08-30 11:55,0.04704,止盈,False,False,0.040000000000000036,0.039000000000000035,2,0.16666666666666666,
s=+0.0000|signal,0.0,signal,ZKC_USDT_PERP,做空,1788076200000,2026-08-30 15:50,0.0528,0.0528,0.050688,0.05544,1788081600000,2026-08-30 17:20,0.05544,止損,False,False,-0.050000000000000044,-0.051000000000000045,18,1.5,
s=+0.0000|signal,0.0,signal,ZKP_USDT_PERP,做空,1788017400000,2026-08-29 23:30,0.05268,0.05268,0.050572799999999994,0.055314,1788018000000,2026-08-29 23:40,0.050572799999999994,止盈,False,False,0.040000000000000036,0.039000000000000035,2,0.16666666666666666,
s=+0.0000|signal,0.0,signal,ZORA_USDT_PERP,做空,1787316300000,2026-08-21 20:45,0.00687,0.00687,0.0065952,0.0072135,1787317200000,2026-08-21 21:00,0.0072135,止損,False,False,-0.050000000000000044,-0.051000000000000045,3,0.25,
s=+0.0000|signal,0.0,signal,ZORA_USDT_PERP,做空,1787321100000,2026-08-21 22:05,0.00706,0.00706,0.0067776,0.007413,1787323200000,2026-08-21 22:40,0.0067776,止盈,False,False,0.040000000000000036,0.039000000000000035,7,0.5833333333333334,
s=+0.0000|signal,0.0,signal,ZORA_USDT_PERP,做空,1788124200000,2026-08-31 05:10,0.00815,0.00815,0.007824,0.0085575,1788124800000,2026-08-31 05:20,0.0085575,止損,False,False,-0.050000000000000044,-0.051000000000000045,2,0.16666666666666666,
s=+0.0000|signal,0.0,signal,ZRO_USDT_PERP,做空,1787665200000,2026-08-25 21:40,1.2411,1.2411,1.191456,1.303155,1787665800000,2026-08-25 21:50,1.191456,止盈,False,False,0.040000000000000036,0.039000000000000035,2,0.16666666666666666,
s=+0.0000|signal,0.0,signal,ZRO_USDT_PERP,做空,1787669700000,2026-08-25 22:55,1.2125,1.2125,1.164,1.273125,1787670900000,2026-08-25 23:15,1.164,止盈,False,False,0.040000000000000036,0.039000000000000035,4,0.3333333333333333,
s=+0.0000|signal,0.0,signal,哈基米_USDT_PERP,做空,1789068300000,2026-09-11 03:25,0.03622,0.03622,0.0347712,0.038031,1789069500000,2026-09-11 03:45,0.038031,止損,False,False,-0.050000000000000044,-0.051000000000000045,4,0.3333333333333333,
s=+0.0000|signal,0.0,signal,哈基米_USDT_PERP,做空,1789098300000,2026-09-11 11:45,0.0411,0.0411,0.039456,0.043155,1789099500000,2026-09-11 12:05,0.039456,止盈,False,False,0.040000000000000036,0.039000000000000035,4,0.3333333333333333,
s=+0.0000|signal,0.0,signal,哈基米_USDT_PERP,做空,1789103100000,2026-09-11 13:05,0.04118,0.04118,0.0395328,0.04323900000000001,1789103700000,2026-09-11 13:15,0.0395328,止盈,False,False,0.040000000000000036,0.039000000000000035,2,0.16666666666666666,
s=+0.0000|signal,0.0,signal,我踏马来了_USDT_PERP,做空,1788010200000,2026-08-29 21:30,0.014341,0.014341,0.01376736,0.01505805,1788010500000,2026-08-29 21:35,0.01376736,止盈,False,False,0.040000000000000036,0.039000000000000035,1,0.08333333333333333,
s=+0.0000|signal,0.0,signal,我踏马来了_USDT_PERP,做空,1789083600000,2026-09-11 07:40,0.012087,0.012087,0.01160352,0.01269135,1789094100000,2026-09-11 10:35,0.01269135,止損,False,False,-0.050000000000000044,-0.051000000000000045,35,2.9166666666666665,
s=+0.0000|signal,0.0,signal,我踏马来了_USDT_PERP,做空,1789190100000,2026-09-12 13:15,0.015,0.015,0.0144,0.01575,1789190400000,2026-09-12 13:20,0.0144,止盈,False,False,0.040000000000000036,0.039000000000000035,1,0.08333333333333333,
s=+0.0000|fill,0.0,fill,0G_USDT_PERP,做空,1788174300000,2026-08-31 19:05,0.2285,0.2285,0.21936,0.23992500000000003,1788177900000,2026-08-31 20:05,0.21936,止盈,False,False,0.040000000000000036,0.039000000000000035,12,1.0,
s=+0.0000|fill,0.0,fill,4_USDT_PERP,做空,1787999100000,2026-08-29 18:25,0.01703,0.01703,0.0163488,0.0178815,1788000600000,2026-08-29 18:50,0.0163488,止盈,False,False,0.040000000000000036,0.039000000000000035,5,0.4166666666666667,
s=+0.0000|fill,0.0,fill,4_USDT_PERP,做空,1788539700000,2026-09-05 00:35,0.01808,0.01808,0.0173568,0.018984,1788540300000,2026-09-05 00:45,0.018984,止損,False,False,-0.050000000000000044,-0.051000000000000045,2,0.16666666666666666,
s=+0.0000|fill,0.0,fill,4_USDT_PERP,做空,1788544500000,2026-09-05 01:55,0.02088,0.02088,0.020044799999999998,0.021924,1788545700000,2026-09-05 02:15,0.021924,止損,False,False,-0.050000000000000044,-0.051000000000000045,4,0.3333333333333333,
s=+0.0000|fill,0.0,fill,4_USDT_PERP,做空,1788549300000,2026-09-05 03:15,0.02226,0.02226,0.0213696,0.023372999999999998,1788550200000,2026-09-05 03:30,0.0213696,止盈,False,False,0.040000000000000036,0.039000000000000035,3,0.25,
s=+0.0000|fill,0.0,fill,4_USDT_PERP,做空,1788777900000,2026-09-07 18:45,0.02664,0.02664,0.0255744,0.027972,1788779100000,2026-09-07 19:05,0.0255744,止盈,False,False,0.040000000000000036,0.039000000000000035,4,0.3333333333333333,
s=+0.0000|fill,0.0,fill,ACE_USDT_PERP,做空,1788265800000,2026-09-01 20:30,0.18806,0.18806,0.1805376,0.19746300000000003,1788266700000,2026-09-01 20:45,0.1805376,止盈,False,False,0.040000000000000036,0.039000000000000035,3,0.25,
s=+0.0000|fill,0.0,fill,AGT_USDT_PERP,做空,1788193800000,2026-09-01 00:30,0.017237,0.017237,0.01654752,0.01809885,1788194100000,2026-09-01 00:35,0.01654752,止盈,False,False,0.039999999999999925,0.038999999999999924,1,0.08333333333333333,
s=+0.0000|fill,0.0,fill,AGT_USDT_PERP,做空,1788198600000,2026-09-01 01:50,0.017307,0.017307,0.01661472,0.01817235,1788212100000,2026-09-01 05:35,0.01661472,止盈,False,False,0.040000000000000036,0.039000000000000035,45,3.75,
s=+0.0000|fill,0.0,fill,AGT_USDT_PERP,做空,1788236400000,2026-09-01 12:20,0.018968,0.018968,0.018209279999999998,0.0199164,1788236700000,2026-09-01 12:25,0.018209279999999998,止盈,False,False,0.040000000000000036,0.039000000000000035,1,0.08333333333333333,
s=+0.0000|fill,0.0,fill,AIN_USDT_PERP,做空,1789365000000,2026-09-14 13:50,0.10972,0.10972,0.1053312,0.115206,1789365600000,2026-09-14 14:00,0.1053312,止盈,False,False,0.040000000000000036,0.039000000000000035,2,0.16666666666666666,
s=+0.0000|fill,0.0,fill,AIN_USDT_PERP,做空,1789369200000,2026-09-14 15:00,0.10454,0.10454,0.10035839999999999,0.109767,1789371000000,2026-09-14 15:30,0.10035839999999999,止盈,False,False,0.040000000000000036,0.039000000000000035,6,0.5,
s=+0.0000|fill,0.0,fill,ALCH_USDT_PERP,做空,1787734500000,2026-08-26 16:55,0.03262,0.03262,0.0313152,0.034251000000000004,1787734800000,2026-08-26 17:00,0.0313152,止盈,False,False,0.040000000000000036,0.039000000000000035,1,0.08333333333333333,
s=+0.0000|fill,0.0,fill,ANIME_USDT_PERP,做空,1789024500000,2026-09-10 15:15,0.003552,0.003552,0.00340992,0.0037296,1789025400000,2026-09-10 15:30,0.00340992,止盈,False,False,0.040000000000000036,0.039000000000000035,3,0.25,
s=+0.0000|fill,0.0,fill,APR_USDT_PERP,做空,1787060700000,2026-08-18 21:45,0.2187,0.2187,0.209952,0.229635,1787061300000,2026-08-18 21:55,0.209952,止盈,False,False,0.040000000000000036,0.039000000000000035,2,0.16666666666666666,
s=+0.0000|fill,0.0,fill,APR_USDT_PERP,做空,1788454200000,2026-09-04 00:50,0.269,0.269,0.25824,0.28245000000000003,1788454500000,2026-09-04 00:55,0.25824,止盈,False,False,0.039999999999999925,0.038999999999999924,1,0.08333333333333333,
s=+0.0000|fill,0.0,fill,APR_USDT_PERP,做空,1788463200000,2026-09-04 03:20,0.2691,0.2691,0.258336,0.282555,1788464100000,2026-09-04 03:35,0.282555,止損,False,False,-0.050000000000000044,-0.051000000000000045,3,0.25,
s=+0.0000|fill,0.0,fill,APR_USDT_PERP,做空,1788468300000,2026-09-04 04:45,0.27595,0.27595,0.264912,0.2897475,1788475200000,2026-09-04 06:40,0.264912,止盈,False,False,0.039999999999999925,0.038999999999999924,23,1.9166666666666667,
s=+0.0000|fill,0.0,fill,ASTR_USDT_PERP,做空,1789434300000,2026-09-15 09:05,0.006865,0.006865,0.0065904,0.00720825,1789434600000,2026-09-15 09:10,0.00720825,止損,False,False,-0.050000000000000044,-0.051000000000000045,1,0.08333333333333333,
s=+0.0000|fill,0.0,fill,ASTR_USDT_PERP,做空,1789438800000,2026-09-15 10:20,0.007216,0.007216,0.00692736,0.007576800000000001,1789439100000,2026-09-15 10:25,0.007576800000000001,止損,False,False,-0.050000000000000044,-0.051000000000000045,1,0.08333333333333333,
s=+0.0000|fill,0.0,fill,AXL_USDT_PERP,做空,1789452900000,2026-09-15 14:15,0.0529,0.0529,0.050784,0.055545000000000004,1789453500000,2026-09-15 14:25,0.050784,止盈,False,False,0.040000000000000036,0.039000000000000035,2,0.16666666666666666,
s=+0.0000|fill,0.0,fill,BAND_USDT_PERP,做空,1788025200000,2026-08-30 01:40,0.201,0.201,0.19296,0.21105000000000002,1788028500000,2026-08-30 02:35,0.19296,止盈,False,False,0.04000000000000015,0.039000000000000146,11,0.9166666666666666,
s=+0.0000|fill,0.0,fill,BAS_USDT_PERP,做空,1787743500000,2026-08-26 19:25,0.026397,0.026397,0.025341119999999998,0.02771685,1787753700000,2026-08-26 22:15,0.025341119999999998,止盈,False,False,0.040000000000000036,0.039000000000000035,34,2.8333333333333335,
s=+0.0000|fill,0.0,fill,BAS_USDT_PERP,做空,1787912100000,2026-08-28 18:15,0.032049,0.032049,0.03076704,0.03365145,1787912700000,2026-08-28 18:25,0.03076704,止盈,False,False,0.040000000000000036,0.039000000000000035,2,0.16666666666666666,
s=+0.0000|fill,0.0,fill,BB_USDT_PERP,做空,1787304300000,2026-08-21 17:25,0.01309,0.01309,0.012566399999999998,0.0137445,1787304600000,2026-08-21 17:30,0.0137445,止損,False,False,-0.050000000000000044,-0.051000000000000045,1,0.08333333333333333,
s=+0.0000|fill,0.0,fill,BEAMX_USDT_PERP,做空,1787821200000,2026-08-27 17:00,0.002139,0.002139,0.0020534399999999997,0.00224595,1787822100000,2026-08-27 17:15,0.0020534399999999997,止盈,False,False,0.040000000000000036,0.039000000000000035,3,0.25,
s=+0.0000|fill,0.0,fill,BICO_USDT_PERP,做空,1787745600000,2026-08-26 20:00,0.02381,0.02381,0.0228576,0.025000500000000002,1787745900000,2026-08-26 20:05,0.0228576,止盈,False,False,0.04000000000000015,0.039000000000000146,1,0.08333333333333333,
s=+0.0000|fill,0.0,fill,BICO_USDT_PERP,做空,1787757900000,2026-08-26 23:25,0.02631,0.02631,0.025257599999999998,0.0276255,1787758800000,2026-08-26 23:40,0.025257599999999998,止盈,False,False,0.040000000000000036,0.039000000000000035,3,0.25,
s=+0.0000|fill,0.0,fill,BLESS_USDT_PERP,做空,1787321700000,2026-08-21 22:15,0.00862,0.00862,0.008275199999999998,0.009051,1787322300000,2026-08-21 22:25,0.008275199999999998,止盈,False,False,0.04000000000000015,0.039000000000000146,2,0.16666666666666666,
s=+0.0000|fill,0.0,fill,BLUR_USDT_PERP,做空,1789140000000,2026-09-11 23:20,0.02085,0.02085,0.020016,0.021892500000000002,1789140900000,2026-09-11 23:35,0.020016,止盈,False,False,0.040000000000000036,0.039000000000000035,3,0.25,
s=+0.0000|fill,0.0,fill,BR_USDT_PERP,做空,1789358100000,2026-09-14 11:55,0.36686,0.36686,0.3521856,0.385203,1789358400000,2026-09-14 12:00,0.385203,止損,False,False,-0.050000000000000044,-0.051000000000000045,1,0.08333333333333333,
s=+0.0000|fill,0.0,fill,BTR_USDT_PERP,做空,1787553000000,2026-08-24 14:30,0.03322,0.03322,0.0318912,0.034881,1787553900000,2026-08-24 14:45,0.034881,止損,False,False,-0.050000000000000044,-0.051000000000000045,3,0.25,
s=+0.0000|fill,0.0,fill,BTR_USDT_PERP,做空,1787557800000,2026-08-24 15:50,0.03466,0.03466,0.0332736,0.036393,1787559000000,2026-08-24 16:10,0.036393,止損,False,False,-0.050000000000000044,-0.051000000000000045,4,0.3333333333333333,
s=+0.0000|fill,0.0,fill,BTR_USDT_PERP,做空,1787716800000,2026-08-26 12:00,0.04071,0.04071,0.0390816,0.042745500000000006,1787717100000,2026-08-26 12:05,0.042745500000000006,止損,False,False,-0.050000000000000044,-0.051000000000000045,1,0.08333333333333333,
s=+0.0000|fill,0.0,fill,BTW_USDT_PERP,做空,1789302300000,2026-09-13 20:25,0.699394,0.699394,0.6714182399999999,0.7343637,1789303800000,2026-09-13 20:50,0.6714182399999999,止盈,False,False,0.040000000000000036,0.039000000000000035,5,0.4166666666666667,
s=+0.0000|fill,0.0,fill,BULLA_USDT_PERP,做空,1787003400000,2026-08-18 05:50,0.02062,0.02062,0.0197952,0.021651,1787003700000,2026-08-18 05:55,0.0197952,止盈,False,False,0.040000000000000036,0.039000000000000035,1,0.08333333333333333,
s=+0.0000|fill,0.0,fill,B_USDT_PERP,做空,1788589500000,2026-09-05 14:25,0.2168,0.2168,0.20812799999999998,0.22764,1788589800000,2026-09-05 14:30,0.20812799999999998,止盈,False,False,0.040000000000000036,0.039000000000000035,1,0.08333333333333333,
s=+0.0000|fill,0.0,fill,B_USDT_PERP,做空,1788593400000,2026-09-05 15:30,0.1992,0.1992,0.19123199999999999,0.20915999999999998,1788601200000,2026-09-05 17:40,0.19123199999999999,止盈,False,False,0.040000000000000036,0.039000000000000035,26,2.1666666666666665,
s=+0.0000|fill,0.0,fill,CAP_USDT_PERP,做空,1788492000000,2026-09-04 11:20,0.05311,0.05311,0.0509856,0.0557655,1788492600000,2026-09-04 11:30,0.0509856,止盈,False,False,0.039999999999999925,0.038999999999999924,2,0.16666666666666666,
s=+0.0000|fill,0.0,fill,CAP_USDT_PERP,做空,1788773100000,2026-09-07 17:25,0.04997,0.04997,0.0479712,0.0524685,1788779100000,2026-09-07 19:05,0.0479712,止盈,False,False,0.040000000000000036,0.039000000000000035,20,1.6666666666666667,
s=+0.0000|fill,0.0,fill,CAP_USDT_PERP,做空,1789388700000,2026-09-14 20:25,0.06824,0.06824,0.0655104,0.071652,1789389000000,2026-09-14 20:30,0.0655104,止盈,False,False,0.040000000000000036,0.039000000000000035,1,0.08333333333333333,
s=+0.0000|fill,0.0,fill,CASHCAT_USDT_PERP,做空,1789135500000,2026-09-11 22:05,0.1886,0.1886,0.181056,0.19803,1789142100000,2026-09-11 23:55,0.181056,止盈,False,False,0.039999999999999925,0.038999999999999924,22,1.8333333333333333,
s=+0.0000|fill,0.0,fill,CATI_USDT_PERP,做空,1788447000000,2026-09-03 22:50,0.06712,0.06712,0.0644352,0.070476,1788453600000,2026-09-04 00:40,0.0644352,止盈,False,False,0.040000000000000036,0.039000000000000035,22,1.8333333333333333,
s=+0.0000|fill,0.0,fill,CFG_USDT_PERP,做空,1788751800000,2026-09-07 11:30,0.1336,0.1336,0.12825599999999998,0.14028000000000002,1788753000000,2026-09-07 11:50,0.12825599999999998,止盈,False,False,0.04000000000000015,0.039000000000000146,4,0.3333333333333333,
s=+0.0000|fill,0.0,fill,CHIP_USDT_PERP,做空,1788423300000,2026-09-03 16:15,0.05177,0.05177,0.04969919999999999,0.0543585,1788434400000,2026-09-03 19:20,0.04969919999999999,止盈,False,False,0.04000000000000015,0.039000000000000146,37,3.0833333333333335,
s=+0.0000|fill,0.0,fill,CLO_USDT_PERP,做空,1787046900000,2026-08-18 17:55,0.1373,0.1373,0.131808,0.14416500000000002,1787054100000,2026-08-18 19:55,0.14416500000000002,止損,False,False,-0.050000000000000044,-0.051000000000000045,24,2.0,
s=+0.0000|fill,0.0,fill,CLO_USDT_PERP,做空,1787970000000,2026-08-29 10:20,0.1143,0.1143,0.10972799999999999,0.12001500000000001,1787972400000,2026-08-29 11:00,0.12001500000000001,止損,False,False,-0.050000000000000044,-0.051000000000000045,8,0.6666666666666666,
s=+0.0000|fill,0.0,fill,CLO_USDT_PERP,做空,1788320100000,2026-09-02 11:35,0.1616,0.1616,0.155136,0.16968,1788322800000,2026-09-02 12:20,0.16968,止損,False,False,-0.050000000000000044,-0.051000000000000045,9,0.75,
s=+0.0000|fill,0.0,fill,COLLECT_USDT_PERP,做空,1787230800000,2026-08-20 21:00,0.05943,0.05943,0.057052799999999994,0.0624015,1787232300000,2026-08-20 21:25,0.0624015,止損,False,False,-0.050000000000000044,-0.051000000000000045,5,0.4166666666666667,
s=+0.0000|fill,0.0,fill,COLLECT_USDT_PERP,做空,1788603000000,2026-09-05 18:10,0.09433,0.09433,0.09055679999999999,0.0990465,1788603300000,2026-09-05 18:15,0.09055679999999999,止盈,False,False,0.040000000000000036,0.039000000000000035,1,0.08333333333333333,
s=+0.0000|fill,0.0,fill,COTI_USDT_PERP,做空,1787342100000,2026-08-22 03:55,0.01225,0.01225,0.01176,0.0128625,1787343000000,2026-08-22 04:10,0.0128625,止損,False,False,-0.050000000000000044,-0.051000000000000045,3,0.25,
s=+0.0000|fill,0.0,fill,COTI_USDT_PERP,做空,1788690600000,2026-09-06 18:30,0.01845,0.01845,0.017712000000000002,0.0193725,1788694200000,2026-09-06 19:30,0.017712000000000002,止盈,False,False,0.039999999999999925,0.038999999999999924,12,1.0,
s=+0.0000|fill,0.0,fill,CROSS_USDT_PERP,做空,1786845000000,2026-08-16 09:50,0.10204,0.10204,0.0979584,0.10714200000000002,1786851900000,2026-08-16 11:45,0.10714200000000002,止損,False,False,-0.050000000000000044,-0.051000000000000045,23,1.9166666666666667,
s=+0.0000|fill,0.0,fill,CTR_USDT_PERP,做空,1789280700000,2026-09-13 14:25,0.01166,0.01166,0.0111936,0.012243,1789281000000,2026-09-13 14:30,0.0111936,止盈,False,False,0.040000000000000036,0.039000000000000035,1,0.08333333333333333,
s=+0.0000|fill,0.0,fill,CTR_USDT_PERP,做空,1789453200000,2026-09-15 14:20,0.01231,0.01231,0.0118176,0.0129255,1789454400000,2026-09-15 14:40,0.0118176,止盈,False,False,0.040000000000000036,0.039000000000000035,4,0.3333333333333333,
s=+0.0000|fill,0.0,fill,CYS_USDT_PERP,做空,1789168500000,2026-09-12 07:15,0.1593,0.1593,0.15292799999999998,0.167265,1789170000000,2026-09-12 07:40,0.15292799999999998,止盈,False,False,0.04000000000000015,0.039000000000000146,5,0.4166666666666667,
s=+0.0000|fill,0.0,fill,DASH_USDT_PERP,做空,1787367600000,2026-08-22 11:00,46.84,46.84,44.9664,49.182,1787370900000,2026-08-22 11:55,44.9664,止盈,False,False,0.040000000000000036,0.039000000000000035,11,0.9166666666666666,
s=+0.0000|fill,0.0,fill,DOGS_USDT_PERP,做空,1788200100000,2026-09-01 02:15,4.62e-05,4.62e-05,4.4352e-05,4.851e-05,1788207600000,2026-09-01 04:20,4.4352e-05,止盈,False,False,0.040000000000000036,0.039000000000000035,25,2.0833333333333335,
s=+0.0000|fill,0.0,fill,EDEN_USDT_PERP,做空,1786982100000,2026-08-17 23:55,0.05434,0.05434,0.052166399999999995,0.057057000000000004,1786982700000,2026-08-18 00:05,0.052166399999999995,止盈,False,False,0.040000000000000036,0.039000000000000035,2,0.16666666666666666,
s=+0.0000|fill,0.0,fill,EDGE_USDT_PERP,做空,1787213100000,2026-08-20 16:05,0.364,0.364,0.34944,0.3822,1787219700000,2026-08-20 17:55,0.34944,止盈,False,False,0.040000000000000036,0.039000000000000035,22,1.8333333333333333,
s=+0.0000|fill,0.0,fill,ELSA_USDT_PERP,做空,1788569700000,2026-09-05 08:55,0.05706,0.05706,0.054777599999999996,0.059913,1788571800000,2026-09-05 09:30,0.054777599999999996,止盈,False,False,0.040000000000000036,0.039000000000000035,7,0.5833333333333334,
s=+0.0000|fill,0.0,fill,FF_USDT_PERP,做空,1788270000000,2026-09-01 21:40,0.09488,0.09488,0.09108480000000001,0.099624,1788270600000,2026-09-01 21:50,0.099624,止損,False,False,-0.050000000000000044,-0.051000000000000045,2,0.16666666666666666,
s=+0.0000|fill,0.0,fill,FF_USDT_PERP,做空,1788274200000,2026-09-01 22:50,0.10179,0.10179,0.0977184,0.10687950000000002,1788275700000,2026-09-01 23:15,0.0977184,止盈,False,False,0.040000000000000036,0.039000000000000035,5,0.4166666666666667,
s=+0.0000|fill,0.0,fill,FF_USDT_PERP,做空,1789447800000,2026-09-15 12:50,0.15524,0.15524,0.14903039999999998,0.163002,1789448100000,2026-09-15 12:55,0.14903039999999998,止盈,False,False,0.040000000000000036,0.039000000000000035,1,0.08333333333333333,
s=+0.0000|fill,0.0,fill,FHE_USDT_PERP,做空,1786983300000,2026-08-18 00:15,0.03218,0.03218,0.030892799999999998,0.033789,1786983600000,2026-08-18 00:20,0.030892799999999998,止盈,False,False,0.040000000000000036,0.039000000000000035,1,0.08333333333333333,
s=+0.0000|fill,0.0,fill,FLUID_USDT_PERP,做空,1787715900000,2026-08-26 11:45,1.535,1.535,1.4735999999999998,1.61175,1787719200000,2026-08-26 12:40,1.61175,止損,False,False,-0.050000000000000044,-0.051000000000000045,11,0.9166666666666666,
s=+0.0000|fill,0.0,fill,GPS_USDT_PERP,做空,1786941600000,2026-08-17 12:40,0.014967,0.014967,0.014368319999999999,0.01571535,1786942800000,2026-08-17 13:00,0.014368319999999999,止盈,False,False,0.040000000000000036,0.039000000000000035,4,0.3333333333333333,
s=+0.0000|fill,0.0,fill,GRIFFAIN_USDT_PERP,做空,1789197900000,2026-09-12 15:25,0.01287,0.01287,0.012355199999999998,0.0135135,1789201500000,2026-09-12 16:25,0.0135135,止損,False,False,-0.050000000000000044,-0.051000000000000045,12,1.0,
s=+0.0000|fill,0.0,fill,GWEI_USDT_PERP,做空,1787277300000,2026-08-21 09:55,0.02519,0.02519,0.0241824,0.0264495,1787278500000,2026-08-21 10:15,0.0264495,止損,False,False,-0.050000000000000044,-0.051000000000000045,4,0.3333333333333333,
s=+0.0000|fill,0.0,fill,HAEDAL_USDT_PERP,做空,1788856200000,2026-09-08 16:30,0.02249,0.02249,0.0215904,0.0236145,1788859800000,2026-09-08 17:30,0.0215904,止盈,False,False,0.040000000000000036,0.039000000000000035,12,1.0,
s=+0.0000|fill,0.0,fill,HANA_USDT_PERP,做空,1787647500000,2026-08-25 16:45,0.02054,0.02054,0.019718399999999997,0.021567,1787650200000,2026-08-25 17:30,0.021567,止損,False,False,-0.050000000000000044,-0.051000000000000045,9,0.75,
s=+0.0000|fill,0.0,fill,HEMI_USDT_PERP,做空,1787831400000,2026-08-27 19:50,0.00913,0.00913,0.0087648,0.0095865,1787832300000,2026-08-27 20:05,0.0087648,止盈,False,False,0.039999999999999925,0.038999999999999924,3,0.25,
s=+0.0000|fill,0.0,fill,HEMI_USDT_PERP,做空,1787858400000,2026-08-28 03:20,0.01009,0.01009,0.0096864,0.0105945,1787864100000,2026-08-28 04:55,0.0096864,止盈,False,False,0.040000000000000036,0.039000000000000035,19,1.5833333333333333,
s=+0.0000|fill,0.0,fill,HEMI_USDT_PERP,做空,1789403400000,2026-09-15 00:30,0.00705,0.00705,0.006768,0.0074025,1789403700000,2026-09-15 00:35,0.006768,止盈,False,False,0.040000000000000036,0.039000000000000035,1,0.08333333333333333,
s=+0.0000|fill,0.0,fill,IDOL_USDT_PERP,做空,1789473300000,2026-09-15 19:55,0.01197,0.01197,0.0114912,0.0125685,1789473900000,2026-09-15 20:05,0.0114912,止盈,False,False,0.039999999999999925,0.038999999999999924,2,0.16666666666666666,
s=+0.0000|fill,0.0,fill,IDOL_USDT_PERP,做空,1789478400000,2026-09-15 21:20,0.0114,0.0114,0.010944,0.011970000000000001,1789479000000,2026-09-15 21:30,0.010944,止盈,False,False,0.040000000000000036,0.039000000000000035,2,0.16666666666666666,
s=+0.0000|fill,0.0,fill,IOST_USDT_PERP,做空,1788763500000,2026-09-07 14:45,0.000892,0.000892,0.0008563199999999999,0.0009366,1788764100000,2026-09-07 14:55,0.0008563199999999999,止盈,False,False,0.040000000000000036,0.039000000000000035,2,0.16666666666666666,
s=+0.0000|fill,0.0,fill,KAT_USDT_PERP,做空,1788925200000,2026-09-09 11:40,0.006139,0.006139,0.00589344,0.006445950000000001,1788926700000,2026-09-09 12:05,0.00589344,止盈,False,False,0.040000000000000036,0.039000000000000035,5,0.4166666666666667,
s=+0.0000|fill,0.0,fill,KERNEL_USDT_PERP,做空,1787824800000,2026-08-27 18:00,0.04664,0.04664,0.0447744,0.048972,1787825100000,2026-08-27 18:05,0.0447744,止盈,False,False,0.040000000000000036,0.039000000000000035,1,0.08333333333333333,
s=+0.0000|fill,0.0,fill,LAB_USDT_PERP,做空,1789122000000,2026-09-11 18:20,0.05873,0.05873,0.056380799999999995,0.0616665,1789123500000,2026-09-11 18:45,0.0616665,止損,False,False,-0.050000000000000044,-0.051000000000000045,5,0.4166666666666667,
s=+0.0000|fill,0.0,fill,LAYER_USDT_PERP,做空,1788710400000,2026-09-07 00:00,0.0881,0.0881,0.084576,0.092505,1788711300000,2026-09-07 00:15,0.084576,止盈,False,False,0.040000000000000036,0.039000000000000035,3,0.25,
s=+0.0000|fill,0.0,fill,LA_USDT_PERP,做空,1788312300000,2026-09-02 09:25,0.06491,0.06491,0.0623136,0.0681555,1788319200000,2026-09-02 11:20,0.0623136,止盈,False,False,0.040000000000000036,0.039000000000000035,23,1.9166666666666667,
s=+0.0000|fill,0.0,fill,LIGHT_USDT_PERP,做空,1787730600000,2026-08-26 15:50,0.1766,0.1766,0.169536,0.18543,1787736300000,2026-08-26 17:25,0.169536,止盈,False,False,0.040000000000000036,0.039000000000000035,19,1.5833333333333333,
s=+0.0000|fill,0.0,fill,LIGHT_USDT_PERP,做空,1787909400000,2026-08-28 17:30,0.2318,0.2318,0.222528,0.24339000000000002,1787911500000,2026-08-28 18:05,0.222528,止盈,False,False,0.040000000000000036,0.039000000000000035,7,0.5833333333333334,
s=+0.0000|fill,0.0,fill,LSK_USDT_PERP,做空,1787754600000,2026-08-26 22:30,0.112,0.112,0.10752,0.11760000000000001,1787755200000,2026-08-26 22:40,0.10752,止盈,False,False,0.040000000000000036,0.039000000000000035,2,0.16666666666666666,
s=+0.0000|fill,0.0,fill,LUNA2_USDT_PERP,做空,1788782700000,2026-09-07 20:05,0.05437,0.05437,0.0521952,0.05708850000000001,1788784500000,2026-09-07 20:35,0.0521952,止盈,False,False,0.040000000000000036,0.039000000000000035,6,0.5,
s=+0.0000|fill,0.0,fill,MAGMA_USDT_PERP,做空,1787344200000,2026-08-22 04:30,0.32043,0.32043,0.30761279999999996,0.3364515,1787347800000,2026-08-22 05:30,0.30761279999999996,止盈,False,False,0.040000000000000036,0.039000000000000035,12,1.0,
s=+0.0000|fill,0.0,fill,MAGMA_USDT_PERP,做空,1789323300000,2026-09-14 02:15,0.26632,0.26632,0.2556672,0.279636,1789324500000,2026-09-14 02:35,0.279636,止損,False,False,-0.050000000000000044,-0.051000000000000045,4,0.3333333333333333,
s=+0.0000|fill,0.0,fill,MANTRA_USDT_PERP,做空,1787903400000,2026-08-28 15:50,0.00476,0.00476,0.0045696,0.004998000000000001,1787905500000,2026-08-28 16:25,0.0045696,止盈,False,False,0.040000000000000036,0.039000000000000035,7,0.5833333333333334,
s=+0.0000|fill,0.0,fill,MELANIA_USDT_PERP,做空,1787371800000,2026-08-22 12:10,0.1263,0.1263,0.121248,0.132615,1787373300000,2026-08-22 12:35,0.132615,止損,False,False,-0.050000000000000044,-0.051000000000000045,5,0.4166666666666667,
s=+0.0000|fill,0.0,fill,MOODENG_USDT_PERP,做空,1788629100000,2026-09-06 01:25,0.04783,0.04783,0.045916799999999994,0.0502215,1788630300000,2026-09-06 01:45,0.045916799999999994,止盈,False,False,0.040000000000000036,0.039000000000000035,4,0.3333333333333333,
s=+0.0000|fill,0.0,fill,MOODENG_USDT_PERP,做空,1789621200000,2026-09-17 13:00,0.04393,0.04393,0.042172799999999996,0.0461265,1789622100000,2026-09-17 13:15,0.042172799999999996,止盈,False,False,0.040000000000000036,0.039000000000000035,3,0.25,
s=+0.0000|fill,0.0,fill,MOVE_USDT_PERP,做空,1787371500000,2026-08-22 12:05,0.00853,0.00853,0.0081888,0.0089565,1787374200000,2026-08-22 12:50,0.0089565,止損,False,False,-0.050000000000000044,-0.051000000000000045,9,0.75,
s=+0.0000|fill,0.0,fill,MOVR_USDT_PERP,做空,1786800000000,2026-08-15 21:20,0.985,0.985,0.9456,1.0342500000000001,1786800900000,2026-08-15 21:35,0.9456,止盈,False,False,0.040000000000000036,0.039000000000000035,3,0.25,
s=+0.0000|fill,0.0,fill,MOVR_USDT_PERP,做空,1787802900000,2026-08-27 11:55,0.799,0.799,0.76704,0.8389500000000001,1787803500000,2026-08-27 12:05,0.8389500000000001,止損,False,False,-0.050000000000000044,-0.051000000000000045,2,0.16666666666666666,
s=+0.0000|fill,0.0,fill,MOVR_USDT_PERP,做空,1787807400000,2026-08-27 13:10,0.869,0.869,0.83424,0.91245,1787807700000,2026-08-27 13:15,0.83424,止盈,False,False,0.040000000000000036,0.039000000000000035,1,0.08333333333333333,
s=+0.0000|fill,0.0,fill,MUBARAK_USDT_PERP,做空,1788363600000,2026-09-02 23:40,0.02662,0.02662,0.0255552,0.027951000000000004,1788364200000,2026-09-02 23:50,0.027951000000000004,止損,False,False,-0.050000000000000044,-0.051000000000000045,2,0.16666666666666666,
s=+0.0000|fill,0.0,fill,NAORIS_USDT_PERP,做空,1788591000000,2026-09-05 14:50,0.03141,0.03141,0.0301536,0.0329805,1788592200000,2026-09-05 15:10,0.0301536,止盈,False,False,0.040000000000000036,0.039000000000000035,4,0.3333333333333333,
s=+0.0000|fill,0.0,fill,NAORIS_USDT_PERP,做空,1788691200000,2026-09-06 18:40,0.03484,0.03484,0.0334464,0.036582,1788696600000,2026-09-06 20:10,0.036582,止損,False,False,-0.050000000000000044,-0.051000000000000045,18,1.5,
s=+0.0000|fill,0.0,fill,NOM_USDT_PERP,做空,1788576000000,2026-09-05 10:40,0.001789,0.001789,0.00171744,0.00187845,1788577200000,2026-09-05 11:00,0.00187845,止損,False,False,-0.050000000000000044,-0.051000000000000045,4,0.3333333333333333,
s=+0.0000|fill,0.0,fill,NOM_USDT_PERP,做空,1788586800000,2026-09-05 13:40,0.002085,0.002085,0.0020016,0.0021892500000000002,1788588000000,2026-09-05 14:00,0.0020016,止盈,False,False,0.040000000000000036,0.039000000000000035,4,0.3333333333333333,
s=+0.0000|fill,0.0,fill,OG_USDT_PERP,做空,1787472300000,2026-08-23 16:05,3.071,3.071,2.94816,3.2245500000000002,1787474100000,2026-08-23 16:35,2.94816,止盈,False,False,0.040000000000000036,0.039000000000000035,6,0.5,
s=+0.0000|fill,0.0,fill,ONG_USDT_PERP,做空,1786929900000,2026-08-17 09:25,0.06165,0.06165,0.059184,0.06473250000000001,1786930200000,2026-08-17 09:30,0.059184,止盈,False,False,0.040000000000000036,0.039000000000000035,1,0.08333333333333333,
s=+0.0000|fill,0.0,fill,ONG_USDT_PERP,做空,1787232900000,2026-08-20 21:35,0.06947,0.06947,0.0666912,0.07294350000000001,1787233500000,2026-08-20 21:45,0.07294350000000001,止損,False,False,-0.050000000000000044,-0.051000000000000045,2,0.16666666666666666,
s=+0.0000|fill,0.0,fill,ONG_USDT_PERP,做空,1787237700000,2026-08-20 22:55,0.08127,0.08127,0.0780192,0.08533349999999999,1787239800000,2026-08-20 23:30,0.0780192,止盈,False,False,0.039999999999999925,0.038999999999999924,7,0.5833333333333334,
s=+0.0000|fill,0.0,fill,ONT_USDT_PERP,做空,1787258100000,2026-08-21 04:35,0.0544,0.0544,0.05222399999999999,0.05712,1787258400000,2026-08-21 04:40,0.05712,止損,False,False,-0.050000000000000044,-0.051000000000000045,1,0.08333333333333333,
s=+0.0000|fill,0.0,fill,ONT_USDT_PERP,做空,1787262000000,2026-08-21 05:40,0.0513,0.0513,0.04924799999999999,0.053865,1787270700000,2026-08-21 08:05,0.04924799999999999,止盈,False,False,0.04000000000000015,0.039000000000000146,29,2.4166666666666665,
s=+0.0000|fill,0.0,fill,ON_USDT_PERP,做空,1788861900000,2026-09-08 18:05,0.211,0.211,0.20256,0.22155,1788862800000,2026-09-08 18:20,0.20256,止盈,False,False,0.040000000000000036,0.039000000000000035,3,0.25,
s=+0.0000|fill,0.0,fill,ORCA_USDT_PERP,做空,1788745800000,2026-09-07 09:50,1.642,1.642,1.57632,1.7241,1788752400000,2026-09-07 11:40,1.57632,止盈,False,False,0.039999999999999925,0.038999999999999924,22,1.8333333333333333,
s=+0.0000|fill,0.0,fill,PHA_USDT_PERP,做空,1788972600000,2026-09-10 00:50,0.03342,0.03342,0.0320832,0.035091,1788973800000,2026-09-10 01:10,0.0320832,止盈,False,False,0.039999999999999925,0.038999999999999924,4,0.3333333333333333,
s=+0.0000|fill,0.0,fill,PIEVERSE_USDT_PERP,做空,1787306700000,2026-08-21 18:05,1.1295,1.1295,1.08432,1.185975,1787310300000,2026-08-21 19:05,1.08432,止盈,False,False,0.040000000000000036,0.039000000000000035,12,1.0,
s=+0.0000|fill,0.0,fill,PIEVERSE_USDT_PERP,做空,1788789300000,2026-09-07 21:55,1.3018,1.3018,1.249728,1.3668900000000002,1788793800000,2026-09-07 23:10,1.249728,止盈,False,False,0.040000000000000036,0.039000000000000035,15,1.25,
s=+0.0000|fill,0.0,fill,PIXEL_USDT_PERP,做空,1786865400000,2026-08-16 15:30,0.00611,0.00611,0.0058655999999999995,0.0064155,1786865700000,2026-08-16 15:35,0.0058655999999999995,止盈,False,False,0.040000000000000036,0.039000000000000035,1,0.08333333333333333,
s=+0.0000|fill,0.0,fill,PORTAL_USDT_PERP,做空,1786885200000,2026-08-16 21:00,0.01597,0.01597,0.015331200000000001,0.016768500000000002,1786886400000,2026-08-16 21:20,0.015331200000000001,止盈,False,False,0.040000000000000036,0.039000000000000035,4,0.3333333333333333,
s=+0.0000|fill,0.0,fill,PORTAL_USDT_PERP,做空,1787544900000,2026-08-24 12:15,0.01602,0.01602,0.015379199999999999,0.016821,1787545500000,2026-08-24 12:25,0.015379199999999999,止盈,False,False,0.040000000000000036,0.039000000000000035,2,0.16666666666666666,
s=+0.0000|fill,0.0,fill,PORTAL_USDT_PERP,做空,1787721000000,2026-08-26 13:10,0.01896,0.01896,0.018201600000000002,0.019908000000000002,1787722200000,2026-08-26 13:30,0.019908000000000002,止損,False,False,-0.050000000000000044,-0.051000000000000045,4,0.3333333333333333,
s=+0.0000|fill,0.0,fill,PORTAL_USDT_PERP,做空,1788444900000,2026-09-03 22:15,0.01665,0.01665,0.015984,0.0174825,1788445200000,2026-09-03 22:20,0.015984,止盈,False,False,0.040000000000000036,0.039000000000000035,1,0.08333333333333333,
s=+0.0000|fill,0.0,fill,POWR_USDT_PERP,做空,1789258200000,2026-09-13 08:10,0.06576,0.06576,0.0631296,0.069048,1789258500000,2026-09-13 08:15,0.069048,止損,False,False,-0.050000000000000044,-0.051000000000000045,1,0.08333333333333333,
s=+0.0000|fill,0.0,fill,POWR_USDT_PERP,做空,1789263000000,2026-09-13 09:30,0.0824,0.0824,0.079104,0.08652,1789263600000,2026-09-13 09:40,0.079104,止盈,False,False,0.040000000000000036,0.039000000000000035,2,0.16666666666666666,
s=+0.0000|fill,0.0,fill,POWR_USDT_PERP,做空,1789267800000,2026-09-13 10:50,0.08243,0.08243,0.0791328,0.0865515,1789268100000,2026-09-13 10:55,0.0791328,止盈,False,False,0.040000000000000036,0.039000000000000035,1,0.08333333333333333,
s=+0.0000|fill,0.0,fill,PROMPT_USDT_PERP,做空,1788000900000,2026-08-29 18:55,0.02727,0.02727,0.0261792,0.0286335,1788001200000,2026-08-29 19:00,0.0261792,止盈,False,False,0.039999999999999925,0.038999999999999924,1,0.08333333333333333,
s=+0.0000|fill,0.0,fill,PROS_USDT_PERP,做空,1788927600000,2026-09-09 12:20,0.5005,0.5005,0.4804799999999999,0.525525,1788929100000,2026-09-09 12:45,0.525525,止損,False,False,-0.050000000000000044,-0.051000000000000045,5,0.4166666666666667,
s=+0.0000|fill,0.0,fill,PTB_USDT_PERP,做空,1788529800000,2026-09-04 21:50,0.000816,0.000816,0.00078336,0.0008568,1788530100000,2026-09-04 21:55,0.00078336,止盈,False,False,0.040000000000000036,0.039000000000000035,1,0.08333333333333333,
s=+0.0000|fill,0.0,fill,Q_USDT_PERP,做空,1788496200000,2026-09-04 12:30,0.026302,0.026302,0.02524992,0.0276171,1788496800000,2026-09-04 12:40,0.02524992,止盈,False,False,0.040000000000000036,0.039000000000000035,2,0.16666666666666666,
s=+0.0000|fill,0.0,fill,RATS_USDT_PERP,做空,1787062500000,2026-08-18 22:15,5.136e-05,5.136e-05,4.93056e-05,5.3928e-05,1787064900000,2026-08-18 22:55,5.3928e-05,止損,False,False,-0.050000000000000044,-0.051000000000000045,8,0.6666666666666666,
s=+0.0000|fill,0.0,fill,RAY_USDT_PERP,做空,1788665400000,2026-09-06 11:30,1.109,1.109,1.06464,1.16445,1788666600000,2026-09-06 11:50,1.16445,止損,False,False,-0.050000000000000044,-0.051000000000000045,4,0.3333333333333333,
s=+0.0000|fill,0.0,fill,RAY_USDT_PERP,做空,1788670500000,2026-09-06 12:55,1.154,1.154,1.10784,1.2117,1788676500000,2026-09-06 14:35,1.10784,止盈,False,False,0.040000000000000036,0.039000000000000035,20,1.6666666666666667,
s=+0.0000|fill,0.0,fill,REZ_USDT_PERP,做空,1789016700000,2026-09-10 13:05,0.00362,0.00362,0.0034752,0.003801,1789017600000,2026-09-10 13:20,0.003801,止損,False,False,-0.050000000000000044,-0.051000000000000045,3,0.25,
s=+0.0000|fill,0.0,fill,REZ_USDT_PERP,做空,1789287600000,2026-09-13 16:20,0.003949,0.003949,0.0037910400000000003,0.00414645,1789289100000,2026-09-13 16:45,0.0037910400000000003,止盈,False,False,0.040000000000000036,0.039000000000000035,5,0.4166666666666667,
s=+0.0000|fill,0.0,fill,RE_USDT_PERP,做空,1787158200000,2026-08-20 00:50,0.4973,0.4973,0.477408,0.522165,1787166300000,2026-08-20 03:05,0.522165,止損,False,False,-0.050000000000000044,-0.051000000000000045,27,2.25,
s=+0.0000|fill,0.0,fill,RE_USDT_PERP,做空,1787363100000,2026-08-22 09:45,0.6057,0.6057,0.581472,0.635985,1787364600000,2026-08-22 10:10,0.581472,止盈,False,False,0.040000000000000036,0.039000000000000035,5,0.4166666666666667,
s=+0.0000|fill,0.0,fill,SAGA_USDT_PERP,做空,1789058100000,2026-09-11 00:35,0.01776,0.01776,0.0170496,0.018648,1789062600000,2026-09-11 01:50,0.0170496,止盈,False,False,0.040000000000000036,0.039000000000000035,15,1.25,
s=+0.0000|fill,0.0,fill,SIREN_USDT_PERP,做空,1787970900000,2026-08-29 10:35,0.03355,0.03355,0.032208,0.0352275,1787972700000,2026-08-29 11:05,0.032208,止盈,False,False,0.040000000000000036,0.039000000000000035,6,0.5,
s=+0.0000|fill,0.0,fill,SKR_USDT_PERP,做空,1787875800000,2026-08-28 08:10,0.011903,0.011903,0.01142688,0.012498150000000001,1787876700000,2026-08-28 08:25,0.012498150000000001,止損,False,False,-0.050000000000000044,-0.051000000000000045,3,0.25,
s=+0.0000|fill,0.0,fill,SKR_USDT_PERP,做空,1787880600000,2026-08-28 09:30,0.011993,0.011993,0.011513279999999999,0.01259265,1787882100000,2026-08-28 09:55,0.01259265,止損,False,False,-0.050000000000000044,-0.051000000000000045,5,0.4166666666666667,
s=+0.0000|fill,0.0,fill,SKR_USDT_PERP,做空,1788069000000,2026-08-30 13:50,0.013432,0.013432,0.012894719999999998,0.0141036,1788071700000,2026-08-30 14:35,0.012894719999999998,止盈,False,False,0.040000000000000036,0.039000000000000035,9,0.75,
s=+0.0000|fill,0.0,fill,SOLV_USDT_PERP,做空,1788684000000,2026-09-06 16:40,0.00374,0.00374,0.0035903999999999997,0.003927,1788685800000,2026-09-06 17:10,0.003927,止損,False,False,-0.050000000000000044,-0.051000000000000045,6,0.5,
s=+0.0000|fill,0.0,fill,SPK_USDT_PERP,做空,1787292600000,2026-08-21 14:10,0.01886,0.01886,0.018105599999999996,0.019802999999999998,1787293200000,2026-08-21 14:20,0.018105599999999996,止盈,False,False,0.04000000000000015,0.039000000000000146,2,0.16666666666666666,
s=+0.0000|fill,0.0,fill,SPORTFUN_USDT_PERP,做空,1786824600000,2026-08-16 04:10,0.02552,0.02552,0.0244992,0.026796000000000004,1786825500000,2026-08-16 04:25,0.0244992,止盈,False,False,0.040000000000000036,0.039000000000000035,3,0.25,
s=+0.0000|fill,0.0,fill,SPORTFUN_USDT_PERP,做空,1786829400000,2026-08-16 05:30,0.02966,0.02966,0.028473599999999998,0.031143,1786830300000,2026-08-16 05:45,0.031143,止損,False,False,-0.050000000000000044,-0.051000000000000045,3,0.25,
s=+0.0000|fill,0.0,fill,SPORTFUN_USDT_PERP,做空,1786836000000,2026-08-16 07:20,0.03291,0.03291,0.0315936,0.0345555,1786838100000,2026-08-16 07:55,0.0315936,止盈,False,False,0.040000000000000036,0.039000000000000035,7,0.5833333333333334,
s=+0.0000|fill,0.0,fill,SQD_USDT_PERP,做空,1787662500000,2026-08-25 20:55,0.03679,0.03679,0.0353184,0.038629500000000004,1787664000000,2026-08-25 21:20,0.0353184,止盈,False,False,0.040000000000000036,0.039000000000000035,5,0.4166666666666667,
s=+0.0000|fill,0.0,fill,SSV_USDT_PERP,做空,1787297100000,2026-08-21 15:25,2.816,2.816,2.7033599999999995,2.9568,1787298000000,2026-08-21 15:40,2.9568,止損,False,False,-0.050000000000000044,-0.051000000000000045,3,0.25,
s=+0.0000|fill,0.0,fill,SSV_USDT_PERP,做空,1787301600000,2026-08-21 16:40,2.839,2.839,2.72544,2.98095,1787316300000,2026-08-21 20:45,2.98095,止損,False,False,-0.050000000000000044,-0.051000000000000045,49,4.083333333333333,
s=+0.0000|fill,0.0,fill,STABLE_USDT_PERP,做空,1787265000000,2026-08-21 06:30,0.03199,0.03199,0.030710399999999995,0.0335895,1787283900000,2026-08-21 11:45,0.030710399999999995,止盈,False,False,0.040000000000000036,0.039000000000000035,63,5.25,
s=+0.0000|fill,0.0,fill,STAR_USDT_PERP,做空,1786962600000,2026-08-17 18:30,0.12102,0.12102,0.1161792,0.12707100000000002,1786969800000,2026-08-17 20:30,0.12707100000000002,止損,False,False,-0.050000000000000044,-0.051000000000000045,24,2.0,
s=+0.0000|fill,0.0,fill,STAR_USDT_PERP,做空,1787113200000,2026-08-19 12:20,0.13046,0.13046,0.12524159999999998,0.136983,1787117400000,2026-08-19 13:30,0.136983,止損,False,False,-0.050000000000000044,-0.051000000000000045,14,1.1666666666666667,
s=+0.0000|fill,0.0,fill,STAR_USDT_PERP,做空,1787316900000,2026-08-21 20:55,0.16075,0.16075,0.15431999999999998,0.1687875,1787317200000,2026-08-21 21:00,0.15431999999999998,止盈,False,False,0.04000000000000015,0.039000000000000146,1,0.08333333333333333,
s=+0.0000|fill,0.0,fill,STAR_USDT_PERP,做空,1787565300000,2026-08-24 17:55,0.14315,0.14315,0.137424,0.1503075,1787566500000,2026-08-24 18:15,0.137424,止盈,False,False,0.040000000000000036,0.039000000000000035,4,0.3333333333333333,
s=+0.0000|fill,0.0,fill,SUPER_USDT_PERP,做空,1787577300000,2026-08-24 21:15,0.1293,0.1293,0.12412799999999999,0.135765,1787577600000,2026-08-24 21:20,0.12412799999999999,止盈,False,False,0.040000000000000036,0.039000000000000035,1,0.08333333333333333,
s=+0.0000|fill,0.0,fill,SUPER_USDT_PERP,做空,1787581200000,2026-08-24 22:20,0.1344,0.1344,0.129024,0.14112,1787582400000,2026-08-24 22:40,0.129024,止盈,False,False,0.039999999999999925,0.038999999999999924,4,0.3333333333333333,
s=+0.0000|fill,0.0,fill,SUSHI_USDT_PERP,做空,1788630000000,2026-09-06 01:40,0.2401,0.2401,0.230496,0.252105,1788631200000,2026-09-06 02:00,0.252105,止損,False,False,-0.050000000000000044,-0.051000000000000045,4,0.3333333333333333,
s=+0.0000|fill,0.0,fill,SUSHI_USDT_PERP,做空,1788636300000,2026-09-06 03:25,0.2775,0.2775,0.2664,0.29137500000000005,1788637200000,2026-09-06 03:40,0.2664,止盈,False,False,0.040000000000000036,0.039000000000000035,3,0.25,
s=+0.0000|fill,0.0,fill,TAC_USDT_PERP,做空,1787438100000,2026-08-23 06:35,0.001749,0.001749,0.00167904,0.0018364499999999999,1787438700000,2026-08-23 06:45,0.00167904,止盈,False,False,0.040000000000000036,0.039000000000000035,2,0.16666666666666666,
s=+0.0000|fill,0.0,fill,TA_USDT_PERP,做空,1789214400000,2026-09-12 20:00,0.06008,0.06008,0.0576768,0.063084,1789241100000,2026-09-13 03:25,0.0576768,止盈,False,False,0.040000000000000036,0.039000000000000035,89,7.416666666666667,
s=+0.0000|fill,0.0,fill,TLM_USDT_PERP,做空,1787670300000,2026-08-25 23:05,0.001672,0.001672,0.00160512,0.0017556000000000002,1787674200000,2026-08-26 00:10,0.00160512,止盈,False,False,0.040000000000000036,0.039000000000000035,13,1.0833333333333333,
s=+0.0000|fill,0.0,fill,TNSR_USDT_PERP,做空,1788096000000,2026-08-30 21:20,0.04212,0.04212,0.0404352,0.044226,1788096300000,2026-08-30 21:25,0.0404352,止盈,False,False,0.040000000000000036,0.039000000000000035,1,0.08333333333333333,
s=+0.0000|fill,0.0,fill,TRADOOR_USDT_PERP,做空,1788592200000,2026-09-05 15:10,0.7411,0.7411,0.711456,0.778155,1788592500000,2026-09-05 15:15,0.778155,止損,True,False,-0.050000000000000044,-0.051000000000000045,1,0.08333333333333333,同一根同時觸發→保守計止損
s=+0.0000|fill,0.0,fill,TRB_USDT_PERP,做空,1787365800000,2026-08-22 10:30,21.825,21.825,20.951999999999998,22.91625,1787367600000,2026-08-22 11:00,20.951999999999998,止盈,False,False,0.040000000000000036,0.039000000000000035,6,0.5,
s=+0.0000|fill,0.0,fill,TREE_USDT_PERP,做空,1787150100000,2026-08-19 22:35,0.04051,0.04051,0.038889599999999996,0.0425355,1787152500000,2026-08-19 23:15,0.0425355,止損,False,False,-0.050000000000000044,-0.051000000000000045,8,0.6666666666666666,
s=+0.0000|fill,0.0,fill,TREE_USDT_PERP,做空,1787156100000,2026-08-20 00:15,0.04573,0.04573,0.0439008,0.048016500000000004,1787157300000,2026-08-20 00:35,0.0439008,止盈,False,False,0.040000000000000036,0.039000000000000035,4,0.3333333333333333,
s=+0.0000|fill,0.0,fill,TREE_USDT_PERP,做空,1789172400000,2026-09-12 08:20,0.04535,0.04535,0.043536,0.0476175,1789172700000,2026-09-12 08:25,0.043536,止盈,False,False,0.040000000000000036,0.039000000000000035,1,0.08333333333333333,
s=+0.0000|fill,0.0,fill,TRIA_USDT_PERP,做空,1788495300000,2026-09-04 12:15,0.0049,0.0049,0.004704,0.005145,1788495600000,2026-09-04 12:20,0.004704,止盈,False,False,0.040000000000000036,0.039000000000000035,1,0.08333333333333333,
s=+0.0000|fill,0.0,fill,TRIA_USDT_PERP,做空,1788503700000,2026-09-04 14:35,0.00525,0.00525,0.00504,0.005512500000000001,1788506400000,2026-09-04 15:20,0.00504,止盈,False,False,0.040000000000000036,0.039000000000000035,9,0.75,
s=+0.0000|fill,0.0,fill,TRUMP_USDT_PERP,做空,1787175000000,2026-08-20 05:30,1.707,1.707,1.63872,1.79235,1787181600000,2026-08-20 07:20,1.79235,止損,False,False,-0.050000000000000044,-0.051000000000000045,22,1.8333333333333333,
s=+0.0000|fill,0.0,fill,US_USDT_PERP,做空,1787325300000,2026-08-21 23:15,0.01978,0.01978,0.018988799999999997,0.020769,1787325600000,2026-08-21 23:20,0.020769,止損,False,False,-0.050000000000000044,-0.051000000000000045,1,0.08333333333333333,
s=+0.0000|fill,0.0,fill,US_USDT_PERP,做空,1787329500000,2026-08-22 00:25,0.02225,0.02225,0.021359999999999997,0.0233625,1787330400000,2026-08-22 00:40,0.0233625,止損,False,False,-0.050000000000000044,-0.051000000000000045,3,0.25,
s=+0.0000|fill,0.0,fill,WAL_USDT_PERP,做空,1786788900000,2026-08-15 18:15,0.0272,0.0272,0.026111999999999996,0.02856,1786791000000,2026-08-15 18:50,0.026111999999999996,止盈,False,False,0.040000000000000036,0.039000000000000035,7,0.5833333333333334,
s=+0.0000|fill,0.0,fill,XPIN_USDT_PERP,做空,1786950300000,2026-08-17 15:05,0.001551,0.001551,0.0014889600000000001,0.00162855,1786951200000,2026-08-17 15:20,0.0014889600000000001,止盈,False,False,0.039999999999999925,0.038999999999999924,3,0.25,
s=+0.0000|fill,0.0,fill,XPIN_USDT_PERP,做空,1787291700000,2026-08-21 13:55,0.001328,0.001328,0.00127488,0.0013944,1787294700000,2026-08-21 14:45,0.00127488,止盈,False,False,0.040000000000000036,0.039000000000000035,10,0.8333333333333334,
s=+0.0000|fill,0.0,fill,XPIN_USDT_PERP,做空,1789367400000,2026-09-14 14:30,0.000886,0.000886,0.0008505599999999999,0.0009303,1789367700000,2026-09-14 14:35,0.0009303,止損,False,False,-0.050000000000000044,-0.051000000000000045,1,0.08333333333333333,
s=+0.0000|fill,0.0,fill,XVG_USDT_PERP,做空,1787370900000,2026-08-22 11:55,0.002919,0.002919,0.00280224,0.0030649500000000003,1787371500000,2026-08-22 12:05,0.00280224,止盈,False,False,0.040000000000000036,0.039000000000000035,2,0.16666666666666666,
s=+0.0000|fill,0.0,fill,ZEST_USDT_PERP,做空,1787740800000,2026-08-26 18:40,0.16483,0.16483,0.1582368,0.17307150000000002,1787743500000,2026-08-26 19:25,0.1582368,止盈,False,False,0.039999999999999925,0.038999999999999924,9,0.75,
s=+0.0000|fill,0.0,fill,ZEST_USDT_PERP,做空,1788426900000,2026-09-03 17:15,0.15617,0.15617,0.1499232,0.1639785,1788427200000,2026-09-03 17:20,0.1639785,止損,True,False,-0.050000000000000044,-0.051000000000000045,1,0.08333333333333333,同一根同時觸發→保守計止損
s=+0.0000|fill,0.0,fill,ZEST_USDT_PERP,做空,1788433500000,2026-09-03 19:05,0.14801,0.14801,0.1420896,0.1554105,1788454200000,2026-09-04 00:50,0.1554105,止損,False,False,-0.050000000000000044,-0.051000000000000045,69,5.75,
s=+0.0000|fill,0.0,fill,ZKC_USDT_PERP,做空,1788061500000,2026-08-30 11:45,0.049,0.049,0.04704,0.05145,1788062100000,2026-08-30 11:55,0.04704,止盈,False,False,0.040000000000000036,0.039000000000000035,2,0.16666666666666666,
s=+0.0000|fill,0.0,fill,ZKC_USDT_PERP,做空,1788076200000,2026-08-30 15:50,0.0528,0.0528,0.050688,0.05544,1788081600000,2026-08-30 17:20,0.05544,止損,False,False,-0.050000000000000044,-0.051000000000000045,18,1.5,
s=+0.0000|fill,0.0,fill,ZKP_USDT_PERP,做空,1788017400000,2026-08-29 23:30,0.05268,0.05268,0.050572799999999994,0.055314,1788018000000,2026-08-29 23:40,0.050572799999999994,止盈,False,False,0.040000000000000036,0.039000000000000035,2,0.16666666666666666,
s=+0.0000|fill,0.0,fill,ZORA_USDT_PERP,做空,1787316300000,2026-08-21 20:45,0.00687,0.00687,0.0065952,0.0072135,1787317200000,2026-08-21 21:00,0.0072135,止損,False,False,-0.050000000000000044,-0.051000000000000045,3,0.25,
s=+0.0000|fill,0.0,fill,ZORA_USDT_PERP,做空,1787321100000,2026-08-21 22:05,0.00706,0.00706,0.0067776,0.007413,1787323200000,2026-08-21 22:40,0.0067776,止盈,False,False,0.040000000000000036,0.039000000000000035,7,0.5833333333333334,
s=+0.0000|fill,0.0,fill,ZORA_USDT_PERP,做空,1788124200000,2026-08-31 05:10,0.00815,0.00815,0.007824,0.0085575,1788124800000,2026-08-31 05:20,0.0085575,止損,False,False,-0.050000000000000044,-0.051000000000000045,2,0.16666666666666666,
s=+0.0000|fill,0.0,fill,ZRO_USDT_PERP,做空,1787665200000,2026-08-25 21:40,1.2411,1.2411,1.191456,1.303155,1787665800000,2026-08-25 21:50,1.191456,止盈,False,False,0.040000000000000036,0.039000000000000035,2,0.16666666666666666,
s=+0.0000|fill,0.0,fill,ZRO_USDT_PERP,做空,1787669700000,2026-08-25 22:55,1.2125,1.2125,1.164,1.273125,1787670900000,2026-08-25 23:15,1.164,止盈,False,False,0.040000000000000036,0.039000000000000035,4,0.3333333333333333,
s=+0.0000|fill,0.0,fill,哈基米_USDT_PERP,做空,1789068300000,2026-09-11 03:25,0.03622,0.03622,0.0347712,0.038031,1789069500000,2026-09-11 03:45,0.038031,止損,False,False,-0.050000000000000044,-0.051000000000000045,4,0.3333333333333333,
s=+0.0000|fill,0.0,fill,哈基米_USDT_PERP,做空,1789098300000,2026-09-11 11:45,0.0411,0.0411,0.039456,0.043155,1789099500000,2026-09-11 12:05,0.039456,止盈,False,False,0.040000000000000036,0.039000000000000035,4,0.3333333333333333,
s=+0.0000|fill,0.0,fill,哈基米_USDT_PERP,做空,1789103100000,2026-09-11 13:05,0.04118,0.04118,0.0395328,0.04323900000000001,1789103700000,2026-09-11 13:15,0.0395328,止盈,False,False,0.040000000000000036,0.039000000000000035,2,0.16666666666666666,
s=+0.0000|fill,0.0,fill,我踏马来了_USDT_PERP,做空,1788010200000,2026-08-29 21:30,0.014341,0.014341,0.01376736,0.01505805,1788010500000,2026-08-29 21:35,0.01376736,止盈,False,False,0.040000000000000036,0.039000000000000035,1,0.08333333333333333,
s=+0.0000|fill,0.0,fill,我踏马来了_USDT_PERP,做空,1789083600000,2026-09-11 07:40,0.012087,0.012087,0.01160352,0.01269135,1789094100000,2026-09-11 10:35,0.01269135,止損,False,False,-0.050000000000000044,-0.051000000000000045,35,2.9166666666666665,
s=+0.0000|fill,0.0,fill,我踏马来了_USDT_PERP,做空,1789190100000,2026-09-12 13:15,0.015,0.015,0.0144,0.01575,1789190400000,2026-09-12 13:20,0.0144,止盈,False,False,0.040000000000000036,0.039000000000000035,1,0.08333333333333333,
s=-0.0010|signal,-0.001,signal,0G_USDT_PERP,做空,1788174300000,2026-08-31 19:05,0.2285,0.22827150000000002,0.21936,0.23992500000000003,1788177900000,2026-08-31 20:05,0.21936,止盈,False,False,0.03903903903903916,0.03803903903903916,12,1.0,
s=-0.0010|signal,-0.001,signal,4_USDT_PERP,做空,1787999100000,2026-08-29 18:25,0.01703,0.01701297,0.0163488,0.0178815,1788000600000,2026-08-29 18:50,0.0163488,止盈,False,False,0.039039039039038936,0.038039039039038935,5,0.4166666666666667,
s=-0.0010|signal,-0.001,signal,4_USDT_PERP,做空,1788539700000,2026-09-05 00:35,0.01808,0.01806192,0.0173568,0.018984,1788540300000,2026-09-05 00:45,0.018984,止損,False,False,-0.05105105105105112,-0.05205105105105112,2,0.16666666666666666,
s=-0.0010|signal,-0.001,signal,4_USDT_PERP,做空,1788544500000,2026-09-05 01:55,0.02088,0.02085912,0.020044799999999998,0.021924,1788545700000,2026-09-05 02:15,0.021924,止損,False,False,-0.05105105105105112,-0.05205105105105112,4,0.3333333333333333,
s=-0.0010|signal,-0.001,signal,4_USDT_PERP,做空,1788549300000,2026-09-05 03:15,0.02226,0.02223774,0.0213696,0.023372999999999998,1788550200000,2026-09-05 03:30,0.0213696,止盈,False,False,0.03903903903903905,0.038039039039039046,3,0.25,
s=-0.0010|signal,-0.001,signal,4_USDT_PERP,做空,1788777900000,2026-09-07 18:45,0.02664,0.02661336,0.0255744,0.027972,1788779100000,2026-09-07 19:05,0.0255744,止盈,False,False,0.039039039039038936,0.038039039039038935,4,0.3333333333333333,
s=-0.0010|signal,-0.001,signal,ACE_USDT_PERP,做空,1788265800000,2026-09-01 20:30,0.18806,0.18787194000000002,0.1805376,0.19746300000000003,1788266700000,2026-09-01 20:45,0.1805376,止盈,False,False,0.03903903903903916,0.03803903903903916,3,0.25,
s=-0.0010|signal,-0.001,signal,AGT_USDT_PERP,做空,1788193800000,2026-09-01 00:30,0.017237,0.017219763,0.01654752,0.01809885,1788194100000,2026-09-01 00:35,0.01654752,止盈,False,False,0.03903903903903905,0.038039039039039046,1,0.08333333333333333,
s=-0.0010|signal,-0.001,signal,AGT_USDT_PERP,做空,1788198600000,2026-09-01 01:50,0.017307,0.017289693,0.01661472,0.01817235,1788212100000,2026-09-01 05:35,0.01661472,止盈,False,False,0.039039039039038936,0.038039039039038935,45,3.75,
s=-0.0010|signal,-0.001,signal,AGT_USDT_PERP,做空,1788236400000,2026-09-01 12:20,0.018968,0.018949031999999998,0.018209279999999998,0.0199164,1788236700000,2026-09-01 12:25,0.018209279999999998,止盈,False,False,0.03903903903903905,0.038039039039039046,1,0.08333333333333333,
s=-0.0010|signal,-0.001,signal,AIN_USDT_PERP,做空,1789365000000,2026-09-14 13:50,0.10972,0.10961028,0.1053312,0.115206,1789365600000,2026-09-14 14:00,0.1053312,止盈,False,False,0.03903903903903905,0.038039039039039046,2,0.16666666666666666,
s=-0.0010|signal,-0.001,signal,AIN_USDT_PERP,做空,1789369200000,2026-09-14 15:00,0.10454,0.10443546,0.10035839999999999,0.109767,1789371000000,2026-09-14 15:30,0.10035839999999999,止盈,False,False,0.03903903903903916,0.03803903903903916,6,0.5,
s=-0.0010|signal,-0.001,signal,ALCH_USDT_PERP,做空,1787734500000,2026-08-26 16:55,0.03262,0.032587380000000006,0.0313152,0.034251000000000004,1787734800000,2026-08-26 17:00,0.0313152,止盈,False,False,0.03903903903903916,0.03803903903903916,1,0.08333333333333333,
s=-0.0010|signal,-0.001,signal,ANIME_USDT_PERP,做空,1789024500000,2026-09-10 15:15,0.003552,0.003548448,0.00340992,0.0037296,1789025400000,2026-09-10 15:30,0.00340992,止盈,False,False,0.03903903903903905,0.038039039039039046,3,0.25,
s=-0.0010|signal,-0.001,signal,APR_USDT_PERP,做空,1787060700000,2026-08-18 21:45,0.2187,0.21848130000000002,0.209952,0.229635,1787061300000,2026-08-18 21:55,0.209952,止盈,False,False,0.03903903903903916,0.03803903903903916,2,0.16666666666666666,
s=-0.0010|signal,-0.001,signal,APR_USDT_PERP,做空,1788454200000,2026-09-04 00:50,0.269,0.268731,0.25824,0.28245000000000003,1788454500000,2026-09-04 00:55,0.25824,止盈,False,False,0.039039039039038936,0.038039039039038935,1,0.08333333333333333,
s=-0.0010|signal,-0.001,signal,APR_USDT_PERP,做空,1788463200000,2026-09-04 03:20,0.2691,0.2688309,0.258336,0.282555,1788464100000,2026-09-04 03:35,0.282555,止損,False,False,-0.05105105105105112,-0.05205105105105112,3,0.25,
s=-0.0010|signal,-0.001,signal,APR_USDT_PERP,做空,1788468300000,2026-09-04 04:45,0.27595,0.27567404999999995,0.264912,0.2897475,1788475200000,2026-09-04 06:40,0.264912,止盈,False,False,0.039039039039038936,0.038039039039038935,23,1.9166666666666667,
s=-0.0010|signal,-0.001,signal,ASTR_USDT_PERP,做空,1789434300000,2026-09-15 09:05,0.006865,0.006858135,0.0065904,0.00720825,1789434600000,2026-09-15 09:10,0.00720825,止損,False,False,-0.05105105105105112,-0.05205105105105112,1,0.08333333333333333,
s=-0.0010|signal,-0.001,signal,ASTR_USDT_PERP,做空,1789438800000,2026-09-15 10:20,0.007216,0.007208784,0.00692736,0.007576800000000001,1789439100000,2026-09-15 10:25,0.007576800000000001,止損,False,False,-0.05105105105105112,-0.05205105105105112,1,0.08333333333333333,
s=-0.0010|signal,-0.001,signal,AXL_USDT_PERP,做空,1789452900000,2026-09-15 14:15,0.0529,0.0528471,0.050784,0.055545000000000004,1789453500000,2026-09-15 14:25,0.050784,止盈,False,False,0.03903903903903905,0.038039039039039046,2,0.16666666666666666,
s=-0.0010|signal,-0.001,signal,BAND_USDT_PERP,做空,1788025200000,2026-08-30 01:40,0.201,0.200799,0.19296,0.21105000000000002,1788028500000,2026-08-30 02:35,0.19296,止盈,False,False,0.03903903903903905,0.038039039039039046,11,0.9166666666666666,
s=-0.0010|signal,-0.001,signal,BAS_USDT_PERP,做空,1787743500000,2026-08-26 19:25,0.026397,0.026370603,0.025341119999999998,0.02771685,1787753700000,2026-08-26 22:15,0.025341119999999998,止盈,False,False,0.03903903903903905,0.038039039039039046,34,2.8333333333333335,
s=-0.0010|signal,-0.001,signal,BAS_USDT_PERP,做空,1787912100000,2026-08-28 18:15,0.032049,0.032016951,0.03076704,0.03365145,1787912700000,2026-08-28 18:25,0.03076704,止盈,False,False,0.03903903903903916,0.03803903903903916,2,0.16666666666666666,
s=-0.0010|signal,-0.001,signal,BB_USDT_PERP,做空,1787304300000,2026-08-21 17:25,0.01309,0.013076909999999999,0.012566399999999998,0.0137445,1787304600000,2026-08-21 17:30,0.0137445,止損,False,False,-0.05105105105105112,-0.05205105105105112,1,0.08333333333333333,
s=-0.0010|signal,-0.001,signal,BEAMX_USDT_PERP,做空,1787821200000,2026-08-27 17:00,0.002139,0.002136861,0.0020534399999999997,0.00224595,1787822100000,2026-08-27 17:15,0.0020534399999999997,止盈,False,False,0.03903903903903916,0.03803903903903916,3,0.25,
s=-0.0010|signal,-0.001,signal,BICO_USDT_PERP,做空,1787745600000,2026-08-26 20:00,0.02381,0.023786190000000002,0.0228576,0.025000500000000002,1787745900000,2026-08-26 20:05,0.0228576,止盈,False,False,0.03903903903903916,0.03803903903903916,1,0.08333333333333333,
s=-0.0010|signal,-0.001,signal,BICO_USDT_PERP,做空,1787757900000,2026-08-26 23:25,0.02631,0.02628369,0.025257599999999998,0.0276255,1787758800000,2026-08-26 23:40,0.025257599999999998,止盈,False,False,0.03903903903903905,0.038039039039039046,3,0.25,
s=-0.0010|signal,-0.001,signal,BLESS_USDT_PERP,做空,1787321700000,2026-08-21 22:15,0.00862,0.008611379999999998,0.008275199999999998,0.009051,1787322300000,2026-08-21 22:25,0.008275199999999998,止盈,False,False,0.03903903903903905,0.038039039039039046,2,0.16666666666666666,
s=-0.0010|signal,-0.001,signal,BLUR_USDT_PERP,做空,1789140000000,2026-09-11 23:20,0.02085,0.02082915,0.020016,0.021892500000000002,1789140900000,2026-09-11 23:35,0.020016,止盈,False,False,0.03903903903903916,0.03803903903903916,3,0.25,
s=-0.0010|signal,-0.001,signal,BR_USDT_PERP,做空,1789358100000,2026-09-14 11:55,0.36686,0.36649314,0.3521856,0.385203,1789358400000,2026-09-14 12:00,0.385203,止損,False,False,-0.05105105105105112,-0.05205105105105112,1,0.08333333333333333,
s=-0.0010|signal,-0.001,signal,BTR_USDT_PERP,做空,1787553000000,2026-08-24 14:30,0.03322,0.03318678,0.0318912,0.034881,1787553900000,2026-08-24 14:45,0.034881,止損,False,False,-0.05105105105105112,-0.05205105105105112,3,0.25,
s=-0.0010|signal,-0.001,signal,BTR_USDT_PERP,做空,1787557800000,2026-08-24 15:50,0.03466,0.034625340000000004,0.0332736,0.036393,1787559000000,2026-08-24 16:10,0.036393,止損,False,False,-0.0510510510510509,-0.0520510510510509,4,0.3333333333333333,
s=-0.0010|signal,-0.001,signal,BTR_USDT_PERP,做空,1787716800000,2026-08-26 12:00,0.04071,0.040669290000000004,0.0390816,0.042745500000000006,1787717100000,2026-08-26 12:05,0.042745500000000006,止損,False,False,-0.05105105105105112,-0.05205105105105112,1,0.08333333333333333,
s=-0.0010|signal,-0.001,signal,BTW_USDT_PERP,做空,1789302300000,2026-09-13 20:25,0.699394,0.698694606,0.6714182399999999,0.7343637,1789303800000,2026-09-13 20:50,0.6714182399999999,止盈,False,False,0.03903903903903916,0.03803903903903916,5,0.4166666666666667,
s=-0.0010|signal,-0.001,signal,BULLA_USDT_PERP,做空,1787003400000,2026-08-18 05:50,0.02062,0.02059938,0.0197952,0.021651,1787003700000,2026-08-18 05:55,0.0197952,止盈,False,False,0.03903903903903916,0.03803903903903916,1,0.08333333333333333,
s=-0.0010|signal,-0.001,signal,B_USDT_PERP,做空,1788589500000,2026-09-05 14:25,0.2168,0.2165832,0.20812799999999998,0.22764,1788589800000,2026-09-05 14:30,0.20812799999999998,止盈,False,False,0.03903903903903916,0.03803903903903916,1,0.08333333333333333,
s=-0.0010|signal,-0.001,signal,B_USDT_PERP,做空,1788593400000,2026-09-05 15:30,0.1992,0.19900079999999998,0.19123199999999999,0.20915999999999998,1788601200000,2026-09-05 17:40,0.19123199999999999,止盈,False,False,0.03903903903903905,0.038039039039039046,26,2.1666666666666665,
s=-0.0010|signal,-0.001,signal,CAP_USDT_PERP,做空,1788492000000,2026-09-04 11:20,0.05311,0.053056889999999995,0.0509856,0.0557655,1788492600000,2026-09-04 11:30,0.0509856,止盈,False,False,0.039039039039038936,0.038039039039038935,2,0.16666666666666666,
s=-0.0010|signal,-0.001,signal,CAP_USDT_PERP,做空,1788773100000,2026-09-07 17:25,0.04997,0.04992003,0.0479712,0.0524685,1788779100000,2026-09-07 19:05,0.0479712,止盈,False,False,0.03903903903903905,0.038039039039039046,20,1.6666666666666667,
s=-0.0010|signal,-0.001,signal,CAP_USDT_PERP,做空,1789388700000,2026-09-14 20:25,0.06824,0.06817176,0.0655104,0.071652,1789389000000,2026-09-14 20:30,0.0655104,止盈,False,False,0.03903903903903905,0.038039039039039046,1,0.08333333333333333,
s=-0.0010|signal,-0.001,signal,CASHCAT_USDT_PERP,做空,1789135500000,2026-09-11 22:05,0.1886,0.18841139999999998,0.181056,0.19803,1789142100000,2026-09-11 23:55,0.181056,止盈,False,False,0.039039039039038936,0.038039039039038935,22,1.8333333333333333,
s=-0.0010|signal,-0.001,signal,CATI_USDT_PERP,做空,1788447000000,2026-09-03 22:50,0.06712,0.06705288,0.0644352,0.070476,1788453600000,2026-09-04 00:40,0.0644352,止盈,False,False,0.03903903903903905,0.038039039039039046,22,1.8333333333333333,
s=-0.0010|signal,-0.001,signal,CFG_USDT_PERP,做空,1788751800000,2026-09-07 11:30,0.1336,0.13346639999999999,0.12825599999999998,0.14028000000000002,1788753000000,2026-09-07 11:50,0.12825599999999998,止盈,False,False,0.03903903903903905,0.038039039039039046,4,0.3333333333333333,
s=-0.0010|signal,-0.001,signal,CHIP_USDT_PERP,做空,1788423300000,2026-09-03 16:15,0.05177,0.05171823,0.04969919999999999,0.0543585,1788434400000,2026-09-03 19:20,0.04969919999999999,止盈,False,False,0.03903903903903916,0.03803903903903916,37,3.0833333333333335,
s=-0.0010|signal,-0.001,signal,CLO_USDT_PERP,做空,1787046900000,2026-08-18 17:55,0.1373,0.1371627,0.131808,0.14416500000000002,1787054100000,2026-08-18 19:55,0.14416500000000002,止損,False,False,-0.05105105105105112,-0.05205105105105112,24,2.0,
s=-0.0010|signal,-0.001,signal,CLO_USDT_PERP,做空,1787970000000,2026-08-29 10:20,0.1143,0.1141857,0.10972799999999999,0.12001500000000001,1787972400000,2026-08-29 11:00,0.12001500000000001,止損,False,False,-0.05105105105105112,-0.05205105105105112,8,0.6666666666666666,
s=-0.0010|signal,-0.001,signal,CLO_USDT_PERP,做空,1788320100000,2026-09-02 11:35,0.1616,0.16143839999999998,0.155136,0.16968,1788322800000,2026-09-02 12:20,0.16968,止損,False,False,-0.05105105105105112,-0.05205105105105112,9,0.75,
s=-0.0010|signal,-0.001,signal,COLLECT_USDT_PERP,做空,1787230800000,2026-08-20 21:00,0.05943,0.05937057,0.057052799999999994,0.0624015,1787232300000,2026-08-20 21:25,0.0624015,止損,False,False,-0.05105105105105112,-0.05205105105105112,5,0.4166666666666667,
s=-0.0010|signal,-0.001,signal,COLLECT_USDT_PERP,做空,1788603000000,2026-09-05 18:10,0.09433,0.09423567,0.09055679999999999,0.0990465,1788603300000,2026-09-05 18:15,0.09055679999999999,止盈,False,False,0.03903903903903905,0.038039039039039046,1,0.08333333333333333,
s=-0.0010|signal,-0.001,signal,COTI_USDT_PERP,做空,1787342100000,2026-08-22 03:55,0.01225,0.01223775,0.01176,0.0128625,1787343000000,2026-08-22 04:10,0.0128625,止損,False,False,-0.05105105105105112,-0.05205105105105112,3,0.25,
s=-0.0010|signal,-0.001,signal,COTI_USDT_PERP,做空,1788690600000,2026-09-06 18:30,0.01845,0.01843155,0.017712000000000002,0.0193725,1788694200000,2026-09-06 19:30,0.017712000000000002,止盈,False,False,0.03903903903903905,0.038039039039039046,12,1.0,
s=-0.0010|signal,-0.001,signal,CROSS_USDT_PERP,做空,1786845000000,2026-08-16 09:50,0.10204,0.10193796000000001,0.0979584,0.10714200000000002,1786851900000,2026-08-16 11:45,0.10714200000000002,止損,False,False,-0.05105105105105112,-0.05205105105105112,23,1.9166666666666667,
s=-0.0010|signal,-0.001,signal,CTR_USDT_PERP,做空,1789280700000,2026-09-13 14:25,0.01166,0.01164834,0.0111936,0.012243,1789281000000,2026-09-13 14:30,0.0111936,止盈,False,False,0.03903903903903905,0.038039039039039046,1,0.08333333333333333,
s=-0.0010|signal,-0.001,signal,CTR_USDT_PERP,做空,1789453200000,2026-09-15 14:20,0.01231,0.01229769,0.0118176,0.0129255,1789454400000,2026-09-15 14:40,0.0118176,止盈,False,False,0.03903903903903905,0.038039039039039046,4,0.3333333333333333,
s=-0.0010|signal,-0.001,signal,CYS_USDT_PERP,做空,1789168500000,2026-09-12 07:15,0.1593,0.1591407,0.15292799999999998,0.167265,1789170000000,2026-09-12 07:40,0.15292799999999998,止盈,False,False,0.03903903903903916,0.03803903903903916,5,0.4166666666666667,
s=-0.0010|signal,-0.001,signal,DASH_USDT_PERP,做空,1787367600000,2026-08-22 11:00,46.84,46.79316,44.9664,49.182,1787370900000,2026-08-22 11:55,44.9664,止盈,False,False,0.03903903903903905,0.038039039039039046,11,0.9166666666666666,
s=-0.0010|signal,-0.001,signal,DOGS_USDT_PERP,做空,1788200100000,2026-09-01 02:15,4.62e-05,4.61538e-05,4.4352e-05,4.851e-05,1788207600000,2026-09-01 04:20,4.4352e-05,止盈,False,False,0.03903903903903905,0.038039039039039046,25,2.0833333333333335,
s=-0.0010|signal,-0.001,signal,EDEN_USDT_PERP,做空,1786982100000,2026-08-17 23:55,0.05434,0.05428566,0.052166399999999995,0.057057000000000004,1786982700000,2026-08-18 00:05,0.052166399999999995,止盈,False,False,0.03903903903903916,0.03803903903903916,2,0.16666666666666666,
s=-0.0010|signal,-0.001,signal,EDGE_USDT_PERP,做空,1787213100000,2026-08-20 16:05,0.364,0.363636,0.34944,0.3822,1787219700000,2026-08-20 17:55,0.34944,止盈,False,False,0.03903903903903916,0.03803903903903916,22,1.8333333333333333,
s=-0.0010|signal,-0.001,signal,ELSA_USDT_PERP,做空,1788569700000,2026-09-05 08:55,0.05706,0.05700294,0.054777599999999996,0.059913,1788571800000,2026-09-05 09:30,0.054777599999999996,止盈,False,False,0.03903903903903916,0.03803903903903916,7,0.5833333333333334,
s=-0.0010|signal,-0.001,signal,FF_USDT_PERP,做空,1788270000000,2026-09-01 21:40,0.09488,0.09478512,0.09108480000000001,0.099624,1788270600000,2026-09-01 21:50,0.099624,止損,False,False,-0.05105105105105112,-0.05205105105105112,2,0.16666666666666666,
s=-0.0010|signal,-0.001,signal,FF_USDT_PERP,做空,1788274200000,2026-09-01 22:50,0.10179,0.10168821,0.0977184,0.10687950000000002,1788275700000,2026-09-01 23:15,0.0977184,止盈,False,False,0.03903903903903905,0.038039039039039046,5,0.4166666666666667,
s=-0.0010|signal,-0.001,signal,FF_USDT_PERP,做空,1789447800000,2026-09-15 12:50,0.15524,0.15508476,0.14903039999999998,0.163002,1789448100000,2026-09-15 12:55,0.14903039999999998,止盈,False,False,0.03903903903903905,0.038039039039039046,1,0.08333333333333333,
s=-0.0010|signal,-0.001,signal,FHE_USDT_PERP,做空,1786983300000,2026-08-18 00:15,0.03218,0.03214782,0.030892799999999998,0.033789,1786983600000,2026-08-18 00:20,0.030892799999999998,止盈,False,False,0.03903903903903916,0.03803903903903916,1,0.08333333333333333,
s=-0.0010|signal,-0.001,signal,FLUID_USDT_PERP,做空,1787715900000,2026-08-26 11:45,1.535,1.5334649999999999,1.4735999999999998,1.61175,1787719200000,2026-08-26 12:40,1.61175,止損,False,False,-0.05105105105105112,-0.05205105105105112,11,0.9166666666666666,
s=-0.0010|signal,-0.001,signal,GPS_USDT_PERP,做空,1786941600000,2026-08-17 12:40,0.014967,0.014952033,0.014368319999999999,0.01571535,1786942800000,2026-08-17 13:00,0.014368319999999999,止盈,False,False,0.03903903903903916,0.03803903903903916,4,0.3333333333333333,
s=-0.0010|signal,-0.001,signal,GRIFFAIN_USDT_PERP,做空,1789197900000,2026-09-12 15:25,0.01287,0.01285713,0.012355199999999998,0.0135135,1789201500000,2026-09-12 16:25,0.0135135,止損,False,False,-0.05105105105105112,-0.05205105105105112,12,1.0,
s=-0.0010|signal,-0.001,signal,GWEI_USDT_PERP,做空,1787277300000,2026-08-21 09:55,0.02519,0.02516481,0.0241824,0.0264495,1787278500000,2026-08-21 10:15,0.0264495,止損,False,False,-0.05105105105105112,-0.05205105105105112,4,0.3333333333333333,
s=-0.0010|signal,-0.001,signal,HAEDAL_USDT_PERP,做空,1788856200000,2026-09-08 16:30,0.02249,0.02246751,0.0215904,0.0236145,1788859800000,2026-09-08 17:30,0.0215904,止盈,False,False,0.03903903903903905,0.038039039039039046,12,1.0,
s=-0.0010|signal,-0.001,signal,HANA_USDT_PERP,做空,1787647500000,2026-08-25 16:45,0.02054,0.02051946,0.019718399999999997,0.021567,1787650200000,2026-08-25 17:30,0.021567,止損,False,False,-0.05105105105105112,-0.05205105105105112,9,0.75,
s=-0.0010|signal,-0.001,signal,HEMI_USDT_PERP,做空,1787831400000,2026-08-27 19:50,0.00913,0.00912087,0.0087648,0.0095865,1787832300000,2026-08-27 20:05,0.0087648,止盈,False,False,0.03903903903903905,0.038039039039039046,3,0.25,
s=-0.0010|signal,-0.001,signal,HEMI_USDT_PERP,做空,1787858400000,2026-08-28 03:20,0.01009,0.01007991,0.0096864,0.0105945,1787864100000,2026-08-28 04:55,0.0096864,止盈,False,False,0.03903903903903905,0.038039039039039046,19,1.5833333333333333,
s=-0.0010|signal,-0.001,signal,HEMI_USDT_PERP,做空,1789403400000,2026-09-15 00:30,0.00705,0.00704295,0.006768,0.0074025,1789403700000,2026-09-15 00:35,0.006768,止盈,False,False,0.03903903903903905,0.038039039039039046,1,0.08333333333333333,
s=-0.0010|signal,-0.001,signal,IDOL_USDT_PERP,做空,1789473300000,2026-09-15 19:55,0.01197,0.01195803,0.0114912,0.0125685,1789473900000,2026-09-15 20:05,0.0114912,止盈,False,False,0.03903903903903905,0.038039039039039046,2,0.16666666666666666,
s=-0.0010|signal,-0.001,signal,IDOL_USDT_PERP,做空,1789478400000,2026-09-15 21:20,0.0114,0.0113886,0.010944,0.011970000000000001,1789479000000,2026-09-15 21:30,0.010944,止盈,False,False,0.03903903903903905,0.038039039039039046,2,0.16666666666666666,
s=-0.0010|signal,-0.001,signal,IOST_USDT_PERP,做空,1788763500000,2026-09-07 14:45,0.000892,0.000891108,0.0008563199999999999,0.0009366,1788764100000,2026-09-07 14:55,0.0008563199999999999,止盈,False,False,0.03903903903903916,0.03803903903903916,2,0.16666666666666666,
s=-0.0010|signal,-0.001,signal,KAT_USDT_PERP,做空,1788925200000,2026-09-09 11:40,0.006139,0.006132861000000001,0.00589344,0.006445950000000001,1788926700000,2026-09-09 12:05,0.00589344,止盈,False,False,0.03903903903903916,0.03803903903903916,5,0.4166666666666667,
s=-0.0010|signal,-0.001,signal,KERNEL_USDT_PERP,做空,1787824800000,2026-08-27 18:00,0.04664,0.04659336,0.0447744,0.048972,1787825100000,2026-08-27 18:05,0.0447744,止盈,False,False,0.03903903903903905,0.038039039039039046,1,0.08333333333333333,
s=-0.0010|signal,-0.001,signal,LAB_USDT_PERP,做空,1789122000000,2026-09-11 18:20,0.05873,0.05867127,0.056380799999999995,0.0616665,1789123500000,2026-09-11 18:45,0.0616665,止損,False,False,-0.05105105105105112,-0.05205105105105112,5,0.4166666666666667,
s=-0.0010|signal,-0.001,signal,LAYER_USDT_PERP,做空,1788710400000,2026-09-07 00:00,0.0881,0.0880119,0.084576,0.092505,1788711300000,2026-09-07 00:15,0.084576,止盈,False,False,0.03903903903903905,0.038039039039039046,3,0.25,
s=-0.0010|signal,-0.001,signal,LA_USDT_PERP,做空,1788312300000,2026-09-02 09:25,0.06491,0.06484509,0.0623136,0.0681555,1788319200000,2026-09-02 11:20,0.0623136,止盈,False,False,0.03903903903903905,0.038039039039039046,23,1.9166666666666667,
s=-0.0010|signal,-0.001,signal,LIGHT_USDT_PERP,做空,1787730600000,2026-08-26 15:50,0.1766,0.1764234,0.169536,0.18543,1787736300000,2026-08-26 17:25,0.169536,止盈,False,False,0.03903903903903916,0.03803903903903916,19,1.5833333333333333,
s=-0.0010|signal,-0.001,signal,LIGHT_USDT_PERP,做空,1787909400000,2026-08-28 17:30,0.2318,0.2315682,0.222528,0.24339000000000002,1787911500000,2026-08-28 18:05,0.222528,止盈,False,False,0.03903903903903905,0.038039039039039046,7,0.5833333333333334,
s=-0.0010|signal,-0.001,signal,LSK_USDT_PERP,做空,1787754600000,2026-08-26 22:30,0.112,0.111888,0.10752,0.11760000000000001,1787755200000,2026-08-26 22:40,0.10752,止盈,False,False,0.03903903903903905,0.038039039039039046,2,0.16666666666666666,
s=-0.0010|signal,-0.001,signal,LUNA2_USDT_PERP,做空,1788782700000,2026-09-07 20:05,0.05437,0.054315630000000004,0.0521952,0.05708850000000001,1788784500000,2026-09-07 20:35,0.0521952,止盈,False,False,0.03903903903903916,0.03803903903903916,6,0.5,
s=-0.0010|signal,-0.001,signal,MAGMA_USDT_PERP,做空,1787344200000,2026-08-22 04:30,0.32043,0.32010957,0.30761279999999996,0.3364515,1787347800000,2026-08-22 05:30,0.30761279999999996,止盈,False,False,0.03903903903903916,0.03803903903903916,12,1.0,
s=-0.0010|signal,-0.001,signal,MAGMA_USDT_PERP,做空,1789323300000,2026-09-14 02:15,0.26632,0.26605368,0.2556672,0.279636,1789324500000,2026-09-14 02:35,0.279636,止損,False,False,-0.0510510510510509,-0.0520510510510509,4,0.3333333333333333,
s=-0.0010|signal,-0.001,signal,MANTRA_USDT_PERP,做空,1787903400000,2026-08-28 15:50,0.00476,0.00475524,0.0045696,0.004998000000000001,1787905500000,2026-08-28 16:25,0.0045696,止盈,False,False,0.03903903903903905,0.038039039039039046,7,0.5833333333333334,
s=-0.0010|signal,-0.001,signal,MELANIA_USDT_PERP,做空,1787371800000,2026-08-22 12:10,0.1263,0.1261737,0.121248,0.132615,1787373300000,2026-08-22 12:35,0.132615,止損,False,False,-0.05105105105105112,-0.05205105105105112,5,0.4166666666666667,
s=-0.0010|signal,-0.001,signal,MOODENG_USDT_PERP,做空,1788629100000,2026-09-06 01:25,0.04783,0.04778217,0.045916799999999994,0.0502215,1788630300000,2026-09-06 01:45,0.045916799999999994,止盈,False,False,0.03903903903903916,0.03803903903903916,4,0.3333333333333333,
s=-0.0010|signal,-0.001,signal,MOODENG_USDT_PERP,做空,1789621200000,2026-09-17 13:00,0.04393,0.04388607,0.042172799999999996,0.0461265,1789622100000,2026-09-17 13:15,0.042172799999999996,止盈,False,False,0.03903903903903916,0.03803903903903916,3,0.25,
s=-0.0010|signal,-0.001,signal,MOVE_USDT_PERP,做空,1787371500000,2026-08-22 12:05,0.00853,0.00852147,0.0081888,0.0089565,1787374200000,2026-08-22 12:50,0.0089565,止損,False,False,-0.0510510510510509,-0.0520510510510509,9,0.75,
s=-0.0010|signal,-0.001,signal,MOVR_USDT_PERP,做空,1786800000000,2026-08-15 21:20,0.985,0.984015,0.9456,1.0342500000000001,1786800900000,2026-08-15 21:35,0.9456,止盈,False,False,0.03903903903903905,0.038039039039039046,3,0.25,
s=-0.0010|signal,-0.001,signal,MOVR_USDT_PERP,做空,1787802900000,2026-08-27 11:55,0.799,0.798201,0.76704,0.8389500000000001,1787803500000,2026-08-27 12:05,0.8389500000000001,止損,False,False,-0.05105105105105112,-0.05205105105105112,2,0.16666666666666666,
s=-0.0010|signal,-0.001,signal,MOVR_USDT_PERP,做空,1787807400000,2026-08-27 13:10,0.869,0.868131,0.83424,0.91245,1787807700000,2026-08-27 13:15,0.83424,止盈,False,False,0.03903903903903905,0.038039039039039046,1,0.08333333333333333,
s=-0.0010|signal,-0.001,signal,MUBARAK_USDT_PERP,做空,1788363600000,2026-09-02 23:40,0.02662,0.02659338,0.0255552,0.027951000000000004,1788364200000,2026-09-02 23:50,0.027951000000000004,止損,False,False,-0.05105105105105112,-0.05205105105105112,2,0.16666666666666666,
s=-0.0010|signal,-0.001,signal,NAORIS_USDT_PERP,做空,1788591000000,2026-09-05 14:50,0.03141,0.03137859,0.0301536,0.0329805,1788592200000,2026-09-05 15:10,0.0301536,止盈,False,False,0.03903903903903905,0.038039039039039046,4,0.3333333333333333,
s=-0.0010|signal,-0.001,signal,NAORIS_USDT_PERP,做空,1788691200000,2026-09-06 18:40,0.03484,0.03480516,0.0334464,0.036582,1788696600000,2026-09-06 20:10,0.036582,止損,False,False,-0.05105105105105112,-0.05205105105105112,18,1.5,
s=-0.0010|signal,-0.001,signal,NOM_USDT_PERP,做空,1788576000000,2026-09-05 10:40,0.001789,0.001787211,0.00171744,0.00187845,1788577200000,2026-09-05 11:00,0.00187845,止損,False,False,-0.05105105105105112,-0.05205105105105112,4,0.3333333333333333,
s=-0.0010|signal,-0.001,signal,NOM_USDT_PERP,做空,1788586800000,2026-09-05 13:40,0.002085,0.002082915,0.0020016,0.0021892500000000002,1788588000000,2026-09-05 14:00,0.0020016,止盈,False,False,0.039039039039038936,0.038039039039038935,4,0.3333333333333333,
s=-0.0010|signal,-0.001,signal,OG_USDT_PERP,做空,1787472300000,2026-08-23 16:05,3.071,3.0679290000000004,2.94816,3.2245500000000002,1787474100000,2026-08-23 16:35,2.94816,止盈,False,False,0.03903903903903916,0.03803903903903916,6,0.5,
s=-0.0010|signal,-0.001,signal,ONG_USDT_PERP,做空,1786929900000,2026-08-17 09:25,0.06165,0.06158835,0.059184,0.06473250000000001,1786930200000,2026-08-17 09:30,0.059184,止盈,False,False,0.03903903903903905,0.038039039039039046,1,0.08333333333333333,
s=-0.0010|signal,-0.001,signal,ONG_USDT_PERP,做空,1787232900000,2026-08-20 21:35,0.06947,0.06940053,0.0666912,0.07294350000000001,1787233500000,2026-08-20 21:45,0.07294350000000001,止損,False,False,-0.05105105105105112,-0.05205105105105112,2,0.16666666666666666,
s=-0.0010|signal,-0.001,signal,ONG_USDT_PERP,做空,1787237700000,2026-08-20 22:55,0.08127,0.08118873,0.0780192,0.08533349999999999,1787239800000,2026-08-20 23:30,0.0780192,止盈,False,False,0.03903903903903905,0.038039039039039046,7,0.5833333333333334,
s=-0.0010|signal,-0.001,signal,ONT_USDT_PERP,做空,1787258100000,2026-08-21 04:35,0.0544,0.054345599999999994,0.05222399999999999,0.05712,1787258400000,2026-08-21 04:40,0.05712,止損,False,False,-0.05105105105105112,-0.05205105105105112,1,0.08333333333333333,
s=-0.0010|signal,-0.001,signal,ONT_USDT_PERP,做空,1787262000000,2026-08-21 05:40,0.0513,0.0512487,0.04924799999999999,0.053865,1787270700000,2026-08-21 08:05,0.04924799999999999,止盈,False,False,0.03903903903903916,0.03803903903903916,29,2.4166666666666665,
s=-0.0010|signal,-0.001,signal,ON_USDT_PERP,做空,1788861900000,2026-09-08 18:05,0.211,0.210789,0.20256,0.22155,1788862800000,2026-09-08 18:20,0.20256,止盈,False,False,0.03903903903903916,0.03803903903903916,3,0.25,
s=-0.0010|signal,-0.001,signal,ORCA_USDT_PERP,做空,1788745800000,2026-09-07 09:50,1.642,1.640358,1.57632,1.7241,1788752400000,2026-09-07 11:40,1.57632,止盈,False,False,0.03903903903903905,0.038039039039039046,22,1.8333333333333333,
s=-0.0010|signal,-0.001,signal,PHA_USDT_PERP,做空,1788972600000,2026-09-10 00:50,0.03342,0.03338658,0.0320832,0.035091,1788973800000,2026-09-10 01:10,0.0320832,止盈,False,False,0.03903903903903905,0.038039039039039046,4,0.3333333333333333,
s=-0.0010|signal,-0.001,signal,PIEVERSE_USDT_PERP,做空,1787306700000,2026-08-21 18:05,1.1295,1.1283705,1.08432,1.185975,1787310300000,2026-08-21 19:05,1.08432,止盈,False,False,0.03903903903903905,0.038039039039039046,12,1.0,
s=-0.0010|signal,-0.001,signal,PIEVERSE_USDT_PERP,做空,1788789300000,2026-09-07 21:55,1.3018,1.3004982,1.249728,1.3668900000000002,1788793800000,2026-09-07 23:10,1.249728,止盈,False,False,0.03903903903903916,0.03803903903903916,15,1.25,
s=-0.0010|signal,-0.001,signal,PIXEL_USDT_PERP,做空,1786865400000,2026-08-16 15:30,0.00611,0.00610389,0.0058655999999999995,0.0064155,1786865700000,2026-08-16 15:35,0.0058655999999999995,止盈,False,False,0.03903903903903905,0.038039039039039046,1,0.08333333333333333,
s=-0.0010|signal,-0.001,signal,PORTAL_USDT_PERP,做空,1786885200000,2026-08-16 21:00,0.01597,0.01595403,0.015331200000000001,0.016768500000000002,1786886400000,2026-08-16 21:20,0.015331200000000001,止盈,False,False,0.03903903903903905,0.038039039039039046,4,0.3333333333333333,
s=-0.0010|signal,-0.001,signal,PORTAL_USDT_PERP,做空,1787544900000,2026-08-24 12:15,0.01602,0.01600398,0.015379199999999999,0.016821,1787545500000,2026-08-24 12:25,0.015379199999999999,止盈,False,False,0.03903903903903916,0.03803903903903916,2,0.16666666666666666,
s=-0.0010|signal,-0.001,signal,PORTAL_USDT_PERP,做空,1787721000000,2026-08-26 13:10,0.01896,0.018941040000000003,0.018201600000000002,0.019908000000000002,1787722200000,2026-08-26 13:30,0.019908000000000002,止損,False,False,-0.0510510510510509,-0.0520510510510509,4,0.3333333333333333,
s=-0.0010|signal,-0.001,signal,PORTAL_USDT_PERP,做空,1788444900000,2026-09-03 22:15,0.01665,0.01663335,0.015984,0.0174825,1788445200000,2026-09-03 22:20,0.015984,止盈,False,False,0.03903903903903905,0.038039039039039046,1,0.08333333333333333,
s=-0.0010|signal,-0.001,signal,POWR_USDT_PERP,做空,1789258200000,2026-09-13 08:10,0.06576,0.06569424,0.0631296,0.069048,1789258500000,2026-09-13 08:15,0.069048,止損,False,False,-0.0510510510510509,-0.0520510510510509,1,0.08333333333333333,
s=-0.0010|signal,-0.001,signal,POWR_USDT_PERP,做空,1789263000000,2026-09-13 09:30,0.0824,0.0823176,0.079104,0.08652,1789263600000,2026-09-13 09:40,0.079104,止盈,False,False,0.03903903903903916,0.03803903903903916,2,0.16666666666666666,
s=-0.0010|signal,-0.001,signal,POWR_USDT_PERP,做空,1789267800000,2026-09-13 10:50,0.08243,0.08234757000000001,0.0791328,0.0865515,1789268100000,2026-09-13 10:55,0.0791328,止盈,False,False,0.03903903903903916,0.03803903903903916,1,0.08333333333333333,
s=-0.0010|signal,-0.001,signal,PROMPT_USDT_PERP,做空,1788000900000,2026-08-29 18:55,0.02727,0.02724273,0.0261792,0.0286335,1788001200000,2026-08-29 19:00,0.0261792,止盈,False,False,0.03903903903903905,0.038039039039039046,1,0.08333333333333333,
s=-0.0010|signal,-0.001,signal,PROS_USDT_PERP,做空,1788927600000,2026-09-09 12:20,0.5005,0.49999949999999993,0.4804799999999999,0.525525,1788929100000,2026-09-09 12:45,0.525525,止損,False,False,-0.051051051051051344,-0.052051051051051345,5,0.4166666666666667,
s=-0.0010|signal,-0.001,signal,PTB_USDT_PERP,做空,1788529800000,2026-09-04 21:50,0.000816,0.0008151839999999999,0.00078336,0.0008568,1788530100000,2026-09-04 21:55,0.00078336,止盈,False,False,0.039039039039038936,0.038039039039038935,1,0.08333333333333333,
s=-0.0010|signal,-0.001,signal,Q_USDT_PERP,做空,1788496200000,2026-09-04 12:30,0.026302,0.026275698,0.02524992,0.0276171,1788496800000,2026-09-04 12:40,0.02524992,止盈,False,False,0.03903903903903905,0.038039039039039046,2,0.16666666666666666,
s=-0.0010|signal,-0.001,signal,RATS_USDT_PERP,做空,1787062500000,2026-08-18 22:15,5.136e-05,5.130864e-05,4.93056e-05,5.3928e-05,1787064900000,2026-08-18 22:55,5.3928e-05,止損,False,False,-0.05105105105105112,-0.05205105105105112,8,0.6666666666666666,
s=-0.0010|signal,-0.001,signal,RAY_USDT_PERP,做空,1788665400000,2026-09-06 11:30,1.109,1.107891,1.06464,1.16445,1788666600000,2026-09-06 11:50,1.16445,止損,False,False,-0.05105105105105112,-0.05205105105105112,4,0.3333333333333333,
s=-0.0010|signal,-0.001,signal,RAY_USDT_PERP,做空,1788670500000,2026-09-06 12:55,1.154,1.1528459999999998,1.10784,1.2117,1788676500000,2026-09-06 14:35,1.10784,止盈,False,False,0.039039039039038936,0.038039039039038935,20,1.6666666666666667,
s=-0.0010|signal,-0.001,signal,REZ_USDT_PERP,做空,1789016700000,2026-09-10 13:05,0.00362,0.0036163799999999998,0.0034752,0.003801,1789017600000,2026-09-10 13:20,0.003801,止損,False,False,-0.05105105105105112,-0.05205105105105112,3,0.25,
s=-0.0010|signal,-0.001,signal,REZ_USDT_PERP,做空,1789287600000,2026-09-13 16:20,0.003949,0.003945051000000001,0.0037910400000000003,0.00414645,1789289100000,2026-09-13 16:45,0.0037910400000000003,止盈,False,False,0.03903903903903916,0.03803903903903916,5,0.4166666666666667,
s=-0.0010|signal,-0.001,signal,RE_USDT_PERP,做空,1787158200000,2026-08-20 00:50,0.4973,0.49680270000000004,0.477408,0.522165,1787166300000,2026-08-20 03:05,0.522165,止損,False,False,-0.0510510510510509,-0.0520510510510509,27,2.25,
s=-0.0010|signal,-0.001,signal,RE_USDT_PERP,做空,1787363100000,2026-08-22 09:45,0.6057,0.6050943,0.581472,0.635985,1787364600000,2026-08-22 10:10,0.581472,止盈,False,False,0.03903903903903905,0.038039039039039046,5,0.4166666666666667,
s=-0.0010|signal,-0.001,signal,SAGA_USDT_PERP,做空,1789058100000,2026-09-11 00:35,0.01776,0.017742240000000003,0.0170496,0.018648,1789062600000,2026-09-11 01:50,0.0170496,止盈,False,False,0.03903903903903916,0.03803903903903916,15,1.25,
s=-0.0010|signal,-0.001,signal,SIREN_USDT_PERP,做空,1787970900000,2026-08-29 10:35,0.03355,0.03351645,0.032208,0.0352275,1787972700000,2026-08-29 11:05,0.032208,止盈,False,False,0.03903903903903916,0.03803903903903916,6,0.5,
s=-0.0010|signal,-0.001,signal,SKR_USDT_PERP,做空,1787875800000,2026-08-28 08:10,0.011903,0.011891097,0.01142688,0.012498150000000001,1787876700000,2026-08-28 08:25,0.012498150000000001,止損,False,False,-0.05105105105105112,-0.05205105105105112,3,0.25,
s=-0.0010|signal,-0.001,signal,SKR_USDT_PERP,做空,1787880600000,2026-08-28 09:30,0.011993,0.011981007,0.011513279999999999,0.01259265,1787882100000,2026-08-28 09:55,0.01259265,止損,False,False,-0.05105105105105112,-0.05205105105105112,5,0.4166666666666667,
s=-0.0010|signal,-0.001,signal,SKR_USDT_PERP,做空,1788069000000,2026-08-30 13:50,0.013432,0.013418567999999999,0.012894719999999998,0.0141036,1788071700000,2026-08-30 14:35,0.012894719999999998,止盈,False,False,0.03903903903903905,0.038039039039039046,9,0.75,
s=-0.0010|signal,-0.001,signal,SOLV_USDT_PERP,做空,1788684000000,2026-09-06 16:40,0.00374,0.00373626,0.0035903999999999997,0.003927,1788685800000,2026-09-06 17:10,0.003927,止損,False,False,-0.05105105105105112,-0.05205105105105112,6,0.5,
s=-0.0010|signal,-0.001,signal,SPK_USDT_PERP,做空,1787292600000,2026-08-21 14:10,0.01886,0.01884114,0.018105599999999996,0.019802999999999998,1787293200000,2026-08-21 14:20,0.018105599999999996,止盈,False,False,0.03903903903903927,0.03803903903903927,2,0.16666666666666666,
s=-0.0010|signal,-0.001,signal,SPORTFUN_USDT_PERP,做空,1786824600000,2026-08-16 04:10,0.02552,0.02549448,0.0244992,0.026796000000000004,1786825500000,2026-08-16 04:25,0.0244992,止盈,False,False,0.03903903903903905,0.038039039039039046,3,0.25,
s=-0.0010|signal,-0.001,signal,SPORTFUN_USDT_PERP,做空,1786829400000,2026-08-16 05:30,0.02966,0.029630339999999998,0.028473599999999998,0.031143,1786830300000,2026-08-16 05:45,0.031143,止損,False,False,-0.05105105105105112,-0.05205105105105112,3,0.25,
s=-0.0010|signal,-0.001,signal,SPORTFUN_USDT_PERP,做空,1786836000000,2026-08-16 07:20,0.03291,0.032877090000000005,0.0315936,0.0345555,1786838100000,2026-08-16 07:55,0.0315936,止盈,False,False,0.03903903903903916,0.03803903903903916,7,0.5833333333333334,
s=-0.0010|signal,-0.001,signal,SQD_USDT_PERP,做空,1787662500000,2026-08-25 20:55,0.03679,0.03675321,0.0353184,0.038629500000000004,1787664000000,2026-08-25 21:20,0.0353184,止盈,False,False,0.03903903903903905,0.038039039039039046,5,0.4166666666666667,
s=-0.0010|signal,-0.001,signal,SSV_USDT_PERP,做空,1787297100000,2026-08-21 15:25,2.816,2.8131839999999997,2.7033599999999995,2.9568,1787298000000,2026-08-21 15:40,2.9568,止損,False,False,-0.05105105105105112,-0.05205105105105112,3,0.25,
s=-0.0010|signal,-0.001,signal,SSV_USDT_PERP,做空,1787301600000,2026-08-21 16:40,2.839,2.836161,2.72544,2.98095,1787316300000,2026-08-21 20:45,2.98095,止損,False,False,-0.0510510510510509,-0.0520510510510509,49,4.083333333333333,
s=-0.0010|signal,-0.001,signal,STABLE_USDT_PERP,做空,1787265000000,2026-08-21 06:30,0.03199,0.031958009999999995,0.030710399999999995,0.0335895,1787283900000,2026-08-21 11:45,0.030710399999999995,止盈,False,False,0.03903903903903905,0.038039039039039046,63,5.25,
s=-0.0010|signal,-0.001,signal,STAR_USDT_PERP,做空,1786962600000,2026-08-17 18:30,0.12102,0.12089898,0.1161792,0.12707100000000002,1786969800000,2026-08-17 20:30,0.12707100000000002,止損,False,False,-0.05105105105105112,-0.05205105105105112,24,2.0,
s=-0.0010|signal,-0.001,signal,STAR_USDT_PERP,做空,1787113200000,2026-08-19 12:20,0.13046,0.13032954,0.12524159999999998,0.136983,1787117400000,2026-08-19 13:30,0.136983,止損,False,False,-0.05105105105105112,-0.05205105105105112,14,1.1666666666666667,
s=-0.0010|signal,-0.001,signal,STAR_USDT_PERP,做空,1787316900000,2026-08-21 20:55,0.16075,0.16058925000000002,0.15431999999999998,0.1687875,1787317200000,2026-08-21 21:00,0.15431999999999998,止盈,False,False,0.03903903903903927,0.03803903903903927,1,0.08333333333333333,
s=-0.0010|signal,-0.001,signal,STAR_USDT_PERP,做空,1787565300000,2026-08-24 17:55,0.14315,0.14300685,0.137424,0.1503075,1787566500000,2026-08-24 18:15,0.137424,止盈,False,False,0.03903903903903905,0.038039039039039046,4,0.3333333333333333,
s=-0.0010|signal,-0.001,signal,SUPER_USDT_PERP,做空,1787577300000,2026-08-24 21:15,0.1293,0.1291707,0.12412799999999999,0.135765,1787577600000,2026-08-24 21:20,0.12412799999999999,止盈,False,False,0.03903903903903916,0.03803903903903916,1,0.08333333333333333,
s=-0.0010|signal,-0.001,signal,SUPER_USDT_PERP,做空,1787581200000,2026-08-24 22:20,0.1344,0.13426559999999998,0.129024,0.14112,1787582400000,2026-08-24 22:40,0.129024,止盈,False,False,0.039039039039038936,0.038039039039038935,4,0.3333333333333333,
s=-0.0010|signal,-0.001,signal,SUSHI_USDT_PERP,做空,1788630000000,2026-09-06 01:40,0.2401,0.23985990000000001,0.230496,0.252105,1788631200000,2026-09-06 02:00,0.252105,止損,False,False,-0.05105105105105112,-0.05205105105105112,4,0.3333333333333333,
s=-0.0010|signal,-0.001,signal,SUSHI_USDT_PERP,做空,1788636300000,2026-09-06 03:25,0.2775,0.27722250000000004,0.2664,0.29137500000000005,1788637200000,2026-09-06 03:40,0.2664,止盈,False,False,0.03903903903903905,0.038039039039039046,3,0.25,
s=-0.0010|signal,-0.001,signal,TAC_USDT_PERP,做空,1787438100000,2026-08-23 06:35,0.001749,0.0017472509999999998,0.00167904,0.0018364499999999999,1787438700000,2026-08-23 06:45,0.00167904,止盈,False,False,0.039039039039038936,0.038039039039038935,2,0.16666666666666666,
s=-0.0010|signal,-0.001,signal,TA_USDT_PERP,做空,1789214400000,2026-09-12 20:00,0.06008,0.060019920000000004,0.0576768,0.063084,1789241100000,2026-09-13 03:25,0.0576768,止盈,False,False,0.03903903903903916,0.03803903903903916,89,7.416666666666667,
s=-0.0010|signal,-0.001,signal,TLM_USDT_PERP,做空,1787670300000,2026-08-25 23:05,0.001672,0.001670328,0.00160512,0.0017556000000000002,1787674200000,2026-08-26 00:10,0.00160512,止盈,False,False,0.03903903903903905,0.038039039039039046,13,1.0833333333333333,
s=-0.0010|signal,-0.001,signal,TNSR_USDT_PERP,做空,1788096000000,2026-08-30 21:20,0.04212,0.04207788,0.0404352,0.044226,1788096300000,2026-08-30 21:25,0.0404352,止盈,False,False,0.03903903903903905,0.038039039039039046,1,0.08333333333333333,
s=-0.0010|signal,-0.001,signal,TRADOOR_USDT_PERP,做空,1788592200000,2026-09-05 15:10,0.7411,0.7403588999999999,0.711456,0.778155,1788592500000,2026-09-05 15:15,0.778155,止損,True,False,-0.05105105105105112,-0.05205105105105112,1,0.08333333333333333,同一根同時觸發→保守計止損
s=-0.0010|signal,-0.001,signal,TRB_USDT_PERP,做空,1787365800000,2026-08-22 10:30,21.825,21.803175,20.951999999999998,22.91625,1787367600000,2026-08-22 11:00,20.951999999999998,止盈,False,False,0.03903903903903905,0.038039039039039046,6,0.5,
s=-0.0010|signal,-0.001,signal,TREE_USDT_PERP,做空,1787150100000,2026-08-19 22:35,0.04051,0.04046949,0.038889599999999996,0.0425355,1787152500000,2026-08-19 23:15,0.0425355,止損,False,False,-0.05105105105105112,-0.05205105105105112,8,0.6666666666666666,
s=-0.0010|signal,-0.001,signal,TREE_USDT_PERP,做空,1787156100000,2026-08-20 00:15,0.04573,0.04568427,0.0439008,0.048016500000000004,1787157300000,2026-08-20 00:35,0.0439008,止盈,False,False,0.03903903903903905,0.038039039039039046,4,0.3333333333333333,
s=-0.0010|signal,-0.001,signal,TREE_USDT_PERP,做空,1789172400000,2026-09-12 08:20,0.04535,0.04530465,0.043536,0.0476175,1789172700000,2026-09-12 08:25,0.043536,止盈,False,False,0.03903903903903916,0.03803903903903916,1,0.08333333333333333,
s=-0.0010|signal,-0.001,signal,TRIA_USDT_PERP,做空,1788495300000,2026-09-04 12:15,0.0049,0.0048950999999999995,0.004704,0.005145,1788495600000,2026-09-04 12:20,0.004704,止盈,False,False,0.039039039039038936,0.038039039039038935,1,0.08333333333333333,
s=-0.0010|signal,-0.001,signal,TRIA_USDT_PERP,做空,1788503700000,2026-09-04 14:35,0.00525,0.00524475,0.00504,0.005512500000000001,1788506400000,2026-09-04 15:20,0.00504,止盈,False,False,0.03903903903903905,0.038039039039039046,9,0.75,
s=-0.0010|signal,-0.001,signal,TRUMP_USDT_PERP,做空,1787175000000,2026-08-20 05:30,1.707,1.7052930000000002,1.63872,1.79235,1787181600000,2026-08-20 07:20,1.79235,止損,False,False,-0.05105105105105112,-0.05205105105105112,22,1.8333333333333333,
s=-0.0010|signal,-0.001,signal,US_USDT_PERP,做空,1787325300000,2026-08-21 23:15,0.01978,0.01976022,0.018988799999999997,0.020769,1787325600000,2026-08-21 23:20,0.020769,止損,False,False,-0.05105105105105112,-0.05205105105105112,1,0.08333333333333333,
s=-0.0010|signal,-0.001,signal,US_USDT_PERP,做空,1787329500000,2026-08-22 00:25,0.02225,0.022227749999999998,0.021359999999999997,0.0233625,1787330400000,2026-08-22 00:40,0.0233625,止損,False,False,-0.05105105105105112,-0.05205105105105112,3,0.25,
s=-0.0010|signal,-0.001,signal,WAL_USDT_PERP,做空,1786788900000,2026-08-15 18:15,0.0272,0.027172799999999997,0.026111999999999996,0.02856,1786791000000,2026-08-15 18:50,0.026111999999999996,止盈,False,False,0.03903903903903905,0.038039039039039046,7,0.5833333333333334,
s=-0.0010|signal,-0.001,signal,XPIN_USDT_PERP,做空,1786950300000,2026-08-17 15:05,0.001551,0.001549449,0.0014889600000000001,0.00162855,1786951200000,2026-08-17 15:20,0.0014889600000000001,止盈,False,False,0.03903903903903905,0.038039039039039046,3,0.25,
s=-0.0010|signal,-0.001,signal,XPIN_USDT_PERP,做空,1787291700000,2026-08-21 13:55,0.001328,0.0013266719999999999,0.00127488,0.0013944,1787294700000,2026-08-21 14:45,0.00127488,止盈,False,False,0.03903903903903905,0.038039039039039046,10,0.8333333333333334,
s=-0.0010|signal,-0.001,signal,XPIN_USDT_PERP,做空,1789367400000,2026-09-14 14:30,0.000886,0.000885114,0.0008505599999999999,0.0009303,1789367700000,2026-09-14 14:35,0.0009303,止損,False,False,-0.05105105105105112,-0.05205105105105112,1,0.08333333333333333,
s=-0.0010|signal,-0.001,signal,XVG_USDT_PERP,做空,1787370900000,2026-08-22 11:55,0.002919,0.002916081,0.00280224,0.0030649500000000003,1787371500000,2026-08-22 12:05,0.00280224,止盈,False,False,0.03903903903903905,0.038039039039039046,2,0.16666666666666666,
s=-0.0010|signal,-0.001,signal,ZEST_USDT_PERP,做空,1787740800000,2026-08-26 18:40,0.16483,0.16466517,0.1582368,0.17307150000000002,1787743500000,2026-08-26 19:25,0.1582368,止盈,False,False,0.039039039039038936,0.038039039039038935,9,0.75,
s=-0.0010|signal,-0.001,signal,ZEST_USDT_PERP,做空,1788426900000,2026-09-03 17:15,0.15617,0.15601383,0.1499232,0.1639785,1788427200000,2026-09-03 17:20,0.1639785,止損,True,False,-0.05105105105105112,-0.05205105105105112,1,0.08333333333333333,同一根同時觸發→保守計止損
s=-0.0010|signal,-0.001,signal,ZEST_USDT_PERP,做空,1788433500000,2026-09-03 19:05,0.14801,0.14786199,0.1420896,0.1554105,1788454200000,2026-09-04 00:50,0.1554105,止損,False,False,-0.05105105105105112,-0.05205105105105112,69,5.75,
s=-0.0010|signal,-0.001,signal,ZKC_USDT_PERP,做空,1788061500000,2026-08-30 11:45,0.049,0.048951,0.04704,0.05145,1788062100000,2026-08-30 11:55,0.04704,止盈,False,False,0.03903903903903905,0.038039039039039046,2,0.16666666666666666,
s=-0.0010|signal,-0.001,signal,ZKC_USDT_PERP,做空,1788076200000,2026-08-30 15:50,0.0528,0.0527472,0.050688,0.05544,1788081600000,2026-08-30 17:20,0.05544,止損,False,False,-0.05105105105105112,-0.05205105105105112,18,1.5,
s=-0.0010|signal,-0.001,signal,ZKP_USDT_PERP,做空,1788017400000,2026-08-29 23:30,0.05268,0.05262732,0.050572799999999994,0.055314,1788018000000,2026-08-29 23:40,0.050572799999999994,止盈,False,False,0.03903903903903916,0.03803903903903916,2,0.16666666666666666,
s=-0.0010|signal,-0.001,signal,ZORA_USDT_PERP,做空,1787316300000,2026-08-21 20:45,0.00687,0.00686313,0.0065952,0.0072135,1787317200000,2026-08-21 21:00,0.0072135,止損,False,False,-0.05105105105105112,-0.05205105105105112,3,0.25,
s=-0.0010|signal,-0.001,signal,ZORA_USDT_PERP,做空,1787321100000,2026-08-21 22:05,0.00706,0.007052940000000001,0.0067776,0.007413,1787323200000,2026-08-21 22:40,0.0067776,止盈,False,False,0.03903903903903916,0.03803903903903916,7,0.5833333333333334,
s=-0.0010|signal,-0.001,signal,ZORA_USDT_PERP,做空,1788124200000,2026-08-31 05:10,0.00815,0.008141849999999999,0.007824,0.0085575,1788124800000,2026-08-31 05:20,0.0085575,止損,False,False,-0.05105105105105112,-0.05205105105105112,2,0.16666666666666666,
s=-0.0010|signal,-0.001,signal,ZRO_USDT_PERP,做空,1787665200000,2026-08-25 21:40,1.2411,1.2398589,1.191456,1.303155,1787665800000,2026-08-25 21:50,1.191456,止盈,False,False,0.039039039039038936,0.038039039039038935,2,0.16666666666666666,
s=-0.0010|signal,-0.001,signal,ZRO_USDT_PERP,做空,1787669700000,2026-08-25 22:55,1.2125,1.2112874999999999,1.164,1.273125,1787670900000,2026-08-25 23:15,1.164,止盈,False,False,0.039039039039038936,0.038039039039038935,4,0.3333333333333333,
s=-0.0010|signal,-0.001,signal,哈基米_USDT_PERP,做空,1789068300000,2026-09-11 03:25,0.03622,0.03618378,0.0347712,0.038031,1789069500000,2026-09-11 03:45,0.038031,止損,False,False,-0.05105105105105112,-0.05205105105105112,4,0.3333333333333333,
s=-0.0010|signal,-0.001,signal,哈基米_USDT_PERP,做空,1789098300000,2026-09-11 11:45,0.0411,0.041058899999999995,0.039456,0.043155,1789099500000,2026-09-11 12:05,0.039456,止盈,False,False,0.039039039039038936,0.038039039039038935,4,0.3333333333333333,
s=-0.0010|signal,-0.001,signal,哈基米_USDT_PERP,做空,1789103100000,2026-09-11 13:05,0.04118,0.04113882,0.0395328,0.04323900000000001,1789103700000,2026-09-11 13:15,0.0395328,止盈,False,False,0.03903903903903905,0.038039039039039046,2,0.16666666666666666,
s=-0.0010|signal,-0.001,signal,我踏马来了_USDT_PERP,做空,1788010200000,2026-08-29 21:30,0.014341,0.014326659,0.01376736,0.01505805,1788010500000,2026-08-29 21:35,0.01376736,止盈,False,False,0.03903903903903916,0.03803903903903916,1,0.08333333333333333,
s=-0.0010|signal,-0.001,signal,我踏马来了_USDT_PERP,做空,1789083600000,2026-09-11 07:40,0.012087,0.012074913000000001,0.01160352,0.01269135,1789094100000,2026-09-11 10:35,0.01269135,止損,False,False,-0.0510510510510509,-0.0520510510510509,35,2.9166666666666665,
s=-0.0010|signal,-0.001,signal,我踏马来了_USDT_PERP,做空,1789190100000,2026-09-12 13:15,0.015,0.014985,0.0144,0.01575,1789190400000,2026-09-12 13:20,0.0144,止盈,False,False,0.03903903903903905,0.038039039039039046,1,0.08333333333333333,
s=-0.0010|fill,-0.001,fill,0G_USDT_PERP,做空,1788174300000,2026-08-31 19:05,0.2285,0.22827150000000002,0.21914064,0.23968507500000003,1788177900000,2026-08-31 20:05,0.21914064,止盈,False,False,0.040000000000000036,0.039000000000000035,12,1.0,
s=-0.0010|fill,-0.001,fill,4_USDT_PERP,做空,1787999100000,2026-08-29 18:25,0.01703,0.01701297,0.016332451199999997,0.0178636185,1788000600000,2026-08-29 18:50,0.016332451199999997,止盈,False,False,0.04000000000000015,0.039000000000000146,5,0.4166666666666667,
s=-0.0010|fill,-0.001,fill,4_USDT_PERP,做空,1788539700000,2026-09-05 00:35,0.01808,0.01806192,0.0173394432,0.018965015999999998,1788540300000,2026-09-05 00:45,0.018965015999999998,止損,False,False,-0.050000000000000044,-0.051000000000000045,2,0.16666666666666666,
s=-0.0010|fill,-0.001,fill,4_USDT_PERP,做空,1788544500000,2026-09-05 01:55,0.02088,0.02085912,0.020024755199999997,0.021902076,1788545700000,2026-09-05 02:15,0.021902076,止損,False,False,-0.050000000000000044,-0.051000000000000045,4,0.3333333333333333,
s=-0.0010|fill,-0.001,fill,4_USDT_PERP,做空,1788549300000,2026-09-05 03:15,0.02226,0.02223774,0.021348230399999998,0.023349627,1788550200000,2026-09-05 03:30,0.021348230399999998,止盈,False,False,0.040000000000000036,0.039000000000000035,3,0.25,
s=-0.0010|fill,-0.001,fill,4_USDT_PERP,做空,1788777900000,2026-09-07 18:45,0.02664,0.02661336,0.0255488256,0.027944028,1788779100000,2026-09-07 19:05,0.0255488256,止盈,False,False,0.040000000000000036,0.039000000000000035,4,0.3333333333333333,
s=-0.0010|fill,-0.001,fill,ACE_USDT_PERP,做空,1788265800000,2026-09-01 20:30,0.18806,0.18787194000000002,0.18035706240000002,0.19726553700000002,1788266700000,2026-09-01 20:45,0.18035706240000002,止盈,False,False,0.040000000000000036,0.039000000000000035,3,0.25,
s=-0.0010|fill,-0.001,fill,AGT_USDT_PERP,做空,1788193800000,2026-09-01 00:30,0.017237,0.017219763,0.01653097248,0.01808075115,1788194100000,2026-09-01 00:35,0.01653097248,止盈,False,False,0.039999999999999925,0.038999999999999924,1,0.08333333333333333,
s=-0.0010|fill,-0.001,fill,AGT_USDT_PERP,做空,1788198600000,2026-09-01 01:50,0.017307,0.017289693,0.016598105279999997,0.01815417765,1788212100000,2026-09-01 05:35,0.016598105279999997,止盈,False,False,0.040000000000000036,0.039000000000000035,45,3.75,
s=-0.0010|fill,-0.001,fill,AGT_USDT_PERP,做空,1788236400000,2026-09-01 12:20,0.018968,0.018949031999999998,0.018191070719999997,0.019896483599999997,1788236700000,2026-09-01 12:25,0.018191070719999997,止盈,False,False,0.040000000000000036,0.039000000000000035,1,0.08333333333333333,
s=-0.0010|fill,-0.001,fill,AIN_USDT_PERP,做空,1789365000000,2026-09-14 13:50,0.10972,0.10961028,0.1052258688,0.11509079400000001,1789365600000,2026-09-14 14:00,0.1052258688,止盈,False,False,0.040000000000000036,0.039000000000000035,2,0.16666666666666666,
s=-0.0010|fill,-0.001,fill,AIN_USDT_PERP,做空,1789369200000,2026-09-14 15:00,0.10454,0.10443546,0.10025804159999999,0.10965723299999999,1789371000000,2026-09-14 15:30,0.10025804159999999,止盈,False,False,0.040000000000000036,0.039000000000000035,6,0.5,
s=-0.0010|fill,-0.001,fill,ALCH_USDT_PERP,做空,1787734500000,2026-08-26 16:55,0.03262,0.032587380000000006,0.0312838848,0.034216749000000005,1787734800000,2026-08-26 17:00,0.0312838848,止盈,False,False,0.04000000000000015,0.039000000000000146,1,0.08333333333333333,
s=-0.0010|fill,-0.001,fill,ANIME_USDT_PERP,做空,1789024500000,2026-09-10 15:15,0.003552,0.003548448,0.00340651008,0.0037258704,1789025400000,2026-09-10 15:30,0.00340651008,止盈,False,False,0.040000000000000036,0.039000000000000035,3,0.25,
s=-0.0010|fill,-0.001,fill,APR_USDT_PERP,做空,1787060700000,2026-08-18 21:45,0.2187,0.21848130000000002,0.20974204800000001,0.22940536500000003,1787061300000,2026-08-18 21:55,0.20974204800000001,止盈,False,False,0.040000000000000036,0.039000000000000035,2,0.16666666666666666,
s=-0.0010|fill,-0.001,fill,APR_USDT_PERP,做空,1788454200000,2026-09-04 00:50,0.269,0.268731,0.25798176,0.28216755,1788454500000,2026-09-04 00:55,0.25798176,止盈,False,False,0.039999999999999925,0.038999999999999924,1,0.08333333333333333,
s=-0.0010|fill,-0.001,fill,APR_USDT_PERP,做空,1788463200000,2026-09-04 03:20,0.2691,0.2688309,0.258077664,0.282272445,1788464100000,2026-09-04 03:35,0.282272445,止損,False,False,-0.050000000000000044,-0.051000000000000045,3,0.25,
s=-0.0010|fill,-0.001,fill,APR_USDT_PERP,做空,1788468300000,2026-09-04 04:45,0.27595,0.27567404999999995,0.2646470879999999,0.28945775249999994,1788475200000,2026-09-04 06:40,0.2646470879999999,止盈,False,False,0.04000000000000015,0.039000000000000146,23,1.9166666666666667,
s=-0.0010|fill,-0.001,fill,ASTR_USDT_PERP,做空,1789434300000,2026-09-15 09:05,0.006865,0.006858135,0.0065838096,0.00720104175,1789434600000,2026-09-15 09:10,0.00720104175,止損,False,False,-0.050000000000000044,-0.051000000000000045,1,0.08333333333333333,
s=-0.0010|fill,-0.001,fill,ASTR_USDT_PERP,做空,1789438800000,2026-09-15 10:20,0.007216,0.007208784,0.00692043264,0.007569223200000001,1789439100000,2026-09-15 10:25,0.007569223200000001,止損,False,False,-0.050000000000000044,-0.051000000000000045,1,0.08333333333333333,
s=-0.0010|fill,-0.001,fill,AXL_USDT_PERP,做空,1789452900000,2026-09-15 14:15,0.0529,0.0528471,0.050733216,0.055489455,1789453500000,2026-09-15 14:25,0.050733216,止盈,False,False,0.040000000000000036,0.039000000000000035,2,0.16666666666666666,
s=-0.0010|fill,-0.001,fill,BAND_USDT_PERP,做空,1788025200000,2026-08-30 01:40,0.201,0.200799,0.19276704,0.21083895000000002,1788028500000,2026-08-30 02:35,0.19276704,止盈,False,False,0.040000000000000036,0.039000000000000035,11,0.9166666666666666,
s=-0.0010|fill,-0.001,fill,BAS_USDT_PERP,做空,1787743500000,2026-08-26 19:25,0.026397,0.026370603,0.025315778879999997,0.02768913315,1787754300000,2026-08-26 22:25,0.025315778879999997,止盈,False,False,0.040000000000000036,0.039000000000000035,36,3.0,
s=-0.0010|fill,-0.001,fill,BAS_USDT_PERP,做空,1787912100000,2026-08-28 18:15,0.032049,0.032016951,0.03073627296,0.03361779855,1787912700000,2026-08-28 18:25,0.03073627296,止盈,False,False,0.040000000000000036,0.039000000000000035,2,0.16666666666666666,
s=-0.0010|fill,-0.001,fill,BB_USDT_PERP,做空,1787304300000,2026-08-21 17:25,0.01309,0.013076909999999999,0.012553833599999998,0.013730755499999999,1787304600000,2026-08-21 17:30,0.013730755499999999,止損,False,False,-0.050000000000000044,-0.051000000000000045,1,0.08333333333333333,
s=-0.0010|fill,-0.001,fill,BEAMX_USDT_PERP,做空,1787821200000,2026-08-27 17:00,0.002139,0.002136861,0.00205138656,0.00224370405,1787822100000,2026-08-27 17:15,0.00205138656,止盈,False,False,0.039999999999999925,0.038999999999999924,3,0.25,
s=-0.0010|fill,-0.001,fill,BICO_USDT_PERP,做空,1787745600000,2026-08-26 20:00,0.02381,0.023786190000000002,0.0228347424,0.024975499500000005,1787745900000,2026-08-26 20:05,0.0228347424,止盈,False,False,0.040000000000000036,0.039000000000000035,1,0.08333333333333333,
s=-0.0010|fill,-0.001,fill,BICO_USDT_PERP,做空,1787757900000,2026-08-26 23:25,0.02631,0.02628369,0.025232342399999996,0.0275978745,1787759100000,2026-08-26 23:45,0.025232342399999996,止盈,False,False,0.040000000000000036,0.039000000000000035,4,0.3333333333333333,
s=-0.0010|fill,-0.001,fill,BLESS_USDT_PERP,做空,1787321700000,2026-08-21 22:15,0.00862,0.008611379999999998,0.008266924799999999,0.009041948999999999,1787322300000,2026-08-21 22:25,0.008266924799999999,止盈,False,False,0.039999999999999925,0.038999999999999924,2,0.16666666666666666,
s=-0.0010|fill,-0.001,fill,BLUR_USDT_PERP,做空,1789140000000,2026-09-11 23:20,0.02085,0.02082915,0.019995984,0.021870607500000003,1789140900000,2026-09-11 23:35,0.019995984,止盈,False,False,0.040000000000000036,0.039000000000000035,3,0.25,
s=-0.0010|fill,-0.001,fill,BR_USDT_PERP,做空,1789358100000,2026-09-14 11:55,0.36686,0.36649314,0.3518334144,0.384817797,1789358400000,2026-09-14 12:00,0.384817797,止損,False,False,-0.050000000000000044,-0.051000000000000045,1,0.08333333333333333,
s=-0.0010|fill,-0.001,fill,BTR_USDT_PERP,做空,1787553000000,2026-08-24 14:30,0.03322,0.03318678,0.0318593088,0.034846119,1787553900000,2026-08-24 14:45,0.034846119,止損,False,False,-0.050000000000000044,-0.051000000000000045,3,0.25,
s=-0.0010|fill,-0.001,fill,BTR_USDT_PERP,做空,1787557800000,2026-08-24 15:50,0.03466,0.034625340000000004,0.033240326400000006,0.036356607000000006,1787559000000,2026-08-24 16:10,0.036356607000000006,止損,False,False,-0.050000000000000044,-0.051000000000000045,4,0.3333333333333333,
s=-0.0010|fill,-0.001,fill,BTR_USDT_PERP,做空,1787716800000,2026-08-26 12:00,0.04071,0.040669290000000004,0.039042518400000004,0.04270275450000001,1787717100000,2026-08-26 12:05,0.04270275450000001,止損,False,False,-0.050000000000000044,-0.051000000000000045,1,0.08333333333333333,
s=-0.0010|fill,-0.001,fill,BTW_USDT_PERP,做空,1789302300000,2026-09-13 20:25,0.699394,0.698694606,0.67074682176,0.7336293363,1789303800000,2026-09-13 20:50,0.67074682176,止盈,False,False,0.040000000000000036,0.039000000000000035,5,0.4166666666666667,
s=-0.0010|fill,-0.001,fill,BULLA_USDT_PERP,做空,1787003400000,2026-08-18 05:50,0.02062,0.02059938,0.0197754048,0.021629349000000003,1787004000000,2026-08-18 06:00,0.0197754048,止盈,False,False,0.040000000000000036,0.039000000000000035,2,0.16666666666666666,
s=-0.0010|fill,-0.001,fill,B_USDT_PERP,做空,1788589500000,2026-09-05 14:25,0.2168,0.2165832,0.207919872,0.22741236,1788589800000,2026-09-05 14:30,0.207919872,止盈,False,False,0.040000000000000036,0.039000000000000035,1,0.08333333333333333,
s=-0.0010|fill,-0.001,fill,B_USDT_PERP,做空,1788593400000,2026-09-05 15:30,0.1992,0.19900079999999998,0.19104076799999997,0.20895084,1788601200000,2026-09-05 17:40,0.19104076799999997,止盈,False,False,0.040000000000000036,0.039000000000000035,26,2.1666666666666665,
s=-0.0010|fill,-0.001,fill,CAP_USDT_PERP,做空,1788492000000,2026-09-04 11:20,0.05311,0.053056889999999995,0.050934614399999995,0.0557097345,1788492600000,2026-09-04 11:30,0.050934614399999995,止盈,False,False,0.040000000000000036,0.039000000000000035,2,0.16666666666666666,
s=-0.0010|fill,-0.001,fill,CAP_USDT_PERP,做空,1788773100000,2026-09-07 17:25,0.04997,0.04992003,0.047923228799999995,0.0524160315,1788779100000,2026-09-07 19:05,0.047923228799999995,止盈,False,False,0.040000000000000036,0.039000000000000035,20,1.6666666666666667,
s=-0.0010|fill,-0.001,fill,CAP_USDT_PERP,做空,1789388700000,2026-09-14 20:25,0.06824,0.06817176,0.0654448896,0.071580348,1789389000000,2026-09-14 20:30,0.0654448896,止盈,False,False,0.039999999999999925,0.038999999999999924,1,0.08333333333333333,
s=-0.0010|fill,-0.001,fill,CASHCAT_USDT_PERP,做空,1789135500000,2026-09-11 22:05,0.1886,0.18841139999999998,0.18087494399999998,0.19783197,1789142100000,2026-09-11 23:55,0.18087494399999998,止盈,False,False,0.040000000000000036,0.039000000000000035,22,1.8333333333333333,
s=-0.0010|fill,-0.001,fill,CATI_USDT_PERP,做空,1788447000000,2026-09-03 22:50,0.06712,0.06705288,0.0643707648,0.070405524,1788453600000,2026-09-04 00:40,0.0643707648,止盈,False,False,0.040000000000000036,0.039000000000000035,22,1.8333333333333333,
s=-0.0010|fill,-0.001,fill,CFG_USDT_PERP,做空,1788751800000,2026-09-07 11:30,0.1336,0.13346639999999999,0.128127744,0.14013972,1788753000000,2026-09-07 11:50,0.128127744,止盈,False,False,0.040000000000000036,0.039000000000000035,4,0.3333333333333333,
s=-0.0010|fill,-0.001,fill,CHIP_USDT_PERP,做空,1788423300000,2026-09-03 16:15,0.05177,0.05171823,0.049649500799999996,0.0543041415,1788434400000,2026-09-03 19:20,0.049649500799999996,止盈,False,False,0.040000000000000036,0.039000000000000035,37,3.0833333333333335,
s=-0.0010|fill,-0.001,fill,CLO_USDT_PERP,做空,1787046900000,2026-08-18 17:55,0.1373,0.1371627,0.131676192,0.144020835,1787054100000,2026-08-18 19:55,0.144020835,止損,False,False,-0.050000000000000044,-0.051000000000000045,24,2.0,
s=-0.0010|fill,-0.001,fill,CLO_USDT_PERP,做空,1787970000000,2026-08-29 10:20,0.1143,0.1141857,0.109618272,0.11989498500000001,1787971200000,2026-08-29 10:40,0.11989498500000001,止損,False,False,-0.050000000000000044,-0.051000000000000045,4,0.3333333333333333,
s=-0.0010|fill,-0.001,fill,CLO_USDT_PERP,做空,1788320100000,2026-09-02 11:35,0.1616,0.16143839999999998,0.15498086399999997,0.16951032,1788322800000,2026-09-02 12:20,0.16951032,止損,False,False,-0.050000000000000044,-0.051000000000000045,9,0.75,
s=-0.0010|fill,-0.001,fill,COLLECT_USDT_PERP,做空,1787230800000,2026-08-20 21:00,0.05943,0.05937057,0.056995747199999995,0.0623390985,1787232300000,2026-08-20 21:25,0.0623390985,止損,False,False,-0.050000000000000044,-0.051000000000000045,5,0.4166666666666667,
s=-0.0010|fill,-0.001,fill,COLLECT_USDT_PERP,做空,1788603000000,2026-09-05 18:10,0.09433,0.09423567,0.09046624319999999,0.0989474535,1788603300000,2026-09-05 18:15,0.09046624319999999,止盈,False,False,0.040000000000000036,0.039000000000000035,1,0.08333333333333333,
s=-0.0010|fill,-0.001,fill,COTI_USDT_PERP,做空,1787342100000,2026-08-22 03:55,0.01225,0.01223775,0.01174824,0.0128496375,1787343000000,2026-08-22 04:10,0.0128496375,止損,False,False,-0.050000000000000044,-0.051000000000000045,3,0.25,
s=-0.0010|fill,-0.001,fill,COTI_USDT_PERP,做空,1788690600000,2026-09-06 18:30,0.01845,0.01843155,0.017694288,0.0193531275,1788694200000,2026-09-06 19:30,0.017694288,止盈,False,False,0.04000000000000015,0.039000000000000146,12,1.0,
s=-0.0010|fill,-0.001,fill,CROSS_USDT_PERP,做空,1786845000000,2026-08-16 09:50,0.10204,0.10193796000000001,0.0978604416,0.10703485800000001,1786851900000,2026-08-16 11:45,0.10703485800000001,止損,False,False,-0.050000000000000044,-0.051000000000000045,23,1.9166666666666667,
s=-0.0010|fill,-0.001,fill,CTR_USDT_PERP,做空,1789280700000,2026-09-13 14:25,0.01166,0.01164834,0.011182406399999999,0.012230757,1789281000000,2026-09-13 14:30,0.011182406399999999,止盈,False,False,0.040000000000000036,0.039000000000000035,1,0.08333333333333333,
s=-0.0010|fill,-0.001,fill,CTR_USDT_PERP,做空,1789453200000,2026-09-15 14:20,0.01231,0.01229769,0.0118057824,0.012912574500000001,1789454400000,2026-09-15 14:40,0.0118057824,止盈,False,False,0.040000000000000036,0.039000000000000035,4,0.3333333333333333,
s=-0.0010|fill,-0.001,fill,CYS_USDT_PERP,做空,1789168500000,2026-09-12 07:15,0.1593,0.1591407,0.15277507199999998,0.167097735,1789170000000,2026-09-12 07:40,0.15277507199999998,止盈,False,False,0.040000000000000036,0.039000000000000035,5,0.4166666666666667,
s=-0.0010|fill,-0.001,fill,DASH_USDT_PERP,做空,1787367600000,2026-08-22 11:00,46.84,46.79316,44.9214336,49.132818,1787371500000,2026-08-22 12:05,44.9214336,止盈,False,False,0.040000000000000036,0.039000000000000035,13,1.0833333333333333,
s=-0.0010|fill,-0.001,fill,DOGS_USDT_PERP,做空,1788200100000,2026-09-01 02:15,4.62e-05,4.61538e-05,4.4307647999999994e-05,4.846149e-05,1788207600000,2026-09-01 04:20,4.4307647999999994e-05,止盈,False,False,0.04000000000000015,0.039000000000000146,25,2.0833333333333335,
s=-0.0010|fill,-0.001,fill,EDEN_USDT_PERP,做空,1786982100000,2026-08-17 23:55,0.05434,0.05428566,0.0521142336,0.056999943000000004,1786982700000,2026-08-18 00:05,0.0521142336,止盈,False,False,0.040000000000000036,0.039000000000000035,2,0.16666666666666666,
s=-0.0010|fill,-0.001,fill,EDGE_USDT_PERP,做空,1787213100000,2026-08-20 16:05,0.364,0.363636,0.34909056,0.38181780000000004,1787219700000,2026-08-20 17:55,0.34909056,止盈,False,False,0.040000000000000036,0.039000000000000035,22,1.8333333333333333,
s=-0.0010|fill,-0.001,fill,ELSA_USDT_PERP,做空,1788569700000,2026-09-05 08:55,0.05706,0.05700294,0.0547228224,0.059853087000000006,1788571800000,2026-09-05 09:30,0.0547228224,止盈,False,False,0.040000000000000036,0.039000000000000035,7,0.5833333333333334,
s=-0.0010|fill,-0.001,fill,FF_USDT_PERP,做空,1788270000000,2026-09-01 21:40,0.09488,0.09478512,0.09099371519999999,0.09952437600000001,1788270600000,2026-09-01 21:50,0.09952437600000001,止損,False,False,-0.050000000000000044,-0.051000000000000045,2,0.16666666666666666,
s=-0.0010|fill,-0.001,fill,FF_USDT_PERP,做空,1788274200000,2026-09-01 22:50,0.10179,0.10168821,0.0976206816,0.10677262050000001,1788275700000,2026-09-01 23:15,0.0976206816,止盈,False,False,0.040000000000000036,0.039000000000000035,5,0.4166666666666667,
s=-0.0010|fill,-0.001,fill,FF_USDT_PERP,做空,1789447800000,2026-09-15 12:50,0.15524,0.15508476,0.14888136959999998,0.16283899799999998,1789448100000,2026-09-15 12:55,0.14888136959999998,止盈,False,False,0.040000000000000036,0.039000000000000035,1,0.08333333333333333,
s=-0.0010|fill,-0.001,fill,FHE_USDT_PERP,做空,1786983300000,2026-08-18 00:15,0.03218,0.03214782,0.0308619072,0.033755211,1786983600000,2026-08-18 00:20,0.0308619072,止盈,False,False,0.040000000000000036,0.039000000000000035,1,0.08333333333333333,
s=-0.0010|fill,-0.001,fill,FLUID_USDT_PERP,做空,1787715900000,2026-08-26 11:45,1.535,1.5334649999999999,1.4721263999999998,1.6101382499999999,1787719200000,2026-08-26 12:40,1.6101382499999999,止損,False,False,-0.050000000000000044,-0.051000000000000045,11,0.9166666666666666,
s=-0.0010|fill,-0.001,fill,GPS_USDT_PERP,做空,1786941600000,2026-08-17 12:40,0.014967,0.014952033,0.01435395168,0.015699634650000002,1786942800000,2026-08-17 13:00,0.01435395168,止盈,False,False,0.040000000000000036,0.039000000000000035,4,0.3333333333333333,
s=-0.0010|fill,-0.001,fill,GRIFFAIN_USDT_PERP,做空,1789197900000,2026-09-12 15:25,0.01287,0.01285713,0.012342844799999999,0.0134999865,1789201500000,2026-09-12 16:25,0.0134999865,止損,False,False,-0.050000000000000044,-0.051000000000000045,12,1.0,
s=-0.0010|fill,-0.001,fill,GWEI_USDT_PERP,做空,1787277300000,2026-08-21 09:55,0.02519,0.02516481,0.024158217599999997,0.0264230505,1787278500000,2026-08-21 10:15,0.0264230505,止損,False,False,-0.050000000000000044,-0.051000000000000045,4,0.3333333333333333,
s=-0.0010|fill,-0.001,fill,HAEDAL_USDT_PERP,做空,1788856200000,2026-09-08 16:30,0.02249,0.02246751,0.0215688096,0.023590885500000002,1788859800000,2026-09-08 17:30,0.0215688096,止盈,False,False,0.040000000000000036,0.039000000000000035,12,1.0,
s=-0.0010|fill,-0.001,fill,HANA_USDT_PERP,做空,1787647500000,2026-08-25 16:45,0.02054,0.02051946,0.0196986816,0.021545433,1787650200000,2026-08-25 17:30,0.021545433,止損,False,False,-0.050000000000000044,-0.051000000000000045,9,0.75,
s=-0.0010|fill,-0.001,fill,HEMI_USDT_PERP,做空,1787831400000,2026-08-27 19:50,0.00913,0.00912087,0.0087560352,0.009576913500000001,1787832300000,2026-08-27 20:05,0.0087560352,止盈,False,False,0.040000000000000036,0.039000000000000035,3,0.25,
s=-0.0010|fill,-0.001,fill,HEMI_USDT_PERP,做空,1787858400000,2026-08-28 03:20,0.01009,0.01007991,0.0096767136,0.010583905499999999,1787864100000,2026-08-28 04:55,0.0096767136,止盈,False,False,0.040000000000000036,0.039000000000000035,19,1.5833333333333333,
s=-0.0010|fill,-0.001,fill,HEMI_USDT_PERP,做空,1789403400000,2026-09-15 00:30,0.00705,0.00704295,0.006761232,0.0073950975,1789403700000,2026-09-15 00:35,0.006761232,止盈,False,False,0.040000000000000036,0.039000000000000035,1,0.08333333333333333,
s=-0.0010|fill,-0.001,fill,IDOL_USDT_PERP,做空,1789473300000,2026-09-15 19:55,0.01197,0.01195803,0.011479708799999998,0.0125559315,1789473900000,2026-09-15 20:05,0.011479708799999998,止盈,False,False,0.04000000000000015,0.039000000000000146,2,0.16666666666666666,
s=-0.0010|fill,-0.001,fill,IDOL_USDT_PERP,做空,1789478400000,2026-09-15 21:20,0.0114,0.0113886,0.010933056,0.011958030000000001,1789479000000,2026-09-15 21:30,0.010933056,止盈,False,False,0.040000000000000036,0.039000000000000035,2,0.16666666666666666,
s=-0.0010|fill,-0.001,fill,IOST_USDT_PERP,做空,1788763500000,2026-09-07 14:45,0.000892,0.000891108,0.00085546368,0.0009356634000000001,1788764100000,2026-09-07 14:55,0.00085546368,止盈,False,False,0.040000000000000036,0.039000000000000035,2,0.16666666666666666,
s=-0.0010|fill,-0.001,fill,KAT_USDT_PERP,做空,1788925200000,2026-09-09 11:40,0.006139,0.006132861000000001,0.005887546560000001,0.006439504050000001,1788926700000,2026-09-09 12:05,0.005887546560000001,止盈,False,False,0.040000000000000036,0.039000000000000035,5,0.4166666666666667,
s=-0.0010|fill,-0.001,fill,KERNEL_USDT_PERP,做空,1787824800000,2026-08-27 18:00,0.04664,0.04659336,0.044729625599999996,0.048923028,1787825100000,2026-08-27 18:05,0.044729625599999996,止盈,False,False,0.040000000000000036,0.039000000000000035,1,0.08333333333333333,
s=-0.0010|fill,-0.001,fill,LAB_USDT_PERP,做空,1789122000000,2026-09-11 18:20,0.05873,0.05867127,0.056324419199999996,0.0616048335,1789123500000,2026-09-11 18:45,0.0616048335,止損,False,False,-0.050000000000000044,-0.051000000000000045,5,0.4166666666666667,
s=-0.0010|fill,-0.001,fill,LAYER_USDT_PERP,做空,1788710400000,2026-09-07 00:00,0.0881,0.0880119,0.084491424,0.09241249500000001,1788711300000,2026-09-07 00:15,0.084491424,止盈,False,False,0.04000000000000015,0.039000000000000146,3,0.25,
s=-0.0010|fill,-0.001,fill,LA_USDT_PERP,做空,1788312300000,2026-09-02 09:25,0.06491,0.06484509,0.062251286399999994,0.0680873445,1788319200000,2026-09-02 11:20,0.062251286399999994,止盈,False,False,0.040000000000000036,0.039000000000000035,23,1.9166666666666667,
s=-0.0010|fill,-0.001,fill,LIGHT_USDT_PERP,做空,1787730600000,2026-08-26 15:50,0.1766,0.1764234,0.169366464,0.18524457000000003,1787736300000,2026-08-26 17:25,0.169366464,止盈,False,False,0.040000000000000036,0.039000000000000035,19,1.5833333333333333,
s=-0.0010|fill,-0.001,fill,LIGHT_USDT_PERP,做空,1787909400000,2026-08-28 17:30,0.2318,0.2315682,0.222305472,0.24314661,1787911500000,2026-08-28 18:05,0.222305472,止盈,False,False,0.040000000000000036,0.039000000000000035,7,0.5833333333333334,
s=-0.0010|fill,-0.001,fill,LSK_USDT_PERP,做空,1787754600000,2026-08-26 22:30,0.112,0.111888,0.10741247999999999,0.1174824,1787755200000,2026-08-26 22:40,0.10741247999999999,止盈,False,False,0.04000000000000015,0.039000000000000146,2,0.16666666666666666,
s=-0.0010|fill,-0.001,fill,LUNA2_USDT_PERP,做空,1788782700000,2026-09-07 20:05,0.05437,0.054315630000000004,0.052143004800000003,0.057031411500000004,1788784500000,2026-09-07 20:35,0.052143004800000003,止盈,False,False,0.040000000000000036,0.039000000000000035,6,0.5,
s=-0.0010|fill,-0.001,fill,MAGMA_USDT_PERP,做空,1787344200000,2026-08-22 04:30,0.32043,0.32010957,0.3073051872,0.3361150485,1787347800000,2026-08-22 05:30,0.3073051872,止盈,False,False,0.040000000000000036,0.039000000000000035,12,1.0,
s=-0.0010|fill,-0.001,fill,MAGMA_USDT_PERP,做空,1789323300000,2026-09-14 02:15,0.26632,0.26605368,0.2554115328,0.279356364,1789324500000,2026-09-14 02:35,0.279356364,止損,False,False,-0.050000000000000044,-0.051000000000000045,4,0.3333333333333333,
s=-0.0010|fill,-0.001,fill,MANTRA_USDT_PERP,做空,1787903400000,2026-08-28 15:50,0.00476,0.00475524,0.0045650304,0.004993002,1787905500000,2026-08-28 16:25,0.0045650304,止盈,False,False,0.040000000000000036,0.039000000000000035,7,0.5833333333333334,
s=-0.0010|fill,-0.001,fill,MELANIA_USDT_PERP,做空,1787371800000,2026-08-22 12:10,0.1263,0.1261737,0.12112675199999999,0.132482385,1787373300000,2026-08-22 12:35,0.132482385,止損,False,False,-0.050000000000000044,-0.051000000000000045,5,0.4166666666666667,
s=-0.0010|fill,-0.001,fill,MOODENG_USDT_PERP,做空,1788629100000,2026-09-06 01:25,0.04783,0.04778217,0.0458708832,0.0501712785,1788630300000,2026-09-06 01:45,0.0458708832,止盈,False,False,0.040000000000000036,0.039000000000000035,4,0.3333333333333333,
s=-0.0010|fill,-0.001,fill,MOODENG_USDT_PERP,做空,1789621200000,2026-09-17 13:00,0.04393,0.04388607,0.0421306272,0.0460803735,1789622100000,2026-09-17 13:15,0.0421306272,止盈,False,False,0.040000000000000036,0.039000000000000035,3,0.25,
s=-0.0010|fill,-0.001,fill,MOVE_USDT_PERP,做空,1787371500000,2026-08-22 12:05,0.00853,0.00852147,0.0081806112,0.0089475435,1787374200000,2026-08-22 12:50,0.0089475435,止損,False,False,-0.050000000000000044,-0.051000000000000045,9,0.75,
s=-0.0010|fill,-0.001,fill,MOVR_USDT_PERP,做空,1786800000000,2026-08-15 21:20,0.985,0.984015,0.9446543999999999,1.03321575,1786800900000,2026-08-15 21:35,0.9446543999999999,止盈,False,False,0.040000000000000036,0.039000000000000035,3,0.25,
s=-0.0010|fill,-0.001,fill,MOVR_USDT_PERP,做空,1787802900000,2026-08-27 11:55,0.799,0.798201,0.76627296,0.8381110500000001,1787803500000,2026-08-27 12:05,0.8381110500000001,止損,False,False,-0.050000000000000044,-0.051000000000000045,2,0.16666666666666666,
s=-0.0010|fill,-0.001,fill,MOVR_USDT_PERP,做空,1787807400000,2026-08-27 13:10,0.869,0.868131,0.83340576,0.91153755,1787807700000,2026-08-27 13:15,0.83340576,止盈,False,False,0.040000000000000036,0.039000000000000035,1,0.08333333333333333,
s=-0.0010|fill,-0.001,fill,MUBARAK_USDT_PERP,做空,1788363600000,2026-09-02 23:40,0.02662,0.02659338,0.025529644799999997,0.027923049000000002,1788364200000,2026-09-02 23:50,0.027923049000000002,止損,False,False,-0.050000000000000044,-0.051000000000000045,2,0.16666666666666666,
s=-0.0010|fill,-0.001,fill,NAORIS_USDT_PERP,做空,1788591000000,2026-09-05 14:50,0.03141,0.03137859,0.030123446399999997,0.0329475195,1788592200000,2026-09-05 15:10,0.030123446399999997,止盈,False,False,0.040000000000000036,0.039000000000000035,4,0.3333333333333333,
s=-0.0010|fill,-0.001,fill,NAORIS_USDT_PERP,做空,1788691200000,2026-09-06 18:40,0.03484,0.03480516,0.0334129536,0.036545418,1788696600000,2026-09-06 20:10,0.036545418,止損,False,False,-0.050000000000000044,-0.051000000000000045,18,1.5,
s=-0.0010|fill,-0.001,fill,NOM_USDT_PERP,做空,1788576000000,2026-09-05 10:40,0.001789,0.001787211,0.00171572256,0.00187657155,1788576900000,2026-09-05 10:55,0.00187657155,止損,False,False,-0.050000000000000044,-0.051000000000000045,3,0.25,
s=-0.0010|fill,-0.001,fill,NOM_USDT_PERP,做空,1788586800000,2026-09-05 13:40,0.002085,0.002082915,0.0019995983999999997,0.00218706075,1788588000000,2026-09-05 14:00,0.0019995983999999997,止盈,False,False,0.040000000000000036,0.039000000000000035,4,0.3333333333333333,
s=-0.0010|fill,-0.001,fill,OG_USDT_PERP,做空,1787472300000,2026-08-23 16:05,3.071,3.0679290000000004,2.9452118400000002,3.2213254500000006,1787474100000,2026-08-23 16:35,2.9452118400000002,止盈,False,False,0.040000000000000036,0.039000000000000035,6,0.5,
s=-0.0010|fill,-0.001,fill,ONG_USDT_PERP,做空,1786929900000,2026-08-17 09:25,0.06165,0.06158835,0.059124816,0.0646677675,1786930200000,2026-08-17 09:30,0.059124816,止盈,False,False,0.040000000000000036,0.039000000000000035,1,0.08333333333333333,
s=-0.0010|fill,-0.001,fill,ONG_USDT_PERP,做空,1787232900000,2026-08-20 21:35,0.06947,0.06940053,0.0666245088,0.0728705565,1787233500000,2026-08-20 21:45,0.0728705565,止損,False,False,-0.050000000000000044,-0.051000000000000045,2,0.16666666666666666,
s=-0.0010|fill,-0.001,fill,ONG_USDT_PERP,做空,1787237700000,2026-08-20 22:55,0.08127,0.08118873,0.0779411808,0.0852481665,1787239800000,2026-08-20 23:30,0.0779411808,止盈,False,False,0.040000000000000036,0.039000000000000035,7,0.5833333333333334,
s=-0.0010|fill,-0.001,fill,ONT_USDT_PERP,做空,1787258100000,2026-08-21 04:35,0.0544,0.054345599999999994,0.05217177599999999,0.057062879999999996,1787258400000,2026-08-21 04:40,0.057062879999999996,止損,False,False,-0.050000000000000044,-0.051000000000000045,1,0.08333333333333333,
s=-0.0010|fill,-0.001,fill,ONT_USDT_PERP,做空,1787262000000,2026-08-21 05:40,0.0513,0.0512487,0.049198752,0.053811135,1787270700000,2026-08-21 08:05,0.049198752,止盈,False,False,0.040000000000000036,0.039000000000000035,29,2.4166666666666665,
s=-0.0010|fill,-0.001,fill,ON_USDT_PERP,做空,1788861900000,2026-09-08 18:05,0.211,0.210789,0.20235744,0.22132845,1788862800000,2026-09-08 18:20,0.20235744,止盈,False,False,0.040000000000000036,0.039000000000000035,3,0.25,
s=-0.0010|fill,-0.001,fill,ORCA_USDT_PERP,做空,1788745800000,2026-09-07 09:50,1.642,1.640358,1.5747436799999999,1.7223759,1788752700000,2026-09-07 11:45,1.5747436799999999,止盈,False,False,0.040000000000000036,0.039000000000000035,23,1.9166666666666667,
s=-0.0010|fill,-0.001,fill,PHA_USDT_PERP,做空,1788972600000,2026-09-10 00:50,0.03342,0.03338658,0.0320511168,0.035055909,1788973800000,2026-09-10 01:10,0.0320511168,止盈,False,False,0.039999999999999925,0.038999999999999924,4,0.3333333333333333,
s=-0.0010|fill,-0.001,fill,PIEVERSE_USDT_PERP,做空,1787306700000,2026-08-21 18:05,1.1295,1.1283705,1.0832356799999998,1.184789025,1787310300000,2026-08-21 19:05,1.0832356799999998,止盈,False,False,0.04000000000000015,0.039000000000000146,12,1.0,
s=-0.0010|fill,-0.001,fill,PIEVERSE_USDT_PERP,做空,1788789300000,2026-09-07 21:55,1.3018,1.3004982,1.248478272,1.36552311,1788793800000,2026-09-07 23:10,1.248478272,止盈,False,False,0.040000000000000036,0.039000000000000035,15,1.25,
s=-0.0010|fill,-0.001,fill,PIXEL_USDT_PERP,做空,1786865400000,2026-08-16 15:30,0.00611,0.00610389,0.005859734399999999,0.0064090845,1786865700000,2026-08-16 15:35,0.005859734399999999,止盈,False,False,0.040000000000000036,0.039000000000000035,1,0.08333333333333333,
s=-0.0010|fill,-0.001,fill,PORTAL_USDT_PERP,做空,1786885200000,2026-08-16 21:00,0.01597,0.01595403,0.0153158688,0.016751731500000002,1786886400000,2026-08-16 21:20,0.0153158688,止盈,False,False,0.040000000000000036,0.039000000000000035,4,0.3333333333333333,
s=-0.0010|fill,-0.001,fill,PORTAL_USDT_PERP,做空,1787544900000,2026-08-24 12:15,0.01602,0.01600398,0.0153638208,0.016804179000000002,1787545500000,2026-08-24 12:25,0.0153638208,止盈,False,False,0.040000000000000036,0.039000000000000035,2,0.16666666666666666,
s=-0.0010|fill,-0.001,fill,PORTAL_USDT_PERP,做空,1787721000000,2026-08-26 13:10,0.01896,0.018941040000000003,0.018183398400000002,0.019888092000000003,1787722200000,2026-08-26 13:30,0.019888092000000003,止損,False,False,-0.050000000000000044,-0.051000000000000045,4,0.3333333333333333,
s=-0.0010|fill,-0.001,fill,PORTAL_USDT_PERP,做空,1788444900000,2026-09-03 22:15,0.01665,0.01663335,0.015968016,0.017465017500000003,1788445200000,2026-09-03 22:20,0.015968016,止盈,False,False,0.040000000000000036,0.039000000000000035,1,0.08333333333333333,
s=-0.0010|fill,-0.001,fill,POWR_USDT_PERP,做空,1789258200000,2026-09-13 08:10,0.06576,0.06569424,0.0630664704,0.06897895200000001,1789258500000,2026-09-13 08:15,0.06897895200000001,止損,False,False,-0.050000000000000044,-0.051000000000000045,1,0.08333333333333333,
s=-0.0010|fill,-0.001,fill,POWR_USDT_PERP,做空,1789263000000,2026-09-13 09:30,0.0824,0.0823176,0.079024896,0.08643348000000001,1789263600000,2026-09-13 09:40,0.079024896,止盈,False,False,0.040000000000000036,0.039000000000000035,2,0.16666666666666666,
s=-0.0010|fill,-0.001,fill,POWR_USDT_PERP,做空,1789267800000,2026-09-13 10:50,0.08243,0.08234757000000001,0.07905366720000001,0.08646494850000001,1789268100000,2026-09-13 10:55,0.07905366720000001,止盈,False,False,0.039999999999999925,0.038999999999999924,1,0.08333333333333333,
s=-0.0010|fill,-0.001,fill,PROMPT_USDT_PERP,做空,1788000900000,2026-08-29 18:55,0.02727,0.02724273,0.0261530208,0.0286048665,1788001200000,2026-08-29 19:00,0.0261530208,止盈,False,False,0.040000000000000036,0.039000000000000035,1,0.08333333333333333,
s=-0.0010|fill,-0.001,fill,PROS_USDT_PERP,做空,1788927600000,2026-09-09 12:20,0.5005,0.49999949999999993,0.4799995199999999,0.524999475,1788929100000,2026-09-09 12:45,0.524999475,止損,False,False,-0.050000000000000044,-0.051000000000000045,5,0.4166666666666667,
s=-0.0010|fill,-0.001,fill,PTB_USDT_PERP,做空,1788529800000,2026-09-04 21:50,0.000816,0.0008151839999999999,0.0007825766399999999,0.0008559431999999999,1788530100000,2026-09-04 21:55,0.0007825766399999999,止盈,False,False,0.040000000000000036,0.039000000000000035,1,0.08333333333333333,
s=-0.0010|fill,-0.001,fill,Q_USDT_PERP,做空,1788496200000,2026-09-04 12:30,0.026302,0.026275698,0.02522467008,0.0275894829,1788496800000,2026-09-04 12:40,0.02522467008,止盈,False,False,0.039999999999999925,0.038999999999999924,2,0.16666666666666666,
s=-0.0010|fill,-0.001,fill,RATS_USDT_PERP,做空,1787062500000,2026-08-18 22:15,5.136e-05,5.130864e-05,4.92562944e-05,5.3874072e-05,1787064900000,2026-08-18 22:55,5.3874072e-05,止損,False,False,-0.050000000000000044,-0.051000000000000045,8,0.6666666666666666,
s=-0.0010|fill,-0.001,fill,RAY_USDT_PERP,做空,1788665400000,2026-09-06 11:30,1.109,1.107891,1.06357536,1.1632855500000001,1788666600000,2026-09-06 11:50,1.1632855500000001,止損,False,False,-0.050000000000000044,-0.051000000000000045,4,0.3333333333333333,
s=-0.0010|fill,-0.001,fill,RAY_USDT_PERP,做空,1788670500000,2026-09-06 12:55,1.154,1.1528459999999998,1.1067321599999997,1.2104883,1788676500000,2026-09-06 14:35,1.1067321599999997,止盈,False,False,0.040000000000000036,0.039000000000000035,20,1.6666666666666667,
s=-0.0010|fill,-0.001,fill,REZ_USDT_PERP,做空,1789016700000,2026-09-10 13:05,0.00362,0.0036163799999999998,0.0034717247999999997,0.003797199,1789017600000,2026-09-10 13:20,0.003797199,止損,False,False,-0.050000000000000044,-0.051000000000000045,3,0.25,
s=-0.0010|fill,-0.001,fill,REZ_USDT_PERP,做空,1789287600000,2026-09-13 16:20,0.003949,0.003945051000000001,0.0037872489600000005,0.004142303550000001,1789289100000,2026-09-13 16:45,0.0037872489600000005,止盈,False,False,0.040000000000000036,0.039000000000000035,5,0.4166666666666667,
s=-0.0010|fill,-0.001,fill,RE_USDT_PERP,做空,1787158200000,2026-08-20 00:50,0.4973,0.49680270000000004,0.47693059200000004,0.5216428350000001,1787166300000,2026-08-20 03:05,0.5216428350000001,止損,False,False,-0.050000000000000044,-0.051000000000000045,27,2.25,
s=-0.0010|fill,-0.001,fill,RE_USDT_PERP,做空,1787363100000,2026-08-22 09:45,0.6057,0.6050943,0.580890528,0.635349015,1787374500000,2026-08-22 12:55,0.580890528,止盈,False,False,0.040000000000000036,0.039000000000000035,38,3.1666666666666665,
s=-0.0010|fill,-0.001,fill,SAGA_USDT_PERP,做空,1789058100000,2026-09-11 00:35,0.01776,0.017742240000000003,0.017032550400000002,0.018629352000000005,1789062600000,2026-09-11 01:50,0.017032550400000002,止盈,False,False,0.040000000000000036,0.039000000000000035,15,1.25,
s=-0.0010|fill,-0.001,fill,SIREN_USDT_PERP,做空,1787970900000,2026-08-29 10:35,0.03355,0.03351645,0.032175792,0.0351922725,1787972700000,2026-08-29 11:05,0.032175792,止盈,False,False,0.040000000000000036,0.039000000000000035,6,0.5,
s=-0.0010|fill,-0.001,fill,SKR_USDT_PERP,做空,1787875800000,2026-08-28 08:10,0.011903,0.011891097,0.011415453119999999,0.01248565185,1787876700000,2026-08-28 08:25,0.01248565185,止損,False,False,-0.050000000000000044,-0.051000000000000045,3,0.25,
s=-0.0010|fill,-0.001,fill,SKR_USDT_PERP,做空,1787880600000,2026-08-28 09:30,0.011993,0.011981007,0.011501766719999999,0.01258005735,1787882100000,2026-08-28 09:55,0.01258005735,止損,False,False,-0.050000000000000044,-0.051000000000000045,5,0.4166666666666667,
s=-0.0010|fill,-0.001,fill,SKR_USDT_PERP,做空,1788069000000,2026-08-30 13:50,0.013432,0.013418567999999999,0.012881825279999998,0.0140894964,1788071700000,2026-08-30 14:35,0.012881825279999998,止盈,False,False,0.040000000000000036,0.039000000000000035,9,0.75,
s=-0.0010|fill,-0.001,fill,SOLV_USDT_PERP,做空,1788684000000,2026-09-06 16:40,0.00374,0.00373626,0.0035868095999999996,0.003923073,1788685800000,2026-09-06 17:10,0.003923073,止損,False,False,-0.050000000000000044,-0.051000000000000045,6,0.5,
s=-0.0010|fill,-0.001,fill,SPK_USDT_PERP,做空,1787292600000,2026-08-21 14:10,0.01886,0.01884114,0.018087494399999998,0.019783197,1787293200000,2026-08-21 14:20,0.018087494399999998,止盈,False,False,0.04000000000000015,0.039000000000000146,2,0.16666666666666666,
s=-0.0010|fill,-0.001,fill,SPORTFUN_USDT_PERP,做空,1786824600000,2026-08-16 04:10,0.02552,0.02549448,0.0244747008,0.026769204,1786825500000,2026-08-16 04:25,0.0244747008,止盈,False,False,0.040000000000000036,0.039000000000000035,3,0.25,
s=-0.0010|fill,-0.001,fill,SPORTFUN_USDT_PERP,做空,1786829400000,2026-08-16 05:30,0.02966,0.029630339999999998,0.028445126399999996,0.031111857,1786830300000,2026-08-16 05:45,0.031111857,止損,False,False,-0.050000000000000044,-0.051000000000000045,3,0.25,
s=-0.0010|fill,-0.001,fill,SPORTFUN_USDT_PERP,做空,1786836000000,2026-08-16 07:20,0.03291,0.032877090000000005,0.0315620064,0.034520944500000005,1786838100000,2026-08-16 07:55,0.0315620064,止盈,False,False,0.040000000000000036,0.039000000000000035,7,0.5833333333333334,
s=-0.0010|fill,-0.001,fill,SQD_USDT_PERP,做空,1787662500000,2026-08-25 20:55,0.03679,0.03675321,0.0352830816,0.038590870500000006,1787664000000,2026-08-25 21:20,0.0352830816,止盈,False,False,0.040000000000000036,0.039000000000000035,5,0.4166666666666667,
s=-0.0010|fill,-0.001,fill,SSV_USDT_PERP,做空,1787297100000,2026-08-21 15:25,2.816,2.8131839999999997,2.7006566399999996,2.9538431999999997,1787298000000,2026-08-21 15:40,2.9538431999999997,止損,False,False,-0.050000000000000044,-0.051000000000000045,3,0.25,
s=-0.0010|fill,-0.001,fill,SSV_USDT_PERP,做空,1787301600000,2026-08-21 16:40,2.839,2.836161,2.72271456,2.9779690500000005,1787316300000,2026-08-21 20:45,2.9779690500000005,止損,False,False,-0.050000000000000044,-0.051000000000000045,49,4.083333333333333,
s=-0.0010|fill,-0.001,fill,STABLE_USDT_PERP,做空,1787265000000,2026-08-21 06:30,0.03199,0.031958009999999995,0.030679689599999994,0.033555910499999994,1787283900000,2026-08-21 11:45,0.030679689599999994,止盈,False,False,0.040000000000000036,0.039000000000000035,63,5.25,
s=-0.0010|fill,-0.001,fill,STAR_USDT_PERP,做空,1786962600000,2026-08-17 18:30,0.12102,0.12089898,0.1160630208,0.126943929,1786969800000,2026-08-17 20:30,0.126943929,止損,False,False,-0.050000000000000044,-0.051000000000000045,24,2.0,
s=-0.0010|fill,-0.001,fill,STAR_USDT_PERP,做空,1787113200000,2026-08-19 12:20,0.13046,0.13032954,0.1251163584,0.136846017,1787117400000,2026-08-19 13:30,0.136846017,止損,False,False,-0.050000000000000044,-0.051000000000000045,14,1.1666666666666667,
s=-0.0010|fill,-0.001,fill,STAR_USDT_PERP,做空,1787316900000,2026-08-21 20:55,0.16075,0.16058925000000002,0.15416568,0.16861871250000002,1787317200000,2026-08-21 21:00,0.15416568,止盈,False,False,0.04000000000000015,0.039000000000000146,1,0.08333333333333333,
s=-0.0010|fill,-0.001,fill,STAR_USDT_PERP,做空,1787565300000,2026-08-24 17:55,0.14315,0.14300685,0.137286576,0.1501571925,1787566500000,2026-08-24 18:15,0.137286576,止盈,False,False,0.040000000000000036,0.039000000000000035,4,0.3333333333333333,
s=-0.0010|fill,-0.001,fill,SUPER_USDT_PERP,做空,1787577300000,2026-08-24 21:15,0.1293,0.1291707,0.124003872,0.13562923500000001,1787577600000,2026-08-24 21:20,0.124003872,止盈,False,False,0.040000000000000036,0.039000000000000035,1,0.08333333333333333,
s=-0.0010|fill,-0.001,fill,SUPER_USDT_PERP,做空,1787581200000,2026-08-24 22:20,0.1344,0.13426559999999998,0.128894976,0.14097888,1787583000000,2026-08-24 22:50,0.128894976,止盈,False,False,0.039999999999999925,0.038999999999999924,6,0.5,
s=-0.0010|fill,-0.001,fill,SUSHI_USDT_PERP,做空,1788630000000,2026-09-06 01:40,0.2401,0.23985990000000001,0.230265504,0.251852895,1788631200000,2026-09-06 02:00,0.251852895,止損,False,False,-0.050000000000000044,-0.051000000000000045,4,0.3333333333333333,
s=-0.0010|fill,-0.001,fill,SUSHI_USDT_PERP,做空,1788636300000,2026-09-06 03:25,0.2775,0.27722250000000004,0.2661336,0.29108362500000007,1788637200000,2026-09-06 03:40,0.2661336,止盈,False,False,0.040000000000000036,0.039000000000000035,3,0.25,
s=-0.0010|fill,-0.001,fill,TAC_USDT_PERP,做空,1787438100000,2026-08-23 06:35,0.001749,0.0017472509999999998,0.0016773609599999998,0.0018346135499999999,1787438700000,2026-08-23 06:45,0.0016773609599999998,止盈,False,False,0.040000000000000036,0.039000000000000035,2,0.16666666666666666,
s=-0.0010|fill,-0.001,fill,TA_USDT_PERP,做空,1789214400000,2026-09-12 20:00,0.06008,0.060019920000000004,0.057619123200000004,0.06302091600000001,1789241100000,2026-09-13 03:25,0.057619123200000004,止盈,False,False,0.040000000000000036,0.039000000000000035,89,7.416666666666667,
s=-0.0010|fill,-0.001,fill,TLM_USDT_PERP,做空,1787670300000,2026-08-25 23:05,0.001672,0.001670328,0.0016035148799999998,0.0017538444,1787674200000,2026-08-26 00:10,0.0016035148799999998,止盈,False,False,0.04000000000000015,0.039000000000000146,13,1.0833333333333333,
s=-0.0010|fill,-0.001,fill,TNSR_USDT_PERP,做空,1788096000000,2026-08-30 21:20,0.04212,0.04207788,0.040394764799999996,0.044181774,1788096300000,2026-08-30 21:25,0.040394764799999996,止盈,False,False,0.040000000000000036,0.039000000000000035,1,0.08333333333333333,
s=-0.0010|fill,-0.001,fill,TRADOOR_USDT_PERP,做空,1788592200000,2026-09-05 15:10,0.7411,0.7403588999999999,0.7107445439999999,0.7773768449999999,1788592500000,2026-09-05 15:15,0.7773768449999999,止損,True,False,-0.050000000000000044,-0.051000000000000045,1,0.08333333333333333,同一根同時觸發→保守計止損
s=-0.0010|fill,-0.001,fill,TRB_USDT_PERP,做空,1787365800000,2026-08-22 10:30,21.825,21.803175,20.931048,22.89333375,1787367600000,2026-08-22 11:00,20.931048,止盈,False,False,0.039999999999999925,0.038999999999999924,6,0.5,
s=-0.0010|fill,-0.001,fill,TREE_USDT_PERP,做空,1787150100000,2026-08-19 22:35,0.04051,0.04046949,0.038850710399999995,0.0424929645,1787152500000,2026-08-19 23:15,0.0424929645,止損,False,False,-0.050000000000000044,-0.051000000000000045,8,0.6666666666666666,
s=-0.0010|fill,-0.001,fill,TREE_USDT_PERP,做空,1787156100000,2026-08-20 00:15,0.04573,0.04568427,0.0438568992,0.0479684835,1787157300000,2026-08-20 00:35,0.0438568992,止盈,False,False,0.039999999999999925,0.038999999999999924,4,0.3333333333333333,
s=-0.0010|fill,-0.001,fill,TREE_USDT_PERP,做空,1789172400000,2026-09-12 08:20,0.04535,0.04530465,0.043492464,0.0475698825,1789172700000,2026-09-12 08:25,0.043492464,止盈,False,False,0.040000000000000036,0.039000000000000035,1,0.08333333333333333,
s=-0.0010|fill,-0.001,fill,TRIA_USDT_PERP,做空,1788495300000,2026-09-04 12:15,0.0049,0.0048950999999999995,0.0046992959999999995,0.005139855,1788495600000,2026-09-04 12:20,0.0046992959999999995,止盈,False,False,0.040000000000000036,0.039000000000000035,1,0.08333333333333333,
s=-0.0010|fill,-0.001,fill,TRIA_USDT_PERP,做空,1788503700000,2026-09-04 14:35,0.00525,0.00524475,0.00503496,0.0055069875,1788506400000,2026-09-04 15:20,0.00503496,止盈,False,False,0.04000000000000015,0.039000000000000146,9,0.75,
s=-0.0010|fill,-0.001,fill,TRUMP_USDT_PERP,做空,1787175000000,2026-08-20 05:30,1.707,1.7052930000000002,1.63708128,1.7905576500000002,1787181600000,2026-08-20 07:20,1.7905576500000002,止損,False,False,-0.050000000000000044,-0.051000000000000045,22,1.8333333333333333,
s=-0.0010|fill,-0.001,fill,US_USDT_PERP,做空,1787325300000,2026-08-21 23:15,0.01978,0.01976022,0.0189698112,0.020748231,1787325600000,2026-08-21 23:20,0.020748231,止損,False,False,-0.050000000000000044,-0.051000000000000045,1,0.08333333333333333,
s=-0.0010|fill,-0.001,fill,US_USDT_PERP,做空,1787329500000,2026-08-22 00:25,0.02225,0.022227749999999998,0.021338639999999996,0.0233391375,1787330400000,2026-08-22 00:40,0.0233391375,止損,False,False,-0.050000000000000044,-0.051000000000000045,3,0.25,
s=-0.0010|fill,-0.001,fill,WAL_USDT_PERP,做空,1786788900000,2026-08-15 18:15,0.0272,0.027172799999999997,0.026085887999999995,0.028531439999999998,1786791000000,2026-08-15 18:50,0.026085887999999995,止盈,False,False,0.04000000000000015,0.039000000000000146,7,0.5833333333333334,
s=-0.0010|fill,-0.001,fill,XPIN_USDT_PERP,做空,1786950300000,2026-08-17 15:05,0.001551,0.001549449,0.00148747104,0.00162692145,1786951200000,2026-08-17 15:20,0.00148747104,止盈,False,False,0.040000000000000036,0.039000000000000035,3,0.25,
s=-0.0010|fill,-0.001,fill,XPIN_USDT_PERP,做空,1787291700000,2026-08-21 13:55,0.001328,0.0013266719999999999,0.0012736051199999999,0.0013930055999999999,1787294700000,2026-08-21 14:45,0.0012736051199999999,止盈,False,False,0.040000000000000036,0.039000000000000035,10,0.8333333333333334,
s=-0.0010|fill,-0.001,fill,XPIN_USDT_PERP,做空,1789367400000,2026-09-14 14:30,0.000886,0.000885114,0.00084970944,0.0009293697,1789367700000,2026-09-14 14:35,0.0009293697,止損,False,False,-0.050000000000000044,-0.051000000000000045,1,0.08333333333333333,
s=-0.0010|fill,-0.001,fill,XVG_USDT_PERP,做空,1787370900000,2026-08-22 11:55,0.002919,0.002916081,0.00279943776,0.00306188505,1787371500000,2026-08-22 12:05,0.00279943776,止盈,False,False,0.040000000000000036,0.039000000000000035,2,0.16666666666666666,
s=-0.0010|fill,-0.001,fill,ZEST_USDT_PERP,做空,1787740800000,2026-08-26 18:40,0.16483,0.16466517,0.1580785632,0.1728984285,1787743500000,2026-08-26 19:25,0.1580785632,止盈,False,False,0.040000000000000036,0.039000000000000035,9,0.75,
s=-0.0010|fill,-0.001,fill,ZEST_USDT_PERP,做空,1788426900000,2026-09-03 17:15,0.15617,0.15601383,0.1497732768,0.1638145215,1788427200000,2026-09-03 17:20,0.1638145215,止損,True,False,-0.050000000000000044,-0.051000000000000045,1,0.08333333333333333,同一根同時觸發→保守計止損
s=-0.0010|fill,-0.001,fill,ZEST_USDT_PERP,做空,1788433500000,2026-09-03 19:05,0.14801,0.14786199,0.1419475104,0.1552550895,1788454200000,2026-09-04 00:50,0.1552550895,止損,False,False,-0.050000000000000044,-0.051000000000000045,69,5.75,
s=-0.0010|fill,-0.001,fill,ZKC_USDT_PERP,做空,1788061500000,2026-08-30 11:45,0.049,0.048951,0.04699296,0.05139855,1788062100000,2026-08-30 11:55,0.04699296,止盈,False,False,0.040000000000000036,0.039000000000000035,2,0.16666666666666666,
s=-0.0010|fill,-0.001,fill,ZKC_USDT_PERP,做空,1788076200000,2026-08-30 15:50,0.0528,0.0527472,0.050637312,0.055384560000000006,1788081600000,2026-08-30 17:20,0.055384560000000006,止損,False,False,-0.050000000000000044,-0.051000000000000045,18,1.5,
s=-0.0010|fill,-0.001,fill,ZKP_USDT_PERP,做空,1788017400000,2026-08-29 23:30,0.05268,0.05262732,0.0505222272,0.055258686,1788018000000,2026-08-29 23:40,0.0505222272,止盈,False,False,0.040000000000000036,0.039000000000000035,2,0.16666666666666666,
s=-0.0010|fill,-0.001,fill,ZORA_USDT_PERP,做空,1787316300000,2026-08-21 20:45,0.00687,0.00686313,0.0065886048,0.007206286500000001,1787317200000,2026-08-21 21:00,0.007206286500000001,止損,False,False,-0.050000000000000044,-0.051000000000000045,3,0.25,
s=-0.0010|fill,-0.001,fill,ZORA_USDT_PERP,做空,1787321100000,2026-08-21 22:05,0.00706,0.007052940000000001,0.0067708224,0.007405587000000001,1787323200000,2026-08-21 22:40,0.0067708224,止盈,False,False,0.040000000000000036,0.039000000000000035,7,0.5833333333333334,
s=-0.0010|fill,-0.001,fill,ZORA_USDT_PERP,做空,1788124200000,2026-08-31 05:10,0.00815,0.008141849999999999,0.007816176,0.0085489425,1788124800000,2026-08-31 05:20,0.0085489425,止損,False,False,-0.050000000000000044,-0.051000000000000045,2,0.16666666666666666,
s=-0.0010|fill,-0.001,fill,ZRO_USDT_PERP,做空,1787665200000,2026-08-25 21:40,1.2411,1.2398589,1.190264544,1.301851845,1787665800000,2026-08-25 21:50,1.190264544,止盈,False,False,0.040000000000000036,0.039000000000000035,2,0.16666666666666666,
s=-0.0010|fill,-0.001,fill,ZRO_USDT_PERP,做空,1787669700000,2026-08-25 22:55,1.2125,1.2112874999999999,1.1628359999999998,1.2718518749999999,1787670900000,2026-08-25 23:15,1.1628359999999998,止盈,False,False,0.040000000000000036,0.039000000000000035,4,0.3333333333333333,
s=-0.0010|fill,-0.001,fill,哈基米_USDT_PERP,做空,1789068300000,2026-09-11 03:25,0.03622,0.03618378,0.0347364288,0.037992969,1789069500000,2026-09-11 03:45,0.037992969,止損,False,False,-0.050000000000000044,-0.051000000000000045,4,0.3333333333333333,
s=-0.0010|fill,-0.001,fill,哈基米_USDT_PERP,做空,1789098300000,2026-09-11 11:45,0.0411,0.041058899999999995,0.03941654399999999,0.043111844999999996,1789099500000,2026-09-11 12:05,0.03941654399999999,止盈,False,False,0.04000000000000015,0.039000000000000146,4,0.3333333333333333,
s=-0.0010|fill,-0.001,fill,哈基米_USDT_PERP,做空,1789103100000,2026-09-11 13:05,0.04118,0.04113882,0.0394932672,0.043195761,1789103700000,2026-09-11 13:15,0.0394932672,止盈,False,False,0.039999999999999925,0.038999999999999924,2,0.16666666666666666,
s=-0.0010|fill,-0.001,fill,我踏马来了_USDT_PERP,做空,1788010200000,2026-08-29 21:30,0.014341,0.014326659,0.01375359264,0.015042991950000001,1788010500000,2026-08-29 21:35,0.01375359264,止盈,False,False,0.040000000000000036,0.039000000000000035,1,0.08333333333333333,
s=-0.0010|fill,-0.001,fill,我踏马来了_USDT_PERP,做空,1789083600000,2026-09-11 07:40,0.012087,0.012074913000000001,0.01159191648,0.012678658650000002,1789094100000,2026-09-11 10:35,0.012678658650000002,止損,False,False,-0.050000000000000044,-0.051000000000000045,35,2.9166666666666665,
s=-0.0010|fill,-0.001,fill,我踏马来了_USDT_PERP,做空,1789190100000,2026-09-12 13:15,0.015,0.014985,0.0143856,0.01573425,1789190400000,2026-09-12 13:20,0.0143856,止盈,False,False,0.040000000000000036,0.039000000000000035,1,0.08333333333333333,
s=-0.0025|signal,-0.0025,signal,0G_USDT_PERP,做空,1788174300000,2026-08-31 19:05,0.2285,0.22792875,0.21936,0.23992500000000003,1788177900000,2026-08-31 20:05,0.21936,止盈,False,False,0.03759398496240607,0.03659398496240607,12,1.0,
s=-0.0025|signal,-0.0025,signal,4_USDT_PERP,做空,1787999100000,2026-08-29 18:25,0.01703,0.016987425,0.0163488,0.0178815,1788000600000,2026-08-29 18:50,0.0163488,止盈,False,False,0.03759398496240607,0.03659398496240607,5,0.4166666666666667,
s=-0.0025|signal,-0.0025,signal,4_USDT_PERP,做空,1788539700000,2026-09-05 00:35,0.01808,0.0180348,0.0173568,0.018984,1788540300000,2026-09-05 00:45,0.018984,止損,False,False,-0.05263157894736836,-0.053631578947368364,2,0.16666666666666666,
s=-0.0025|signal,-0.0025,signal,4_USDT_PERP,做空,1788544500000,2026-09-05 01:55,0.02088,0.0208278,0.020044799999999998,0.021924,1788545700000,2026-09-05 02:15,0.021924,止損,False,False,-0.05263157894736836,-0.053631578947368364,4,0.3333333333333333,
s=-0.0025|signal,-0.0025,signal,4_USDT_PERP,做空,1788549300000,2026-09-05 03:15,0.02226,0.02220435,0.0213696,0.023372999999999998,1788550200000,2026-09-05 03:30,0.0213696,止盈,False,False,0.03759398496240607,0.03659398496240607,3,0.25,
s=-0.0025|signal,-0.0025,signal,4_USDT_PERP,做空,1788777900000,2026-09-07 18:45,0.02664,0.0265734,0.0255744,0.027972,1788779100000,2026-09-07 19:05,0.0255744,止盈,False,False,0.03759398496240596,0.03659398496240596,4,0.3333333333333333,
s=-0.0025|signal,-0.0025,signal,ACE_USDT_PERP,做空,1788265800000,2026-09-01 20:30,0.18806,0.18758985,0.1805376,0.19746300000000003,1788266700000,2026-09-01 20:45,0.1805376,止盈,False,False,0.03759398496240607,0.03659398496240607,3,0.25,
s=-0.0025|signal,-0.0025,signal,AGT_USDT_PERP,做空,1788193800000,2026-09-01 00:30,0.017237,0.0171939075,0.01654752,0.01809885,1788194100000,2026-09-01 00:35,0.01654752,止盈,False,False,0.03759398496240607,0.03659398496240607,1,0.08333333333333333,
s=-0.0025|signal,-0.0025,signal,AGT_USDT_PERP,做空,1788198600000,2026-09-01 01:50,0.017307,0.0172637325,0.01661472,0.01817235,1788212100000,2026-09-01 05:35,0.01661472,止盈,False,False,0.03759398496240607,0.03659398496240607,45,3.75,
s=-0.0025|signal,-0.0025,signal,AGT_USDT_PERP,做空,1788236400000,2026-09-01 12:20,0.018968,0.01892058,0.018209279999999998,0.0199164,1788236700000,2026-09-01 12:25,0.018209279999999998,止盈,False,False,0.03759398496240607,0.03659398496240607,1,0.08333333333333333,
s=-0.0025|signal,-0.0025,signal,AIN_USDT_PERP,做空,1789365000000,2026-09-14 13:50,0.10972,0.1094457,0.1053312,0.115206,1789365600000,2026-09-14 14:00,0.1053312,止盈,False,False,0.03759398496240607,0.03659398496240607,2,0.16666666666666666,
s=-0.0025|signal,-0.0025,signal,AIN_USDT_PERP,做空,1789369200000,2026-09-14 15:00,0.10454,0.10427865,0.10035839999999999,0.109767,1789371000000,2026-09-14 15:30,0.10035839999999999,止盈,False,False,0.03759398496240618,0.03659398496240618,6,0.5,
s=-0.0025|signal,-0.0025,signal,ALCH_USDT_PERP,做空,1787734500000,2026-08-26 16:55,0.03262,0.032538450000000003,0.0313152,0.034251000000000004,1787734800000,2026-08-26 17:00,0.0313152,止盈,False,False,0.03759398496240607,0.03659398496240607,1,0.08333333333333333,
s=-0.0025|signal,-0.0025,signal,ANIME_USDT_PERP,做空,1789024500000,2026-09-10 15:15,0.003552,0.0035431200000000003,0.00340992,0.0037296,1789025400000,2026-09-10 15:30,0.00340992,止盈,False,False,0.03759398496240618,0.03659398496240618,3,0.25,
s=-0.0025|signal,-0.0025,signal,APR_USDT_PERP,做空,1787060700000,2026-08-18 21:45,0.2187,0.21815325000000002,0.209952,0.229635,1787061300000,2026-08-18 21:55,0.209952,止盈,False,False,0.03759398496240607,0.03659398496240607,2,0.16666666666666666,
s=-0.0025|signal,-0.0025,signal,APR_USDT_PERP,做空,1788454200000,2026-09-04 00:50,0.269,0.26832750000000005,0.25824,0.28245000000000003,1788454500000,2026-09-04 00:55,0.25824,止盈,False,False,0.03759398496240607,0.03659398496240607,1,0.08333333333333333,
s=-0.0025|signal,-0.0025,signal,APR_USDT_PERP,做空,1788463200000,2026-09-04 03:20,0.2691,0.26842725,0.258336,0.282555,1788464100000,2026-09-04 03:35,0.282555,止損,False,False,-0.05263157894736836,-0.053631578947368364,3,0.25,
s=-0.0025|signal,-0.0025,signal,APR_USDT_PERP,做空,1788468300000,2026-09-04 04:45,0.27595,0.27526012499999997,0.264912,0.2897475,1788475200000,2026-09-04 06:40,0.264912,止盈,False,False,0.03759398496240596,0.03659398496240596,23,1.9166666666666667,
s=-0.0025|signal,-0.0025,signal,ASTR_USDT_PERP,做空,1789434300000,2026-09-15 09:05,0.006865,0.0068478375,0.0065904,0.00720825,1789434600000,2026-09-15 09:10,0.00720825,止損,False,False,-0.052631578947368585,-0.053631578947368586,1,0.08333333333333333,
s=-0.0025|signal,-0.0025,signal,ASTR_USDT_PERP,做空,1789438800000,2026-09-15 10:20,0.007216,0.007197960000000001,0.00692736,0.007576800000000001,1789439100000,2026-09-15 10:25,0.007576800000000001,止損,False,False,-0.05263157894736836,-0.053631578947368364,1,0.08333333333333333,
s=-0.0025|signal,-0.0025,signal,AXL_USDT_PERP,做空,1789452900000,2026-09-15 14:15,0.0529,0.05276775,0.050784,0.055545000000000004,1789453500000,2026-09-15 14:25,0.050784,止盈,False,False,0.03759398496240596,0.03659398496240596,2,0.16666666666666666,
s=-0.0025|signal,-0.0025,signal,BAND_USDT_PERP,做空,1788025200000,2026-08-30 01:40,0.201,0.20049750000000002,0.19296,0.21105000000000002,1788028500000,2026-08-30 02:35,0.19296,止盈,False,False,0.03759398496240618,0.03659398496240618,11,0.9166666666666666,
s=-0.0025|signal,-0.0025,signal,BAS_USDT_PERP,做空,1787743500000,2026-08-26 19:25,0.026397,0.026331007500000003,0.025341119999999998,0.02771685,1787753700000,2026-08-26 22:15,0.025341119999999998,止盈,False,False,0.03759398496240618,0.03659398496240618,34,2.8333333333333335,
s=-0.0025|signal,-0.0025,signal,BAS_USDT_PERP,做空,1787912100000,2026-08-28 18:15,0.032049,0.0319688775,0.03076704,0.03365145,1787912700000,2026-08-28 18:25,0.03076704,止盈,False,False,0.03759398496240607,0.03659398496240607,2,0.16666666666666666,
s=-0.0025|signal,-0.0025,signal,BB_USDT_PERP,做空,1787304300000,2026-08-21 17:25,0.01309,0.013057275,0.012566399999999998,0.0137445,1787304600000,2026-08-21 17:30,0.0137445,止損,False,False,-0.05263157894736836,-0.053631578947368364,1,0.08333333333333333,
s=-0.0025|signal,-0.0025,signal,BEAMX_USDT_PERP,做空,1787821200000,2026-08-27 17:00,0.002139,0.0021336525,0.0020534399999999997,0.00224595,1787822100000,2026-08-27 17:15,0.0020534399999999997,止盈,False,False,0.03759398496240618,0.03659398496240618,3,0.25,
s=-0.0025|signal,-0.0025,signal,BICO_USDT_PERP,做空,1787745600000,2026-08-26 20:00,0.02381,0.023750475000000004,0.0228576,0.025000500000000002,1787745900000,2026-08-26 20:05,0.0228576,止盈,False,False,0.03759398496240618,0.03659398496240618,1,0.08333333333333333,
s=-0.0025|signal,-0.0025,signal,BICO_USDT_PERP,做空,1787757900000,2026-08-26 23:25,0.02631,0.026244225000000003,0.025257599999999998,0.0276255,1787758800000,2026-08-26 23:40,0.025257599999999998,止盈,False,False,0.03759398496240618,0.03659398496240618,3,0.25,
s=-0.0025|signal,-0.0025,signal,BLESS_USDT_PERP,做空,1787321700000,2026-08-21 22:15,0.00862,0.008598449999999999,0.008275199999999998,0.009051,1787322300000,2026-08-21 22:25,0.008275199999999998,止盈,False,False,0.03759398496240607,0.03659398496240607,2,0.16666666666666666,
s=-0.0025|signal,-0.0025,signal,BLUR_USDT_PERP,做空,1789140000000,2026-09-11 23:20,0.02085,0.020797875,0.020016,0.021892500000000002,1789140900000,2026-09-11 23:35,0.020016,止盈,False,False,0.03759398496240607,0.03659398496240607,3,0.25,
s=-0.0025|signal,-0.0025,signal,BR_USDT_PERP,做空,1789358100000,2026-09-14 11:55,0.36686,0.36594285000000004,0.3521856,0.385203,1789358400000,2026-09-14 12:00,0.385203,止損,False,False,-0.05263157894736836,-0.053631578947368364,1,0.08333333333333333,
s=-0.0025|signal,-0.0025,signal,BTR_USDT_PERP,做空,1787553000000,2026-08-24 14:30,0.03322,0.03313695,0.0318912,0.034881,1787553900000,2026-08-24 14:45,0.034881,止損,False,False,-0.052631578947368585,-0.053631578947368586,3,0.25,
s=-0.0025|signal,-0.0025,signal,BTR_USDT_PERP,做空,1787557800000,2026-08-24 15:50,0.03466,0.03457335,0.0332736,0.036393,1787559000000,2026-08-24 16:10,0.036393,止損,False,False,-0.05263157894736836,-0.053631578947368364,4,0.3333333333333333,
s=-0.0025|signal,-0.0025,signal,BTR_USDT_PERP,做空,1787716800000,2026-08-26 12:00,0.04071,0.040608225000000005,0.0390816,0.042745500000000006,1787717100000,2026-08-26 12:05,0.042745500000000006,止損,False,False,-0.05263157894736836,-0.053631578947368364,1,0.08333333333333333,
s=-0.0025|signal,-0.0025,signal,BTW_USDT_PERP,做空,1789302300000,2026-09-13 20:25,0.699394,0.697645515,0.6714182399999999,0.7343637,1789303800000,2026-09-13 20:50,0.6714182399999999,止盈,False,False,0.03759398496240618,0.03659398496240618,5,0.4166666666666667,
s=-0.0025|signal,-0.0025,signal,BULLA_USDT_PERP,做空,1787003400000,2026-08-18 05:50,0.02062,0.020568450000000002,0.0197952,0.021651,1787003700000,2026-08-18 05:55,0.0197952,止盈,False,False,0.03759398496240618,0.03659398496240618,1,0.08333333333333333,
s=-0.0025|signal,-0.0025,signal,B_USDT_PERP,做空,1788589500000,2026-09-05 14:25,0.2168,0.216258,0.20812799999999998,0.22764,1788589800000,2026-09-05 14:30,0.20812799999999998,止盈,False,False,0.03759398496240618,0.03659398496240618,1,0.08333333333333333,
s=-0.0025|signal,-0.0025,signal,B_USDT_PERP,做空,1788593400000,2026-09-05 15:30,0.1992,0.198702,0.19123199999999999,0.20915999999999998,1788601200000,2026-09-05 17:40,0.19123199999999999,止盈,False,False,0.03759398496240607,0.03659398496240607,26,2.1666666666666665,
s=-0.0025|signal,-0.0025,signal,CAP_USDT_PERP,做空,1788492000000,2026-09-04 11:20,0.05311,0.052977225,0.0509856,0.0557655,1788492600000,2026-09-04 11:30,0.0509856,止盈,False,False,0.03759398496240607,0.03659398496240607,2,0.16666666666666666,
s=-0.0025|signal,-0.0025,signal,CAP_USDT_PERP,做空,1788773100000,2026-09-07 17:25,0.04997,0.049845075,0.0479712,0.0524685,1788779100000,2026-09-07 19:05,0.0479712,止盈,False,False,0.03759398496240607,0.03659398496240607,20,1.6666666666666667,
s=-0.0025|signal,-0.0025,signal,CAP_USDT_PERP,做空,1789388700000,2026-09-14 20:25,0.06824,0.0680694,0.0655104,0.071652,1789389000000,2026-09-14 20:30,0.0655104,止盈,False,False,0.03759398496240607,0.03659398496240607,1,0.08333333333333333,
s=-0.0025|signal,-0.0025,signal,CASHCAT_USDT_PERP,做空,1789135500000,2026-09-11 22:05,0.1886,0.1881285,0.181056,0.19803,1789142100000,2026-09-11 23:55,0.181056,止盈,False,False,0.03759398496240607,0.03659398496240607,22,1.8333333333333333,
s=-0.0025|signal,-0.0025,signal,CATI_USDT_PERP,做空,1788447000000,2026-09-03 22:50,0.06712,0.0669522,0.0644352,0.070476,1788453600000,2026-09-04 00:40,0.0644352,止盈,False,False,0.03759398496240607,0.03659398496240607,22,1.8333333333333333,
s=-0.0025|signal,-0.0025,signal,CFG_USDT_PERP,做空,1788751800000,2026-09-07 11:30,0.1336,0.133266,0.12825599999999998,0.14028000000000002,1788753000000,2026-09-07 11:50,0.12825599999999998,止盈,False,False,0.03759398496240618,0.03659398496240618,4,0.3333333333333333,
s=-0.0025|signal,-0.0025,signal,CHIP_USDT_PERP,做空,1788423300000,2026-09-03 16:15,0.05177,0.051640575,0.04969919999999999,0.0543585,1788434400000,2026-09-03 19:20,0.04969919999999999,止盈,False,False,0.03759398496240618,0.03659398496240618,37,3.0833333333333335,
s=-0.0025|signal,-0.0025,signal,CLO_USDT_PERP,做空,1787046900000,2026-08-18 17:55,0.1373,0.13695675000000002,0.131808,0.14416500000000002,1787054100000,2026-08-18 19:55,0.14416500000000002,止損,False,False,-0.05263157894736836,-0.053631578947368364,24,2.0,
s=-0.0025|signal,-0.0025,signal,CLO_USDT_PERP,做空,1787970000000,2026-08-29 10:20,0.1143,0.11401425000000001,0.10972799999999999,0.12001500000000001,1787972400000,2026-08-29 11:00,0.12001500000000001,止損,False,False,-0.05263157894736836,-0.053631578947368364,8,0.6666666666666666,
s=-0.0025|signal,-0.0025,signal,CLO_USDT_PERP,做空,1788320100000,2026-09-02 11:35,0.1616,0.161196,0.155136,0.16968,1788322800000,2026-09-02 12:20,0.16968,止損,False,False,-0.05263157894736836,-0.053631578947368364,9,0.75,
s=-0.0025|signal,-0.0025,signal,COLLECT_USDT_PERP,做空,1787230800000,2026-08-20 21:00,0.05943,0.059281425,0.057052799999999994,0.0624015,1787232300000,2026-08-20 21:25,0.0624015,止損,False,False,-0.05263157894736836,-0.053631578947368364,5,0.4166666666666667,
s=-0.0025|signal,-0.0025,signal,COLLECT_USDT_PERP,做空,1788603000000,2026-09-05 18:10,0.09433,0.094094175,0.09055679999999999,0.0990465,1788603300000,2026-09-05 18:15,0.09055679999999999,止盈,False,False,0.03759398496240607,0.03659398496240607,1,0.08333333333333333,
s=-0.0025|signal,-0.0025,signal,COTI_USDT_PERP,做空,1787342100000,2026-08-22 03:55,0.01225,0.012219375000000001,0.01176,0.0128625,1787343000000,2026-08-22 04:10,0.0128625,止損,False,False,-0.05263157894736836,-0.053631578947368364,3,0.25,
s=-0.0025|signal,-0.0025,signal,COTI_USDT_PERP,做空,1788690600000,2026-09-06 18:30,0.01845,0.018403875000000004,0.017712000000000002,0.0193725,1788694200000,2026-09-06 19:30,0.017712000000000002,止盈,False,False,0.03759398496240607,0.03659398496240607,12,1.0,
s=-0.0025|signal,-0.0025,signal,CROSS_USDT_PERP,做空,1786845000000,2026-08-16 09:50,0.10204,0.10178490000000001,0.0979584,0.10714200000000002,1786851900000,2026-08-16 11:45,0.10714200000000002,止損,False,False,-0.05263157894736836,-0.053631578947368364,23,1.9166666666666667,
s=-0.0025|signal,-0.0025,signal,CTR_USDT_PERP,做空,1789280700000,2026-09-13 14:25,0.01166,0.011630850000000002,0.0111936,0.012243,1789281000000,2026-09-13 14:30,0.0111936,止盈,False,False,0.03759398496240618,0.03659398496240618,1,0.08333333333333333,
s=-0.0025|signal,-0.0025,signal,CTR_USDT_PERP,做空,1789453200000,2026-09-15 14:20,0.01231,0.012279225000000001,0.0118176,0.0129255,1789454400000,2026-09-15 14:40,0.0118176,止盈,False,False,0.03759398496240618,0.03659398496240618,4,0.3333333333333333,
s=-0.0025|signal,-0.0025,signal,CYS_USDT_PERP,做空,1789168500000,2026-09-12 07:15,0.1593,0.15890175,0.15292799999999998,0.167265,1789170000000,2026-09-12 07:40,0.15292799999999998,止盈,False,False,0.03759398496240618,0.03659398496240618,5,0.4166666666666667,
s=-0.0025|signal,-0.0025,signal,DASH_USDT_PERP,做空,1787367600000,2026-08-22 11:00,46.84,46.7229,44.9664,49.182,1787370900000,2026-08-22 11:55,44.9664,止盈,False,False,0.03759398496240607,0.03659398496240607,11,0.9166666666666666,
s=-0.0025|signal,-0.0025,signal,DOGS_USDT_PERP,做空,1788200100000,2026-09-01 02:15,4.62e-05,4.60845e-05,4.4352e-05,4.851e-05,1788207600000,2026-09-01 04:20,4.4352e-05,止盈,False,False,0.03759398496240607,0.03659398496240607,25,2.0833333333333335,
s=-0.0025|signal,-0.0025,signal,EDEN_USDT_PERP,做空,1786982100000,2026-08-17 23:55,0.05434,0.05420415,0.052166399999999995,0.057057000000000004,1786982700000,2026-08-18 00:05,0.052166399999999995,止盈,False,False,0.03759398496240607,0.03659398496240607,2,0.16666666666666666,
s=-0.0025|signal,-0.0025,signal,EDGE_USDT_PERP,做空,1787213100000,2026-08-20 16:05,0.364,0.36309,0.34944,0.3822,1787219700000,2026-08-20 17:55,0.34944,止盈,False,False,0.03759398496240618,0.03659398496240618,22,1.8333333333333333,
s=-0.0025|signal,-0.0025,signal,ELSA_USDT_PERP,做空,1788569700000,2026-09-05 08:55,0.05706,0.056917350000000005,0.054777599999999996,0.059913,1788571800000,2026-09-05 09:30,0.054777599999999996,止盈,False,False,0.03759398496240618,0.03659398496240618,7,0.5833333333333334,
s=-0.0025|signal,-0.0025,signal,FF_USDT_PERP,做空,1788270000000,2026-09-01 21:40,0.09488,0.09464280000000001,0.09108480000000001,0.099624,1788270600000,2026-09-01 21:50,0.099624,止損,False,False,-0.05263157894736836,-0.053631578947368364,2,0.16666666666666666,
s=-0.0025|signal,-0.0025,signal,FF_USDT_PERP,做空,1788274200000,2026-09-01 22:50,0.10179,0.10153552500000002,0.0977184,0.10687950000000002,1788275700000,2026-09-01 23:15,0.0977184,止盈,False,False,0.03759398496240618,0.03659398496240618,5,0.4166666666666667,
s=-0.0025|signal,-0.0025,signal,FF_USDT_PERP,做空,1789447800000,2026-09-15 12:50,0.15524,0.1548519,0.14903039999999998,0.163002,1789448100000,2026-09-15 12:55,0.14903039999999998,止盈,False,False,0.03759398496240607,0.03659398496240607,1,0.08333333333333333,
s=-0.0025|signal,-0.0025,signal,FHE_USDT_PERP,做空,1786983300000,2026-08-18 00:15,0.03218,0.032099550000000004,0.030892799999999998,0.033789,1786983600000,2026-08-18 00:20,0.030892799999999998,止盈,False,False,0.03759398496240618,0.03659398496240618,1,0.08333333333333333,
s=-0.0025|signal,-0.0025,signal,FLUID_USDT_PERP,做空,1787715900000,2026-08-26 11:45,1.535,1.5311625,1.4735999999999998,1.61175,1787719200000,2026-08-26 12:40,1.61175,止損,False,False,-0.05263157894736836,-0.053631578947368364,11,0.9166666666666666,
s=-0.0025|signal,-0.0025,signal,GPS_USDT_PERP,做空,1786941600000,2026-08-17 12:40,0.014967,0.0149295825,0.014368319999999999,0.01571535,1786942800000,2026-08-17 13:00,0.014368319999999999,止盈,False,False,0.03759398496240607,0.03659398496240607,4,0.3333333333333333,
s=-0.0025|signal,-0.0025,signal,GRIFFAIN_USDT_PERP,做空,1789197900000,2026-09-12 15:25,0.01287,0.012837825,0.012355199999999998,0.0135135,1789201500000,2026-09-12 16:25,0.0135135,止損,False,False,-0.05263157894736836,-0.053631578947368364,12,1.0,
s=-0.0025|signal,-0.0025,signal,GWEI_USDT_PERP,做空,1787277300000,2026-08-21 09:55,0.02519,0.025127025,0.0241824,0.0264495,1787278500000,2026-08-21 10:15,0.0264495,止損,False,False,-0.05263157894736836,-0.053631578947368364,4,0.3333333333333333,
s=-0.0025|signal,-0.0025,signal,HAEDAL_USDT_PERP,做空,1788856200000,2026-09-08 16:30,0.02249,0.022433775,0.0215904,0.0236145,1788859800000,2026-09-08 17:30,0.0215904,止盈,False,False,0.03759398496240607,0.03659398496240607,12,1.0,
s=-0.0025|signal,-0.0025,signal,HANA_USDT_PERP,做空,1787647500000,2026-08-25 16:45,0.02054,0.02048865,0.019718399999999997,0.021567,1787650200000,2026-08-25 17:30,0.021567,止損,False,False,-0.05263157894736836,-0.053631578947368364,9,0.75,
s=-0.0025|signal,-0.0025,signal,HEMI_USDT_PERP,做空,1787831400000,2026-08-27 19:50,0.00913,0.009107175,0.0087648,0.0095865,1787832300000,2026-08-27 20:05,0.0087648,止盈,False,False,0.03759398496240607,0.03659398496240607,3,0.25,
s=-0.0025|signal,-0.0025,signal,HEMI_USDT_PERP,做空,1787858400000,2026-08-28 03:20,0.01009,0.010064775,0.0096864,0.0105945,1787864100000,2026-08-28 04:55,0.0096864,止盈,False,False,0.03759398496240607,0.03659398496240607,19,1.5833333333333333,
s=-0.0025|signal,-0.0025,signal,HEMI_USDT_PERP,做空,1789403400000,2026-09-15 00:30,0.00705,0.007032375,0.006768,0.0074025,1789403700000,2026-09-15 00:35,0.006768,止盈,False,False,0.03759398496240607,0.03659398496240607,1,0.08333333333333333,
s=-0.0025|signal,-0.0025,signal,IDOL_USDT_PERP,做空,1789473300000,2026-09-15 19:55,0.01197,0.011940075,0.0114912,0.0125685,1789473900000,2026-09-15 20:05,0.0114912,止盈,False,False,0.03759398496240596,0.03659398496240596,2,0.16666666666666666,
s=-0.0025|signal,-0.0025,signal,IDOL_USDT_PERP,做空,1789478400000,2026-09-15 21:20,0.0114,0.011371500000000001,0.010944,0.011970000000000001,1789479000000,2026-09-15 21:30,0.010944,止盈,False,False,0.03759398496240607,0.03659398496240607,2,0.16666666666666666,
s=-0.0025|signal,-0.0025,signal,IOST_USDT_PERP,做空,1788763500000,2026-09-07 14:45,0.000892,0.00088977,0.0008563199999999999,0.0009366,1788764100000,2026-09-07 14:55,0.0008563199999999999,止盈,False,False,0.03759398496240607,0.03659398496240607,2,0.16666666666666666,
s=-0.0025|signal,-0.0025,signal,KAT_USDT_PERP,做空,1788925200000,2026-09-09 11:40,0.006139,0.006123652500000001,0.00589344,0.006445950000000001,1788926700000,2026-09-09 12:05,0.00589344,止盈,False,False,0.03759398496240618,0.03659398496240618,5,0.4166666666666667,
s=-0.0025|signal,-0.0025,signal,KERNEL_USDT_PERP,做空,1787824800000,2026-08-27 18:00,0.04664,0.046523400000000006,0.0447744,0.048972,1787825100000,2026-08-27 18:05,0.0447744,止盈,False,False,0.03759398496240618,0.03659398496240618,1,0.08333333333333333,
s=-0.0025|signal,-0.0025,signal,LAB_USDT_PERP,做空,1789122000000,2026-09-11 18:20,0.05873,0.058583175,0.056380799999999995,0.0616665,1789123500000,2026-09-11 18:45,0.0616665,止損,False,False,-0.05263157894736836,-0.053631578947368364,5,0.4166666666666667,
s=-0.0025|signal,-0.0025,signal,LAYER_USDT_PERP,做空,1788710400000,2026-09-07 00:00,0.0881,0.08787975,0.084576,0.092505,1788711300000,2026-09-07 00:15,0.084576,止盈,False,False,0.03759398496240607,0.03659398496240607,3,0.25,
s=-0.0025|signal,-0.0025,signal,LA_USDT_PERP,做空,1788312300000,2026-09-02 09:25,0.06491,0.06474772499999999,0.0623136,0.0681555,1788319200000,2026-09-02 11:20,0.0623136,止盈,False,False,0.03759398496240596,0.03659398496240596,23,1.9166666666666667,
s=-0.0025|signal,-0.0025,signal,LIGHT_USDT_PERP,做空,1787730600000,2026-08-26 15:50,0.1766,0.17615850000000002,0.169536,0.18543,1787736300000,2026-08-26 17:25,0.169536,止盈,False,False,0.03759398496240618,0.03659398496240618,19,1.5833333333333333,
s=-0.0025|signal,-0.0025,signal,LIGHT_USDT_PERP,做空,1787909400000,2026-08-28 17:30,0.2318,0.23122050000000002,0.222528,0.24339000000000002,1787911500000,2026-08-28 18:05,0.222528,止盈,False,False,0.03759398496240607,0.03659398496240607,7,0.5833333333333334,
s=-0.0025|signal,-0.0025,signal,LSK_USDT_PERP,做空,1787754600000,2026-08-26 22:30,0.112,0.11172000000000001,0.10752,0.11760000000000001,1787755200000,2026-08-26 22:40,0.10752,止盈,False,False,0.03759398496240607,0.03659398496240607,2,0.16666666666666666,
s=-0.0025|signal,-0.0025,signal,LUNA2_USDT_PERP,做空,1788782700000,2026-09-07 20:05,0.05437,0.05423407500000001,0.0521952,0.05708850000000001,1788784500000,2026-09-07 20:35,0.0521952,止盈,False,False,0.03759398496240618,0.03659398496240618,6,0.5,
s=-0.0025|signal,-0.0025,signal,MAGMA_USDT_PERP,做空,1787344200000,2026-08-22 04:30,0.32043,0.319628925,0.30761279999999996,0.3364515,1787347800000,2026-08-22 05:30,0.30761279999999996,止盈,False,False,0.03759398496240618,0.03659398496240618,12,1.0,
s=-0.0025|signal,-0.0025,signal,MAGMA_USDT_PERP,做空,1789323300000,2026-09-14 02:15,0.26632,0.2656542,0.2556672,0.279636,1789324500000,2026-09-14 02:35,0.279636,止損,False,False,-0.05263157894736836,-0.053631578947368364,4,0.3333333333333333,
s=-0.0025|signal,-0.0025,signal,MANTRA_USDT_PERP,做空,1787903400000,2026-08-28 15:50,0.00476,0.004748100000000001,0.0045696,0.004998000000000001,1787905500000,2026-08-28 16:25,0.0045696,止盈,False,False,0.03759398496240618,0.03659398496240618,7,0.5833333333333334,
s=-0.0025|signal,-0.0025,signal,MELANIA_USDT_PERP,做空,1787371800000,2026-08-22 12:10,0.1263,0.12598425,0.121248,0.132615,1787373300000,2026-08-22 12:35,0.132615,止損,False,False,-0.052631578947368585,-0.053631578947368586,5,0.4166666666666667,
s=-0.0025|signal,-0.0025,signal,MOODENG_USDT_PERP,做空,1788629100000,2026-09-06 01:25,0.04783,0.047710425,0.045916799999999994,0.0502215,1788630300000,2026-09-06 01:45,0.045916799999999994,止盈,False,False,0.03759398496240618,0.03659398496240618,4,0.3333333333333333,
s=-0.0025|signal,-0.0025,signal,MOODENG_USDT_PERP,做空,1789621200000,2026-09-17 13:00,0.04393,0.043820174999999996,0.042172799999999996,0.0461265,1789622100000,2026-09-17 13:15,0.042172799999999996,止盈,False,False,0.03759398496240596,0.03659398496240596,3,0.25,
s=-0.0025|signal,-0.0025,signal,MOVE_USDT_PERP,做空,1787371500000,2026-08-22 12:05,0.00853,0.008508675,0.0081888,0.0089565,1787374200000,2026-08-22 12:50,0.0089565,止損,False,False,-0.05263157894736836,-0.053631578947368364,9,0.75,
s=-0.0025|signal,-0.0025,signal,MOVR_USDT_PERP,做空,1786800000000,2026-08-15 21:20,0.985,0.9825375000000001,0.9456,1.0342500000000001,1786800900000,2026-08-15 21:35,0.9456,止盈,False,False,0.03759398496240607,0.03659398496240607,3,0.25,
s=-0.0025|signal,-0.0025,signal,MOVR_USDT_PERP,做空,1787802900000,2026-08-27 11:55,0.799,0.7970025000000001,0.76704,0.8389500000000001,1787803500000,2026-08-27 12:05,0.8389500000000001,止損,False,False,-0.05263157894736836,-0.053631578947368364,2,0.16666666666666666,
s=-0.0025|signal,-0.0025,signal,MOVR_USDT_PERP,做空,1787807400000,2026-08-27 13:10,0.869,0.8668275000000001,0.83424,0.91245,1787807700000,2026-08-27 13:15,0.83424,止盈,False,False,0.03759398496240618,0.03659398496240618,1,0.08333333333333333,
s=-0.0025|signal,-0.0025,signal,MUBARAK_USDT_PERP,做空,1788363600000,2026-09-02 23:40,0.02662,0.026553450000000003,0.0255552,0.027951000000000004,1788364200000,2026-09-02 23:50,0.027951000000000004,止損,False,False,-0.05263157894736836,-0.053631578947368364,2,0.16666666666666666,
s=-0.0025|signal,-0.0025,signal,NAORIS_USDT_PERP,做空,1788591000000,2026-09-05 14:50,0.03141,0.031331475000000004,0.0301536,0.0329805,1788592200000,2026-09-05 15:10,0.0301536,止盈,False,False,0.03759398496240618,0.03659398496240618,4,0.3333333333333333,
s=-0.0025|signal,-0.0025,signal,NAORIS_USDT_PERP,做空,1788691200000,2026-09-06 18:40,0.03484,0.0347529,0.0334464,0.036582,1788696600000,2026-09-06 20:10,0.036582,止損,False,False,-0.05263157894736836,-0.053631578947368364,18,1.5,
s=-0.0025|signal,-0.0025,signal,NOM_USDT_PERP,做空,1788576000000,2026-09-05 10:40,0.001789,0.0017845275000000001,0.00171744,0.00187845,1788577200000,2026-09-05 11:00,0.00187845,止損,False,False,-0.05263157894736836,-0.053631578947368364,4,0.3333333333333333,
s=-0.0025|signal,-0.0025,signal,NOM_USDT_PERP,做空,1788586800000,2026-09-05 13:40,0.002085,0.0020797875,0.0020016,0.0021892500000000002,1788588000000,2026-09-05 14:00,0.0020016,止盈,False,False,0.03759398496240607,0.03659398496240607,4,0.3333333333333333,
s=-0.0025|signal,-0.0025,signal,OG_USDT_PERP,做空,1787472300000,2026-08-23 16:05,3.071,3.0633225000000004,2.94816,3.2245500000000002,1787474100000,2026-08-23 16:35,2.94816,止盈,False,False,0.03759398496240607,0.03659398496240607,6,0.5,
s=-0.0025|signal,-0.0025,signal,ONG_USDT_PERP,做空,1786929900000,2026-08-17 09:25,0.06165,0.061495875000000005,0.059184,0.06473250000000001,1786930200000,2026-08-17 09:30,0.059184,止盈,False,False,0.03759398496240607,0.03659398496240607,1,0.08333333333333333,
s=-0.0025|signal,-0.0025,signal,ONG_USDT_PERP,做空,1787232900000,2026-08-20 21:35,0.06947,0.069296325,0.0666912,0.07294350000000001,1787233500000,2026-08-20 21:45,0.07294350000000001,止損,False,False,-0.05263157894736836,-0.053631578947368364,2,0.16666666666666666,
s=-0.0025|signal,-0.0025,signal,ONG_USDT_PERP,做空,1787237700000,2026-08-20 22:55,0.08127,0.081066825,0.0780192,0.08533349999999999,1787239800000,2026-08-20 23:30,0.0780192,止盈,False,False,0.03759398496240596,0.03659398496240596,7,0.5833333333333334,
s=-0.0025|signal,-0.0025,signal,ONT_USDT_PERP,做空,1787258100000,2026-08-21 04:35,0.0544,0.054264,0.05222399999999999,0.05712,1787258400000,2026-08-21 04:40,0.05712,止損,False,False,-0.05263157894736836,-0.053631578947368364,1,0.08333333333333333,
s=-0.0025|signal,-0.0025,signal,ONT_USDT_PERP,做空,1787262000000,2026-08-21 05:40,0.0513,0.05117175,0.04924799999999999,0.053865,1787270700000,2026-08-21 08:05,0.04924799999999999,止盈,False,False,0.03759398496240618,0.03659398496240618,29,2.4166666666666665,
s=-0.0025|signal,-0.0025,signal,ON_USDT_PERP,做空,1788861900000,2026-09-08 18:05,0.211,0.2104725,0.20256,0.22155,1788862800000,2026-09-08 18:20,0.20256,止盈,False,False,0.03759398496240607,0.03659398496240607,3,0.25,
s=-0.0025|signal,-0.0025,signal,ORCA_USDT_PERP,做空,1788745800000,2026-09-07 09:50,1.642,1.637895,1.57632,1.7241,1788752400000,2026-09-07 11:40,1.57632,止盈,False,False,0.03759398496240607,0.03659398496240607,22,1.8333333333333333,
s=-0.0025|signal,-0.0025,signal,PHA_USDT_PERP,做空,1788972600000,2026-09-10 00:50,0.03342,0.03333645,0.0320832,0.035091,1788973800000,2026-09-10 01:10,0.0320832,止盈,False,False,0.03759398496240596,0.03659398496240596,4,0.3333333333333333,
s=-0.0025|signal,-0.0025,signal,PIEVERSE_USDT_PERP,做空,1787306700000,2026-08-21 18:05,1.1295,1.12667625,1.08432,1.185975,1787310300000,2026-08-21 19:05,1.08432,止盈,False,False,0.03759398496240607,0.03659398496240607,12,1.0,
s=-0.0025|signal,-0.0025,signal,PIEVERSE_USDT_PERP,做空,1788789300000,2026-09-07 21:55,1.3018,1.2985455000000001,1.249728,1.3668900000000002,1788793800000,2026-09-07 23:10,1.249728,止盈,False,False,0.03759398496240618,0.03659398496240618,15,1.25,
s=-0.0025|signal,-0.0025,signal,PIXEL_USDT_PERP,做空,1786865400000,2026-08-16 15:30,0.00611,0.0060947250000000005,0.0058655999999999995,0.0064155,1786865700000,2026-08-16 15:35,0.0058655999999999995,止盈,False,False,0.03759398496240618,0.03659398496240618,1,0.08333333333333333,
s=-0.0025|signal,-0.0025,signal,PORTAL_USDT_PERP,做空,1786885200000,2026-08-16 21:00,0.01597,0.015930075000000002,0.015331200000000001,0.016768500000000002,1786886400000,2026-08-16 21:20,0.015331200000000001,止盈,False,False,0.03759398496240607,0.03659398496240607,4,0.3333333333333333,
s=-0.0025|signal,-0.0025,signal,PORTAL_USDT_PERP,做空,1787544900000,2026-08-24 12:15,0.01602,0.01597995,0.015379199999999999,0.016821,1787545500000,2026-08-24 12:25,0.015379199999999999,止盈,False,False,0.03759398496240607,0.03659398496240607,2,0.16666666666666666,
s=-0.0025|signal,-0.0025,signal,PORTAL_USDT_PERP,做空,1787721000000,2026-08-26 13:10,0.01896,0.0189126,0.018201600000000002,0.019908000000000002,1787722200000,2026-08-26 13:30,0.019908000000000002,止損,False,False,-0.05263157894736836,-0.053631578947368364,4,0.3333333333333333,
s=-0.0025|signal,-0.0025,signal,PORTAL_USDT_PERP,做空,1788444900000,2026-09-03 22:15,0.01665,0.016608375,0.015984,0.0174825,1788445200000,2026-09-03 22:20,0.015984,止盈,False,False,0.03759398496240596,0.03659398496240596,1,0.08333333333333333,
s=-0.0025|signal,-0.0025,signal,POWR_USDT_PERP,做空,1789258200000,2026-09-13 08:10,0.06576,0.0655956,0.0631296,0.069048,1789258500000,2026-09-13 08:15,0.069048,止損,False,False,-0.05263157894736836,-0.053631578947368364,1,0.08333333333333333,
s=-0.0025|signal,-0.0025,signal,POWR_USDT_PERP,做空,1789263000000,2026-09-13 09:30,0.0824,0.082194,0.079104,0.08652,1789263600000,2026-09-13 09:40,0.079104,止盈,False,False,0.03759398496240618,0.03659398496240618,2,0.16666666666666666,
s=-0.0025|signal,-0.0025,signal,POWR_USDT_PERP,做空,1789267800000,2026-09-13 10:50,0.08243,0.082223925,0.0791328,0.0865515,1789268100000,2026-09-13 10:55,0.0791328,止盈,False,False,0.03759398496240607,0.03659398496240607,1,0.08333333333333333,
s=-0.0025|signal,-0.0025,signal,PROMPT_USDT_PERP,做空,1788000900000,2026-08-29 18:55,0.02727,0.027201825,0.0261792,0.0286335,1788001200000,2026-08-29 19:00,0.0261792,止盈,False,False,0.03759398496240596,0.03659398496240596,1,0.08333333333333333,
s=-0.0025|signal,-0.0025,signal,PROS_USDT_PERP,做空,1788927600000,2026-09-09 12:20,0.5005,0.49924874999999996,0.4804799999999999,0.525525,1788929100000,2026-09-09 12:45,0.525525,止損,False,False,-0.052631578947368585,-0.053631578947368586,5,0.4166666666666667,
s=-0.0025|signal,-0.0025,signal,PTB_USDT_PERP,做空,1788529800000,2026-09-04 21:50,0.000816,0.0008139600000000001,0.00078336,0.0008568,1788530100000,2026-09-04 21:55,0.00078336,止盈,False,False,0.03759398496240618,0.03659398496240618,1,0.08333333333333333,
s=-0.0025|signal,-0.0025,signal,Q_USDT_PERP,做空,1788496200000,2026-09-04 12:30,0.026302,0.026236245000000002,0.02524992,0.0276171,1788496800000,2026-09-04 12:40,0.02524992,止盈,False,False,0.03759398496240618,0.03659398496240618,2,0.16666666666666666,
s=-0.0025|signal,-0.0025,signal,RATS_USDT_PERP,做空,1787062500000,2026-08-18 22:15,5.136e-05,5.1231600000000006e-05,4.93056e-05,5.3928e-05,1787064900000,2026-08-18 22:55,5.3928e-05,止損,False,False,-0.05263157894736836,-0.053631578947368364,8,0.6666666666666666,
s=-0.0025|signal,-0.0025,signal,RAY_USDT_PERP,做空,1788665400000,2026-09-06 11:30,1.109,1.1062275000000001,1.06464,1.16445,1788666600000,2026-09-06 11:50,1.16445,止損,False,False,-0.05263157894736836,-0.053631578947368364,4,0.3333333333333333,
s=-0.0025|signal,-0.0025,signal,RAY_USDT_PERP,做空,1788670500000,2026-09-06 12:55,1.154,1.1511149999999999,1.10784,1.2117,1788676500000,2026-09-06 14:35,1.10784,止盈,False,False,0.03759398496240596,0.03659398496240596,20,1.6666666666666667,
s=-0.0025|signal,-0.0025,signal,REZ_USDT_PERP,做空,1789016700000,2026-09-10 13:05,0.00362,0.0036109500000000004,0.0034752,0.003801,1789017600000,2026-09-10 13:20,0.003801,止損,False,False,-0.05263157894736836,-0.053631578947368364,3,0.25,
s=-0.0025|signal,-0.0025,signal,REZ_USDT_PERP,做空,1789287600000,2026-09-13 16:20,0.003949,0.0039391275,0.0037910400000000003,0.00414645,1789289100000,2026-09-13 16:45,0.0037910400000000003,止盈,False,False,0.03759398496240607,0.03659398496240607,5,0.4166666666666667,
s=-0.0025|signal,-0.0025,signal,RE_USDT_PERP,做空,1787158200000,2026-08-20 00:50,0.4973,0.49605675000000005,0.477408,0.522165,1787166300000,2026-08-20 03:05,0.522165,止損,False,False,-0.05263157894736836,-0.053631578947368364,27,2.25,
s=-0.0025|signal,-0.0025,signal,RE_USDT_PERP,做空,1787363100000,2026-08-22 09:45,0.6057,0.6041857500000001,0.581472,0.635985,1787364600000,2026-08-22 10:10,0.581472,止盈,False,False,0.03759398496240618,0.03659398496240618,5,0.4166666666666667,
s=-0.0025|signal,-0.0025,signal,SAGA_USDT_PERP,做空,1789058100000,2026-09-11 00:35,0.01776,0.0177156,0.0170496,0.018648,1789062600000,2026-09-11 01:50,0.0170496,止盈,False,False,0.03759398496240596,0.03659398496240596,15,1.25,
s=-0.0025|signal,-0.0025,signal,SIREN_USDT_PERP,做空,1787970900000,2026-08-29 10:35,0.03355,0.033466125000000006,0.032208,0.0352275,1787972700000,2026-08-29 11:05,0.032208,止盈,False,False,0.03759398496240618,0.03659398496240618,6,0.5,
s=-0.0025|signal,-0.0025,signal,SKR_USDT_PERP,做空,1787875800000,2026-08-28 08:10,0.011903,0.0118732425,0.01142688,0.012498150000000001,1787876700000,2026-08-28 08:25,0.012498150000000001,止損,False,False,-0.052631578947368585,-0.053631578947368586,3,0.25,
s=-0.0025|signal,-0.0025,signal,SKR_USDT_PERP,做空,1787880600000,2026-08-28 09:30,0.011993,0.011963017500000001,0.011513279999999999,0.01259265,1787882100000,2026-08-28 09:55,0.01259265,止損,False,False,-0.05263157894736836,-0.053631578947368364,5,0.4166666666666667,
s=-0.0025|signal,-0.0025,signal,SKR_USDT_PERP,做空,1788069000000,2026-08-30 13:50,0.013432,0.01339842,0.012894719999999998,0.0141036,1788071700000,2026-08-30 14:35,0.012894719999999998,止盈,False,False,0.03759398496240607,0.03659398496240607,9,0.75,
s=-0.0025|signal,-0.0025,signal,SOLV_USDT_PERP,做空,1788684000000,2026-09-06 16:40,0.00374,0.00373065,0.0035903999999999997,0.003927,1788685800000,2026-09-06 17:10,0.003927,止損,False,False,-0.05263157894736836,-0.053631578947368364,6,0.5,
s=-0.0025|signal,-0.0025,signal,SPK_USDT_PERP,做空,1787292600000,2026-08-21 14:10,0.01886,0.01881285,0.018105599999999996,0.019802999999999998,1787293200000,2026-08-21 14:20,0.018105599999999996,止盈,False,False,0.03759398496240618,0.03659398496240618,2,0.16666666666666666,
s=-0.0025|signal,-0.0025,signal,SPORTFUN_USDT_PERP,做空,1786824600000,2026-08-16 04:10,0.02552,0.025456200000000002,0.0244992,0.026796000000000004,1786825500000,2026-08-16 04:25,0.0244992,止盈,False,False,0.03759398496240618,0.03659398496240618,3,0.25,
s=-0.0025|signal,-0.0025,signal,SPORTFUN_USDT_PERP,做空,1786829400000,2026-08-16 05:30,0.02966,0.02958585,0.028473599999999998,0.031143,1786830300000,2026-08-16 05:45,0.031143,止損,False,False,-0.05263157894736836,-0.053631578947368364,3,0.25,
s=-0.0025|signal,-0.0025,signal,SPORTFUN_USDT_PERP,做空,1786836000000,2026-08-16 07:20,0.03291,0.032827725,0.0315936,0.0345555,1786838100000,2026-08-16 07:55,0.0315936,止盈,False,False,0.03759398496240607,0.03659398496240607,7,0.5833333333333334,
s=-0.0025|signal,-0.0025,signal,SQD_USDT_PERP,做空,1787662500000,2026-08-25 20:55,0.03679,0.036698025,0.0353184,0.038629500000000004,1787664000000,2026-08-25 21:20,0.0353184,止盈,False,False,0.03759398496240607,0.03659398496240607,5,0.4166666666666667,
s=-0.0025|signal,-0.0025,signal,SSV_USDT_PERP,做空,1787297100000,2026-08-21 15:25,2.816,2.80896,2.7033599999999995,2.9568,1787298000000,2026-08-21 15:40,2.9568,止損,False,False,-0.05263157894736836,-0.053631578947368364,3,0.25,
s=-0.0025|signal,-0.0025,signal,SSV_USDT_PERP,做空,1787301600000,2026-08-21 16:40,2.839,2.8319025,2.72544,2.98095,1787316300000,2026-08-21 20:45,2.98095,止損,False,False,-0.05263157894736836,-0.053631578947368364,49,4.083333333333333,
s=-0.0025|signal,-0.0025,signal,STABLE_USDT_PERP,做空,1787265000000,2026-08-21 06:30,0.03199,0.031910025,0.030710399999999995,0.0335895,1787283900000,2026-08-21 11:45,0.030710399999999995,止盈,False,False,0.03759398496240618,0.03659398496240618,63,5.25,
s=-0.0025|signal,-0.0025,signal,STAR_USDT_PERP,做空,1786962600000,2026-08-17 18:30,0.12102,0.12071745,0.1161792,0.12707100000000002,1786969800000,2026-08-17 20:30,0.12707100000000002,止損,False,False,-0.052631578947368585,-0.053631578947368586,24,2.0,
s=-0.0025|signal,-0.0025,signal,STAR_USDT_PERP,做空,1787113200000,2026-08-19 12:20,0.13046,0.13013385,0.12524159999999998,0.136983,1787117400000,2026-08-19 13:30,0.136983,止損,False,False,-0.05263157894736836,-0.053631578947368364,14,1.1666666666666667,
s=-0.0025|signal,-0.0025,signal,STAR_USDT_PERP,做空,1787316900000,2026-08-21 20:55,0.16075,0.160348125,0.15431999999999998,0.1687875,1787317200000,2026-08-21 21:00,0.15431999999999998,止盈,False,False,0.03759398496240618,0.03659398496240618,1,0.08333333333333333,
s=-0.0025|signal,-0.0025,signal,STAR_USDT_PERP,做空,1787565300000,2026-08-24 17:55,0.14315,0.14279212500000002,0.137424,0.1503075,1787566500000,2026-08-24 18:15,0.137424,止盈,False,False,0.03759398496240618,0.03659398496240618,4,0.3333333333333333,
s=-0.0025|signal,-0.0025,signal,SUPER_USDT_PERP,做空,1787577300000,2026-08-24 21:15,0.1293,0.12897675,0.12412799999999999,0.135765,1787577600000,2026-08-24 21:20,0.12412799999999999,止盈,False,False,0.03759398496240607,0.03659398496240607,1,0.08333333333333333,
s=-0.0025|signal,-0.0025,signal,SUPER_USDT_PERP,做空,1787581200000,2026-08-24 22:20,0.1344,0.134064,0.129024,0.14112,1787582400000,2026-08-24 22:40,0.129024,止盈,False,False,0.03759398496240596,0.03659398496240596,4,0.3333333333333333,
s=-0.0025|signal,-0.0025,signal,SUSHI_USDT_PERP,做空,1788630000000,2026-09-06 01:40,0.2401,0.23949975,0.230496,0.252105,1788631200000,2026-09-06 02:00,0.252105,止損,False,False,-0.05263157894736836,-0.053631578947368364,4,0.3333333333333333,
s=-0.0025|signal,-0.0025,signal,SUSHI_USDT_PERP,做空,1788636300000,2026-09-06 03:25,0.2775,0.27680625000000003,0.2664,0.29137500000000005,1788637200000,2026-09-06 03:40,0.2664,止盈,False,False,0.03759398496240607,0.03659398496240607,3,0.25,
s=-0.0025|signal,-0.0025,signal,TAC_USDT_PERP,做空,1787438100000,2026-08-23 06:35,0.001749,0.0017446275,0.00167904,0.0018364499999999999,1787438700000,2026-08-23 06:45,0.00167904,止盈,False,False,0.03759398496240607,0.03659398496240607,2,0.16666666666666666,
s=-0.0025|signal,-0.0025,signal,TA_USDT_PERP,做空,1789214400000,2026-09-12 20:00,0.06008,0.059929800000000005,0.0576768,0.063084,1789241100000,2026-09-13 03:25,0.0576768,止盈,False,False,0.03759398496240607,0.03659398496240607,89,7.416666666666667,
s=-0.0025|signal,-0.0025,signal,TLM_USDT_PERP,做空,1787670300000,2026-08-25 23:05,0.001672,0.0016678200000000002,0.00160512,0.0017556000000000002,1787674200000,2026-08-26 00:10,0.00160512,止盈,False,False,0.03759398496240607,0.03659398496240607,13,1.0833333333333333,
s=-0.0025|signal,-0.0025,signal,TNSR_USDT_PERP,做空,1788096000000,2026-08-30 21:20,0.04212,0.0420147,0.0404352,0.044226,1788096300000,2026-08-30 21:25,0.0404352,止盈,False,False,0.03759398496240607,0.03659398496240607,1,0.08333333333333333,
s=-0.0025|signal,-0.0025,signal,TRADOOR_USDT_PERP,做空,1788592200000,2026-09-05 15:10,0.7411,0.73924725,0.711456,0.778155,1788592500000,2026-09-05 15:15,0.778155,止損,True,False,-0.05263157894736836,-0.053631578947368364,1,0.08333333333333333,同一根同時觸發→保守計止損
s=-0.0025|signal,-0.0025,signal,TRB_USDT_PERP,做空,1787365800000,2026-08-22 10:30,21.825,21.7704375,20.951999999999998,22.91625,1787367600000,2026-08-22 11:00,20.951999999999998,止盈,False,False,0.03759398496240607,0.03659398496240607,6,0.5,
s=-0.0025|signal,-0.0025,signal,TREE_USDT_PERP,做空,1787150100000,2026-08-19 22:35,0.04051,0.040408725,0.038889599999999996,0.0425355,1787152500000,2026-08-19 23:15,0.0425355,止損,False,False,-0.05263157894736836,-0.053631578947368364,8,0.6666666666666666,
s=-0.0025|signal,-0.0025,signal,TREE_USDT_PERP,做空,1787156100000,2026-08-20 00:15,0.04573,0.045615675,0.0439008,0.048016500000000004,1787157300000,2026-08-20 00:35,0.0439008,止盈,False,False,0.03759398496240607,0.03659398496240607,4,0.3333333333333333,
s=-0.0025|signal,-0.0025,signal,TREE_USDT_PERP,做空,1789172400000,2026-09-12 08:20,0.04535,0.045236625,0.043536,0.0476175,1789172700000,2026-09-12 08:25,0.043536,止盈,False,False,0.03759398496240607,0.03659398496240607,1,0.08333333333333333,
s=-0.0025|signal,-0.0025,signal,TRIA_USDT_PERP,做空,1788495300000,2026-09-04 12:15,0.0049,0.00488775,0.004704,0.005145,1788495600000,2026-09-04 12:20,0.004704,止盈,False,False,0.03759398496240596,0.03659398496240596,1,0.08333333333333333,
s=-0.0025|signal,-0.0025,signal,TRIA_USDT_PERP,做空,1788503700000,2026-09-04 14:35,0.00525,0.005236875,0.00504,0.005512500000000001,1788506400000,2026-09-04 15:20,0.00504,止盈,False,False,0.03759398496240607,0.03659398496240607,9,0.75,
s=-0.0025|signal,-0.0025,signal,TRUMP_USDT_PERP,做空,1787175000000,2026-08-20 05:30,1.707,1.7027325000000002,1.63872,1.79235,1787181600000,2026-08-20 07:20,1.79235,止損,False,False,-0.05263157894736836,-0.053631578947368364,22,1.8333333333333333,
s=-0.0025|signal,-0.0025,signal,US_USDT_PERP,做空,1787325300000,2026-08-21 23:15,0.01978,0.01973055,0.018988799999999997,0.020769,1787325600000,2026-08-21 23:20,0.020769,止損,False,False,-0.05263157894736836,-0.053631578947368364,1,0.08333333333333333,
s=-0.0025|signal,-0.0025,signal,US_USDT_PERP,做空,1787329500000,2026-08-22 00:25,0.02225,0.022194375,0.021359999999999997,0.0233625,1787330400000,2026-08-22 00:40,0.0233625,止損,False,False,-0.052631578947368585,-0.053631578947368586,3,0.25,
s=-0.0025|signal,-0.0025,signal,WAL_USDT_PERP,做空,1786788900000,2026-08-15 18:15,0.0272,0.027132,0.026111999999999996,0.02856,1786791000000,2026-08-15 18:50,0.026111999999999996,止盈,False,False,0.03759398496240618,0.03659398496240618,7,0.5833333333333334,
s=-0.0025|signal,-0.0025,signal,XPIN_USDT_PERP,做空,1786950300000,2026-08-17 15:05,0.001551,0.0015471225000000001,0.0014889600000000001,0.00162855,1786951200000,2026-08-17 15:20,0.0014889600000000001,止盈,False,False,0.03759398496240607,0.03659398496240607,3,0.25,
s=-0.0025|signal,-0.0025,signal,XPIN_USDT_PERP,做空,1787291700000,2026-08-21 13:55,0.001328,0.00132468,0.00127488,0.0013944,1787294700000,2026-08-21 14:45,0.00127488,止盈,False,False,0.03759398496240607,0.03659398496240607,10,0.8333333333333334,
s=-0.0025|signal,-0.0025,signal,XPIN_USDT_PERP,做空,1789367400000,2026-09-14 14:30,0.000886,0.000883785,0.0008505599999999999,0.0009303,1789367700000,2026-09-14 14:35,0.0009303,止損,False,False,-0.05263157894736836,-0.053631578947368364,1,0.08333333333333333,
s=-0.0025|signal,-0.0025,signal,XVG_USDT_PERP,做空,1787370900000,2026-08-22 11:55,0.002919,0.0029117025,0.00280224,0.0030649500000000003,1787371500000,2026-08-22 12:05,0.00280224,止盈,False,False,0.03759398496240607,0.03659398496240607,2,0.16666666666666666,
s=-0.0025|signal,-0.0025,signal,ZEST_USDT_PERP,做空,1787740800000,2026-08-26 18:40,0.16483,0.16441792500000002,0.1582368,0.17307150000000002,1787743500000,2026-08-26 19:25,0.1582368,止盈,False,False,0.03759398496240607,0.03659398496240607,9,0.75,
s=-0.0025|signal,-0.0025,signal,ZEST_USDT_PERP,做空,1788426900000,2026-09-03 17:15,0.15617,0.155779575,0.1499232,0.1639785,1788427200000,2026-09-03 17:20,0.1639785,止損,True,False,-0.05263157894736836,-0.053631578947368364,1,0.08333333333333333,同一根同時觸發→保守計止損
s=-0.0025|signal,-0.0025,signal,ZEST_USDT_PERP,做空,1788433500000,2026-09-03 19:05,0.14801,0.147639975,0.1420896,0.1554105,1788454200000,2026-09-04 00:50,0.1554105,止損,False,False,-0.05263157894736836,-0.053631578947368364,69,5.75,
s=-0.0025|signal,-0.0025,signal,ZKC_USDT_PERP,做空,1788061500000,2026-08-30 11:45,0.049,0.048877500000000004,0.04704,0.05145,1788062100000,2026-08-30 11:55,0.04704,止盈,False,False,0.03759398496240618,0.03659398496240618,2,0.16666666666666666,
s=-0.0025|signal,-0.0025,signal,ZKC_USDT_PERP,做空,1788076200000,2026-08-30 15:50,0.0528,0.052668,0.050688,0.05544,1788081600000,2026-08-30 17:20,0.05544,止損,False,False,-0.052631578947368585,-0.053631578947368586,18,1.5,
s=-0.0025|signal,-0.0025,signal,ZKP_USDT_PERP,做空,1788017400000,2026-08-29 23:30,0.05268,0.0525483,0.050572799999999994,0.055314,1788018000000,2026-08-29 23:40,0.050572799999999994,止盈,False,False,0.03759398496240607,0.03659398496240607,2,0.16666666666666666,
s=-0.0025|signal,-0.0025,signal,ZORA_USDT_PERP,做空,1787316300000,2026-08-21 20:45,0.00687,0.006852825000000001,0.0065952,0.0072135,1787317200000,2026-08-21 21:00,0.0072135,止損,False,False,-0.05263157894736836,-0.053631578947368364,3,0.25,
s=-0.0025|signal,-0.0025,signal,ZORA_USDT_PERP,做空,1787321100000,2026-08-21 22:05,0.00706,0.007042350000000001,0.0067776,0.007413,1787323200000,2026-08-21 22:40,0.0067776,止盈,False,False,0.03759398496240618,0.03659398496240618,7,0.5833333333333334,
s=-0.0025|signal,-0.0025,signal,ZORA_USDT_PERP,做空,1788124200000,2026-08-31 05:10,0.00815,0.008129625,0.007824,0.0085575,1788124800000,2026-08-31 05:20,0.0085575,止損,False,False,-0.05263157894736836,-0.053631578947368364,2,0.16666666666666666,
s=-0.0025|signal,-0.0025,signal,ZRO_USDT_PERP,做空,1787665200000,2026-08-25 21:40,1.2411,1.23799725,1.191456,1.303155,1787665800000,2026-08-25 21:50,1.191456,止盈,False,False,0.03759398496240596,0.03659398496240596,2,0.16666666666666666,
s=-0.0025|signal,-0.0025,signal,ZRO_USDT_PERP,做空,1787669700000,2026-08-25 22:55,1.2125,1.2094687499999999,1.164,1.273125,1787670900000,2026-08-25 23:15,1.164,止盈,False,False,0.03759398496240596,0.03659398496240596,4,0.3333333333333333,
s=-0.0025|signal,-0.0025,signal,哈基米_USDT_PERP,做空,1789068300000,2026-09-11 03:25,0.03622,0.03612945000000001,0.0347712,0.038031,1789069500000,2026-09-11 03:45,0.038031,止損,False,False,-0.05263157894736836,-0.053631578947368364,4,0.3333333333333333,
s=-0.0025|signal,-0.0025,signal,哈基米_USDT_PERP,做空,1789098300000,2026-09-11 11:45,0.0411,0.04099725,0.039456,0.043155,1789099500000,2026-09-11 12:05,0.039456,止盈,False,False,0.03759398496240607,0.03659398496240607,4,0.3333333333333333,
s=-0.0025|signal,-0.0025,signal,哈基米_USDT_PERP,做空,1789103100000,2026-09-11 13:05,0.04118,0.041077050000000004,0.0395328,0.04323900000000001,1789103700000,2026-09-11 13:15,0.0395328,止盈,False,False,0.03759398496240607,0.03659398496240607,2,0.16666666666666666,
s=-0.0025|signal,-0.0025,signal,我踏马来了_USDT_PERP,做空,1788010200000,2026-08-29 21:30,0.014341,0.0143051475,0.01376736,0.01505805,1788010500000,2026-08-29 21:35,0.01376736,止盈,False,False,0.03759398496240607,0.03659398496240607,1,0.08333333333333333,
s=-0.0025|signal,-0.0025,signal,我踏马来了_USDT_PERP,做空,1789083600000,2026-09-11 07:40,0.012087,0.012056782500000002,0.01160352,0.01269135,1789094100000,2026-09-11 10:35,0.01269135,止損,False,False,-0.05263157894736836,-0.053631578947368364,35,2.9166666666666665,
s=-0.0025|signal,-0.0025,signal,我踏马来了_USDT_PERP,做空,1789190100000,2026-09-12 13:15,0.015,0.0149625,0.0144,0.01575,1789190400000,2026-09-12 13:20,0.0144,止盈,False,False,0.03759398496240607,0.03659398496240607,1,0.08333333333333333,
s=-0.0025|fill,-0.0025,fill,0G_USDT_PERP,做空,1788174300000,2026-08-31 19:05,0.2285,0.22792875,0.2188116,0.23932518750000004,1788177900000,2026-08-31 20:05,0.2188116,止盈,False,False,0.040000000000000036,0.039000000000000035,12,1.0,
s=-0.0025|fill,-0.0025,fill,4_USDT_PERP,做空,1787999100000,2026-08-29 18:25,0.01703,0.016987425,0.016307928,0.017836796250000002,1788000600000,2026-08-29 18:50,0.016307928,止盈,False,False,0.040000000000000036,0.039000000000000035,5,0.4166666666666667,
s=-0.0025|fill,-0.0025,fill,4_USDT_PERP,做空,1788539700000,2026-09-05 00:35,0.01808,0.0180348,0.017313408,0.01893654,1788540300000,2026-09-05 00:45,0.01893654,止損,False,False,-0.050000000000000044,-0.051000000000000045,2,0.16666666666666666,
s=-0.0025|fill,-0.0025,fill,4_USDT_PERP,做空,1788544500000,2026-09-05 01:55,0.02088,0.0208278,0.019994688,0.02186919,1788545700000,2026-09-05 02:15,0.02186919,止損,False,False,-0.050000000000000044,-0.051000000000000045,4,0.3333333333333333,
s=-0.0025|fill,-0.0025,fill,4_USDT_PERP,做空,1788549300000,2026-09-05 03:15,0.02226,0.02220435,0.021316176,0.0233145675,1788550200000,2026-09-05 03:30,0.021316176,止盈,False,False,0.040000000000000036,0.039000000000000035,3,0.25,
s=-0.0025|fill,-0.0025,fill,4_USDT_PERP,做空,1788777900000,2026-09-07 18:45,0.02664,0.0265734,0.025510464,0.02790207,1788779100000,2026-09-07 19:05,0.025510464,止盈,False,False,0.040000000000000036,0.039000000000000035,4,0.3333333333333333,
s=-0.0025|fill,-0.0025,fill,ACE_USDT_PERP,做空,1788265800000,2026-09-01 20:30,0.18806,0.18758985,0.180086256,0.1969693425,1788266700000,2026-09-01 20:45,0.180086256,止盈,False,False,0.040000000000000036,0.039000000000000035,3,0.25,
s=-0.0025|fill,-0.0025,fill,AGT_USDT_PERP,做空,1788193800000,2026-09-01 00:30,0.017237,0.0171939075,0.0165061512,0.018053602875,1788194100000,2026-09-01 00:35,0.0165061512,止盈,False,False,0.04000000000000015,0.039000000000000146,1,0.08333333333333333,
s=-0.0025|fill,-0.0025,fill,AGT_USDT_PERP,做空,1788198600000,2026-09-01 01:50,0.017307,0.0172637325,0.0165731832,0.018126919125,1788212100000,2026-09-01 05:35,0.0165731832,止盈,False,False,0.039999999999999925,0.038999999999999924,45,3.75,
s=-0.0025|fill,-0.0025,fill,AGT_USDT_PERP,做空,1788236400000,2026-09-01 12:20,0.018968,0.01892058,0.0181637568,0.019866609,1788236700000,2026-09-01 12:25,0.0181637568,止盈,False,False,0.039999999999999925,0.038999999999999924,1,0.08333333333333333,
s=-0.0025|fill,-0.0025,fill,AIN_USDT_PERP,做空,1789365000000,2026-09-14 13:50,0.10972,0.1094457,0.105067872,0.11491798500000001,1789365600000,2026-09-14 14:00,0.105067872,止盈,False,False,0.040000000000000036,0.039000000000000035,2,0.16666666666666666,
s=-0.0025|fill,-0.0025,fill,AIN_USDT_PERP,做空,1789369200000,2026-09-14 15:00,0.10454,0.10427865,0.100107504,0.1094925825,1789371000000,2026-09-14 15:30,0.100107504,止盈,False,False,0.040000000000000036,0.039000000000000035,6,0.5,
s=-0.0025|fill,-0.0025,fill,ALCH_USDT_PERP,做空,1787734500000,2026-08-26 16:55,0.03262,0.032538450000000003,0.031236912000000002,0.034165372500000006,1787734800000,2026-08-26 17:00,0.031236912000000002,止盈,False,False,0.040000000000000036,0.039000000000000035,1,0.08333333333333333,
s=-0.0025|fill,-0.0025,fill,ANIME_USDT_PERP,做空,1789024500000,2026-09-10 15:15,0.003552,0.0035431200000000003,0.0034013952000000003,0.0037202760000000007,1789025400000,2026-09-10 15:30,0.0034013952000000003,止盈,False,False,0.040000000000000036,0.039000000000000035,3,0.25,
s=-0.0025|fill,-0.0025,fill,APR_USDT_PERP,做空,1787060700000,2026-08-18 21:45,0.2187,0.21815325000000002,0.20942712000000002,0.22906091250000002,1787061300000,2026-08-18 21:55,0.20942712000000002,止盈,False,False,0.040000000000000036,0.039000000000000035,2,0.16666666666666666,
s=-0.0025|fill,-0.0025,fill,APR_USDT_PERP,做空,1788454200000,2026-09-04 00:50,0.269,0.26832750000000005,0.25759440000000006,0.2817438750000001,1788454500000,2026-09-04 00:55,0.25759440000000006,止盈,False,False,0.039999999999999925,0.038999999999999924,1,0.08333333333333333,
s=-0.0025|fill,-0.0025,fill,APR_USDT_PERP,做空,1788463200000,2026-09-04 03:20,0.2691,0.26842725,0.25769016,0.28184861250000004,1788464100000,2026-09-04 03:35,0.28184861250000004,止損,False,False,-0.050000000000000044,-0.051000000000000045,3,0.25,
s=-0.0025|fill,-0.0025,fill,APR_USDT_PERP,做空,1788468300000,2026-09-04 04:45,0.27595,0.27526012499999997,0.26424971999999997,0.28902313124999995,1788475500000,2026-09-04 06:45,0.26424971999999997,止盈,False,False,0.040000000000000036,0.039000000000000035,24,2.0,
s=-0.0025|fill,-0.0025,fill,ASTR_USDT_PERP,做空,1789434300000,2026-09-15 09:05,0.006865,0.0068478375,0.006573923999999999,0.007190229375,1789434600000,2026-09-15 09:10,0.007190229375,止損,False,False,-0.050000000000000044,-0.051000000000000045,1,0.08333333333333333,
s=-0.0025|fill,-0.0025,fill,ASTR_USDT_PERP,做空,1789438800000,2026-09-15 10:20,0.007216,0.007197960000000001,0.006910041600000001,0.007557858000000001,1789439100000,2026-09-15 10:25,0.007557858000000001,止損,False,False,-0.050000000000000044,-0.051000000000000045,1,0.08333333333333333,
s=-0.0025|fill,-0.0025,fill,AXL_USDT_PERP,做空,1789452900000,2026-09-15 14:15,0.0529,0.05276775,0.05065704,0.05540613750000001,1789453800000,2026-09-15 14:30,0.05065704,止盈,False,False,0.040000000000000036,0.039000000000000035,3,0.25,
s=-0.0025|fill,-0.0025,fill,BAND_USDT_PERP,做空,1788025200000,2026-08-30 01:40,0.201,0.20049750000000002,0.19247760000000003,0.21052237500000004,1788028500000,2026-08-30 02:35,0.19247760000000003,止盈,False,False,0.039999999999999925,0.038999999999999924,11,0.9166666666666666,
s=-0.0025|fill,-0.0025,fill,BAS_USDT_PERP,做空,1787743500000,2026-08-26 19:25,0.026397,0.026331007500000003,0.025277767200000002,0.027647557875000006,1787754300000,2026-08-26 22:25,0.025277767200000002,止盈,False,False,0.040000000000000036,0.039000000000000035,36,3.0,
s=-0.0025|fill,-0.0025,fill,BAS_USDT_PERP,做空,1787912100000,2026-08-28 18:15,0.032049,0.0319688775,0.0306901224,0.033567321375,1787912700000,2026-08-28 18:25,0.0306901224,止盈,False,False,0.040000000000000036,0.039000000000000035,2,0.16666666666666666,
s=-0.0025|fill,-0.0025,fill,BB_USDT_PERP,做空,1787304300000,2026-08-21 17:25,0.01309,0.013057275,0.012534983999999999,0.013710138750000002,1787304600000,2026-08-21 17:30,0.013710138750000002,止損,False,False,-0.050000000000000044,-0.051000000000000045,1,0.08333333333333333,
s=-0.0025|fill,-0.0025,fill,BEAMX_USDT_PERP,做空,1787821200000,2026-08-27 17:00,0.002139,0.0021336525,0.0020483064,0.002240335125,1787822100000,2026-08-27 17:15,0.0020483064,止盈,False,False,0.040000000000000036,0.039000000000000035,3,0.25,
s=-0.0025|fill,-0.0025,fill,BICO_USDT_PERP,做空,1787745600000,2026-08-26 20:00,0.02381,0.023750475000000004,0.022800456000000004,0.024937998750000006,1787745900000,2026-08-26 20:05,0.022800456000000004,止盈,False,False,0.040000000000000036,0.039000000000000035,1,0.08333333333333333,
s=-0.0025|fill,-0.0025,fill,BICO_USDT_PERP,做空,1787757900000,2026-08-26 23:25,0.02631,0.026244225000000003,0.025194456,0.027556436250000003,1787759100000,2026-08-26 23:45,0.025194456,止盈,False,False,0.040000000000000036,0.039000000000000035,4,0.3333333333333333,
s=-0.0025|fill,-0.0025,fill,BLESS_USDT_PERP,做空,1787321700000,2026-08-21 22:15,0.00862,0.008598449999999999,0.008254511999999999,0.0090283725,1787322300000,2026-08-21 22:25,0.008254511999999999,止盈,False,False,0.040000000000000036,0.039000000000000035,2,0.16666666666666666,
s=-0.0025|fill,-0.0025,fill,BLUR_USDT_PERP,做空,1789140000000,2026-09-11 23:20,0.02085,0.020797875,0.01996596,0.02183776875,1789140900000,2026-09-11 23:35,0.01996596,止盈,False,False,0.039999999999999925,0.038999999999999924,3,0.25,
s=-0.0025|fill,-0.0025,fill,BR_USDT_PERP,做空,1789358100000,2026-09-14 11:55,0.36686,0.36594285000000004,0.351305136,0.38423999250000007,1789358400000,2026-09-14 12:00,0.38423999250000007,止損,False,False,-0.050000000000000044,-0.051000000000000045,1,0.08333333333333333,
s=-0.0025|fill,-0.0025,fill,BTR_USDT_PERP,做空,1787553000000,2026-08-24 14:30,0.03322,0.03313695,0.031811472,0.0347937975,1787553900000,2026-08-24 14:45,0.0347937975,止損,False,False,-0.050000000000000044,-0.051000000000000045,3,0.25,
s=-0.0025|fill,-0.0025,fill,BTR_USDT_PERP,做空,1787557800000,2026-08-24 15:50,0.03466,0.03457335,0.033190416,0.036302017500000006,1787559000000,2026-08-24 16:10,0.036302017500000006,止損,False,False,-0.050000000000000044,-0.051000000000000045,4,0.3333333333333333,
s=-0.0025|fill,-0.0025,fill,BTR_USDT_PERP,做空,1787716800000,2026-08-26 12:00,0.04071,0.040608225000000005,0.038983896000000004,0.04263863625000001,1787717100000,2026-08-26 12:05,0.04263863625000001,止損,False,False,-0.050000000000000044,-0.051000000000000045,1,0.08333333333333333,
s=-0.0025|fill,-0.0025,fill,BTW_USDT_PERP,做空,1789302300000,2026-09-13 20:25,0.699394,0.697645515,0.6697396944,0.7325277907500001,1789303200000,2026-09-13 20:40,0.7325277907500001,止損,False,False,-0.050000000000000044,-0.051000000000000045,3,0.25,
s=-0.0025|fill,-0.0025,fill,BULLA_USDT_PERP,做空,1787003400000,2026-08-18 05:50,0.02062,0.020568450000000002,0.019745712000000002,0.021596872500000003,1787004000000,2026-08-18 06:00,0.019745712000000002,止盈,False,False,0.040000000000000036,0.039000000000000035,2,0.16666666666666666,
s=-0.0025|fill,-0.0025,fill,B_USDT_PERP,做空,1788589500000,2026-09-05 14:25,0.2168,0.216258,0.20760768,0.22707090000000002,1788589800000,2026-09-05 14:30,0.20760768,止盈,False,False,0.040000000000000036,0.039000000000000035,1,0.08333333333333333,
s=-0.0025|fill,-0.0025,fill,B_USDT_PERP,做空,1788593400000,2026-09-05 15:30,0.1992,0.198702,0.19075392,0.2086371,1788601200000,2026-09-05 17:40,0.19075392,止盈,False,False,0.040000000000000036,0.039000000000000035,26,2.1666666666666665,
s=-0.0025|fill,-0.0025,fill,CAP_USDT_PERP,做空,1788492000000,2026-09-04 11:20,0.05311,0.052977225,0.050858136,0.055626086250000005,1788492600000,2026-09-04 11:30,0.050858136,止盈,False,False,0.040000000000000036,0.039000000000000035,2,0.16666666666666666,
s=-0.0025|fill,-0.0025,fill,CAP_USDT_PERP,做空,1788773100000,2026-09-07 17:25,0.04997,0.049845075,0.047851272,0.05233732875,1788779100000,2026-09-07 19:05,0.047851272,止盈,False,False,0.040000000000000036,0.039000000000000035,20,1.6666666666666667,
s=-0.0025|fill,-0.0025,fill,CAP_USDT_PERP,做空,1789388700000,2026-09-14 20:25,0.06824,0.0680694,0.065346624,0.07147287000000001,1789389000000,2026-09-14 20:30,0.065346624,止盈,False,False,0.039999999999999925,0.038999999999999924,1,0.08333333333333333,
s=-0.0025|fill,-0.0025,fill,CASHCAT_USDT_PERP,做空,1789135500000,2026-09-11 22:05,0.1886,0.1881285,0.18060336,0.197534925,1789142100000,2026-09-11 23:55,0.18060336,止盈,False,False,0.040000000000000036,0.039000000000000035,22,1.8333333333333333,
s=-0.0025|fill,-0.0025,fill,CATI_USDT_PERP,做空,1788447000000,2026-09-03 22:50,0.06712,0.0669522,0.064274112,0.07029981,1788453600000,2026-09-04 00:40,0.064274112,止盈,False,False,0.04000000000000015,0.039000000000000146,22,1.8333333333333333,
s=-0.0025|fill,-0.0025,fill,CFG_USDT_PERP,做空,1788751800000,2026-09-07 11:30,0.1336,0.133266,0.12793536,0.1399293,1788753000000,2026-09-07 11:50,0.12793536,止盈,False,False,0.040000000000000036,0.039000000000000035,4,0.3333333333333333,
s=-0.0025|fill,-0.0025,fill,CHIP_USDT_PERP,做空,1788423300000,2026-09-03 16:15,0.05177,0.051640575,0.049574952,0.05422260375,1788434400000,2026-09-03 19:20,0.049574952,止盈,False,False,0.040000000000000036,0.039000000000000035,37,3.0833333333333335,
s=-0.0025|fill,-0.0025,fill,CLO_USDT_PERP,做空,1787046900000,2026-08-18 17:55,0.1373,0.13695675000000002,0.13147848,0.14380458750000003,1787054100000,2026-08-18 19:55,0.14380458750000003,止損,False,False,-0.050000000000000044,-0.051000000000000045,24,2.0,
s=-0.0025|fill,-0.0025,fill,CLO_USDT_PERP,做空,1787970000000,2026-08-29 10:20,0.1143,0.11401425000000001,0.10945368000000001,0.11971496250000002,1787971200000,2026-08-29 10:40,0.11971496250000002,止損,False,False,-0.050000000000000044,-0.051000000000000045,4,0.3333333333333333,
s=-0.0025|fill,-0.0025,fill,CLO_USDT_PERP,做空,1788320100000,2026-09-02 11:35,0.1616,0.161196,0.15474816,0.1692558,1788322800000,2026-09-02 12:20,0.1692558,止損,False,False,-0.050000000000000044,-0.051000000000000045,9,0.75,
s=-0.0025|fill,-0.0025,fill,COLLECT_USDT_PERP,做空,1787230800000,2026-08-20 21:00,0.05943,0.059281425,0.056910168,0.062245496250000004,1787232300000,2026-08-20 21:25,0.062245496250000004,止損,False,False,-0.050000000000000044,-0.051000000000000045,5,0.4166666666666667,
s=-0.0025|fill,-0.0025,fill,COLLECT_USDT_PERP,做空,1788603000000,2026-09-05 18:10,0.09433,0.094094175,0.090330408,0.09879888375000001,1788603300000,2026-09-05 18:15,0.090330408,止盈,False,False,0.040000000000000036,0.039000000000000035,1,0.08333333333333333,
s=-0.0025|fill,-0.0025,fill,COTI_USDT_PERP,做空,1787342100000,2026-08-22 03:55,0.01225,0.012219375000000001,0.0117306,0.012830343750000002,1787343000000,2026-08-22 04:10,0.012830343750000002,止損,False,False,-0.050000000000000044,-0.051000000000000045,3,0.25,
s=-0.0025|fill,-0.0025,fill,COTI_USDT_PERP,做空,1788690600000,2026-09-06 18:30,0.01845,0.018403875000000004,0.01766772,0.019324068750000003,1788694200000,2026-09-06 19:30,0.01766772,止盈,False,False,0.04000000000000015,0.039000000000000146,12,1.0,
s=-0.0025|fill,-0.0025,fill,CROSS_USDT_PERP,做空,1786845000000,2026-08-16 09:50,0.10204,0.10178490000000001,0.097713504,0.10687414500000002,1786851600000,2026-08-16 11:40,0.10687414500000002,止損,False,False,-0.050000000000000044,-0.051000000000000045,22,1.8333333333333333,
s=-0.0025|fill,-0.0025,fill,CTR_USDT_PERP,做空,1789280700000,2026-09-13 14:25,0.01166,0.011630850000000002,0.011165616000000001,0.012212392500000002,1789281000000,2026-09-13 14:30,0.011165616000000001,止盈,False,False,0.040000000000000036,0.039000000000000035,1,0.08333333333333333,
s=-0.0025|fill,-0.0025,fill,CTR_USDT_PERP,做空,1789453200000,2026-09-15 14:20,0.01231,0.012279225000000001,0.011788056000000002,0.012893186250000003,1789454400000,2026-09-15 14:40,0.011788056000000002,止盈,False,False,0.039999999999999925,0.038999999999999924,4,0.3333333333333333,
s=-0.0025|fill,-0.0025,fill,CYS_USDT_PERP,做空,1789168500000,2026-09-12 07:15,0.1593,0.15890175,0.15254568,0.1668468375,1789170000000,2026-09-12 07:40,0.15254568,止盈,False,False,0.04000000000000015,0.039000000000000146,5,0.4166666666666667,
s=-0.0025|fill,-0.0025,fill,DASH_USDT_PERP,做空,1787367600000,2026-08-22 11:00,46.84,46.7229,44.853984000000004,49.059045000000005,1787371500000,2026-08-22 12:05,44.853984000000004,止盈,False,False,0.039999999999999925,0.038999999999999924,13,1.0833333333333333,
s=-0.0025|fill,-0.0025,fill,DOGS_USDT_PERP,做空,1788200100000,2026-09-01 02:15,4.62e-05,4.60845e-05,4.424112e-05,4.8388725e-05,1788207600000,2026-09-01 04:20,4.424112e-05,止盈,False,False,0.040000000000000036,0.039000000000000035,25,2.0833333333333335,
s=-0.0025|fill,-0.0025,fill,EDEN_USDT_PERP,做空,1786982100000,2026-08-17 23:55,0.05434,0.05420415,0.052035984,0.0569143575,1786982700000,2026-08-18 00:05,0.052035984,止盈,False,False,0.040000000000000036,0.039000000000000035,2,0.16666666666666666,
s=-0.0025|fill,-0.0025,fill,EDGE_USDT_PERP,做空,1787213100000,2026-08-20 16:05,0.364,0.36309,0.3485664,0.38124450000000004,1787219700000,2026-08-20 17:55,0.3485664,止盈,False,False,0.040000000000000036,0.039000000000000035,22,1.8333333333333333,
s=-0.0025|fill,-0.0025,fill,ELSA_USDT_PERP,做空,1788569700000,2026-09-05 08:55,0.05706,0.056917350000000005,0.054640656,0.05976321750000001,1788571800000,2026-09-05 09:30,0.054640656,止盈,False,False,0.040000000000000036,0.039000000000000035,7,0.5833333333333334,
s=-0.0025|fill,-0.0025,fill,FF_USDT_PERP,做空,1788270000000,2026-09-01 21:40,0.09488,0.09464280000000001,0.090857088,0.09937494000000002,1788270600000,2026-09-01 21:50,0.09937494000000002,止損,False,False,-0.050000000000000044,-0.051000000000000045,2,0.16666666666666666,
s=-0.0025|fill,-0.0025,fill,FF_USDT_PERP,做空,1788274200000,2026-09-01 22:50,0.10179,0.10153552500000002,0.097474104,0.10661230125000003,1788275700000,2026-09-01 23:15,0.097474104,止盈,False,False,0.040000000000000036,0.039000000000000035,5,0.4166666666666667,
s=-0.0025|fill,-0.0025,fill,FF_USDT_PERP,做空,1789447800000,2026-09-15 12:50,0.15524,0.1548519,0.148657824,0.162594495,1789448100000,2026-09-15 12:55,0.148657824,止盈,False,False,0.039999999999999925,0.038999999999999924,1,0.08333333333333333,
s=-0.0025|fill,-0.0025,fill,FHE_USDT_PERP,做空,1786983300000,2026-08-18 00:15,0.03218,0.032099550000000004,0.030815568,0.033704527500000005,1786983600000,2026-08-18 00:20,0.030815568,止盈,False,False,0.040000000000000036,0.039000000000000035,1,0.08333333333333333,
s=-0.0025|fill,-0.0025,fill,FLUID_USDT_PERP,做空,1787715900000,2026-08-26 11:45,1.535,1.5311625,1.469916,1.607720625,1787719200000,2026-08-26 12:40,1.607720625,止損,False,False,-0.050000000000000044,-0.051000000000000045,11,0.9166666666666666,
s=-0.0025|fill,-0.0025,fill,GPS_USDT_PERP,做空,1786941600000,2026-08-17 12:40,0.014967,0.0149295825,0.0143323992,0.015676061625,1786942800000,2026-08-17 13:00,0.0143323992,止盈,False,False,0.040000000000000036,0.039000000000000035,4,0.3333333333333333,
s=-0.0025|fill,-0.0025,fill,GRIFFAIN_USDT_PERP,做空,1789197900000,2026-09-12 15:25,0.01287,0.012837825,0.012324312,0.01347971625,1789199700000,2026-09-12 15:55,0.01347971625,止損,False,False,-0.050000000000000044,-0.051000000000000045,6,0.5,
s=-0.0025|fill,-0.0025,fill,GRIFFAIN_USDT_PERP,做空,1789203300000,2026-09-12 16:55,0.01493,0.014892675000000001,0.014296968,0.015637308750000002,1789203900000,2026-09-12 17:05,0.014296968,止盈,False,False,0.040000000000000036,0.039000000000000035,2,0.16666666666666666,
s=-0.0025|fill,-0.0025,fill,GWEI_USDT_PERP,做空,1787277300000,2026-08-21 09:55,0.02519,0.025127025,0.024121944,0.026383376250000003,1787278500000,2026-08-21 10:15,0.026383376250000003,止損,False,False,-0.050000000000000044,-0.051000000000000045,4,0.3333333333333333,
s=-0.0025|fill,-0.0025,fill,HAEDAL_USDT_PERP,做空,1788856200000,2026-09-08 16:30,0.02249,0.022433775,0.021536424,0.023555463750000002,1788859800000,2026-09-08 17:30,0.021536424,止盈,False,False,0.040000000000000036,0.039000000000000035,12,1.0,
s=-0.0025|fill,-0.0025,fill,HANA_USDT_PERP,做空,1787647500000,2026-08-25 16:45,0.02054,0.02048865,0.019669104,0.021513082500000003,1787650200000,2026-08-25 17:30,0.021513082500000003,止損,False,False,-0.050000000000000044,-0.051000000000000045,9,0.75,
s=-0.0025|fill,-0.0025,fill,HEMI_USDT_PERP,做空,1787831400000,2026-08-27 19:50,0.00913,0.009107175,0.008742888,0.009562533750000001,1787832300000,2026-08-27 20:05,0.008742888,止盈,False,False,0.039999999999999925,0.038999999999999924,3,0.25,
s=-0.0025|fill,-0.0025,fill,HEMI_USDT_PERP,做空,1787858400000,2026-08-28 03:20,0.01009,0.010064775,0.009662183999999999,0.01056801375,1787864100000,2026-08-28 04:55,0.009662183999999999,止盈,False,False,0.040000000000000036,0.039000000000000035,19,1.5833333333333333,
s=-0.0025|fill,-0.0025,fill,HEMI_USDT_PERP,做空,1789403400000,2026-09-15 00:30,0.00705,0.007032375,0.0067510800000000004,0.007383993750000001,1789403700000,2026-09-15 00:35,0.0067510800000000004,止盈,False,False,0.040000000000000036,0.039000000000000035,1,0.08333333333333333,
s=-0.0025|fill,-0.0025,fill,IDOL_USDT_PERP,做空,1789473300000,2026-09-15 19:55,0.01197,0.011940075,0.011462472,0.01253707875,1789473900000,2026-09-15 20:05,0.011462472,止盈,False,False,0.040000000000000036,0.039000000000000035,2,0.16666666666666666,
s=-0.0025|fill,-0.0025,fill,IDOL_USDT_PERP,做空,1789478400000,2026-09-15 21:20,0.0114,0.011371500000000001,0.010916640000000002,0.011940075000000001,1789479000000,2026-09-15 21:30,0.010916640000000002,止盈,False,False,0.039999999999999925,0.038999999999999924,2,0.16666666666666666,
s=-0.0025|fill,-0.0025,fill,IOST_USDT_PERP,做空,1788763500000,2026-09-07 14:45,0.000892,0.00088977,0.0008541792,0.0009342585,1788764100000,2026-09-07 14:55,0.0008541792,止盈,False,False,0.040000000000000036,0.039000000000000035,2,0.16666666666666666,
s=-0.0025|fill,-0.0025,fill,KAT_USDT_PERP,做空,1788925200000,2026-09-09 11:40,0.006139,0.006123652500000001,0.005878706400000001,0.006429835125000001,1788926700000,2026-09-09 12:05,0.005878706400000001,止盈,False,False,0.039999999999999925,0.038999999999999924,5,0.4166666666666667,
s=-0.0025|fill,-0.0025,fill,KERNEL_USDT_PERP,做空,1787824800000,2026-08-27 18:00,0.04664,0.046523400000000006,0.044662464000000006,0.04884957000000001,1787825100000,2026-08-27 18:05,0.044662464000000006,止盈,False,False,0.040000000000000036,0.039000000000000035,1,0.08333333333333333,
s=-0.0025|fill,-0.0025,fill,LAB_USDT_PERP,做空,1789122000000,2026-09-11 18:20,0.05873,0.058583175,0.056239848,0.06151233375,1789123500000,2026-09-11 18:45,0.06151233375,止損,False,False,-0.050000000000000044,-0.051000000000000045,5,0.4166666666666667,
s=-0.0025|fill,-0.0025,fill,LAYER_USDT_PERP,做空,1788710400000,2026-09-07 00:00,0.0881,0.08787975,0.08436456,0.09227373750000001,1788711300000,2026-09-07 00:15,0.08436456,止盈,False,False,0.040000000000000036,0.039000000000000035,3,0.25,
s=-0.0025|fill,-0.0025,fill,LA_USDT_PERP,做空,1788312300000,2026-09-02 09:25,0.06491,0.06474772499999999,0.06215781599999999,0.06798511125,1788319200000,2026-09-02 11:20,0.06215781599999999,止盈,False,False,0.040000000000000036,0.039000000000000035,23,1.9166666666666667,
s=-0.0025|fill,-0.0025,fill,LIGHT_USDT_PERP,做空,1787730600000,2026-08-26 15:50,0.1766,0.17615850000000002,0.16911216,0.18496642500000005,1787737800000,2026-08-26 17:50,0.16911216,止盈,False,False,0.040000000000000036,0.039000000000000035,24,2.0,
s=-0.0025|fill,-0.0025,fill,LIGHT_USDT_PERP,做空,1787909400000,2026-08-28 17:30,0.2318,0.23122050000000002,0.22197168,0.24278152500000003,1787911500000,2026-08-28 18:05,0.22197168,止盈,False,False,0.040000000000000036,0.039000000000000035,7,0.5833333333333334,
s=-0.0025|fill,-0.0025,fill,LSK_USDT_PERP,做空,1787754600000,2026-08-26 22:30,0.112,0.11172000000000001,0.1072512,0.11730600000000002,1787755200000,2026-08-26 22:40,0.1072512,止盈,False,False,0.040000000000000036,0.039000000000000035,2,0.16666666666666666,
s=-0.0025|fill,-0.0025,fill,LUNA2_USDT_PERP,做空,1788782700000,2026-09-07 20:05,0.05437,0.05423407500000001,0.052064712000000006,0.05694577875000001,1788784500000,2026-09-07 20:35,0.052064712000000006,止盈,False,False,0.040000000000000036,0.039000000000000035,6,0.5,
s=-0.0025|fill,-0.0025,fill,MAGMA_USDT_PERP,做空,1787344200000,2026-08-22 04:30,0.32043,0.319628925,0.306843768,0.33561037125000004,1787347800000,2026-08-22 05:30,0.306843768,止盈,False,False,0.039999999999999925,0.038999999999999924,12,1.0,
s=-0.0025|fill,-0.0025,fill,MAGMA_USDT_PERP,做空,1789323300000,2026-09-14 02:15,0.26632,0.2656542,0.255028032,0.27893691000000004,1789324500000,2026-09-14 02:35,0.27893691000000004,止損,False,False,-0.050000000000000044,-0.051000000000000045,4,0.3333333333333333,
s=-0.0025|fill,-0.0025,fill,MANTRA_USDT_PERP,做空,1787903400000,2026-08-28 15:50,0.00476,0.004748100000000001,0.004558176000000001,0.004985505000000001,1787905500000,2026-08-28 16:25,0.004558176000000001,止盈,False,False,0.040000000000000036,0.039000000000000035,7,0.5833333333333334,
s=-0.0025|fill,-0.0025,fill,MELANIA_USDT_PERP,做空,1787371800000,2026-08-22 12:10,0.1263,0.12598425,0.12094487999999999,0.1322834625,1787373300000,2026-08-22 12:35,0.1322834625,止損,False,False,-0.050000000000000044,-0.051000000000000045,5,0.4166666666666667,
s=-0.0025|fill,-0.0025,fill,MOODENG_USDT_PERP,做空,1788629100000,2026-09-06 01:25,0.04783,0.047710425,0.045802008,0.05009594625,1788630300000,2026-09-06 01:45,0.045802008,止盈,False,False,0.040000000000000036,0.039000000000000035,4,0.3333333333333333,
s=-0.0025|fill,-0.0025,fill,MOODENG_USDT_PERP,做空,1789621200000,2026-09-17 13:00,0.04393,0.043820174999999996,0.042067367999999994,0.04601118375,1789622100000,2026-09-17 13:15,0.042067367999999994,止盈,False,False,0.040000000000000036,0.039000000000000035,3,0.25,
s=-0.0025|fill,-0.0025,fill,MOVE_USDT_PERP,做空,1787371500000,2026-08-22 12:05,0.00853,0.008508675,0.008168328,0.008934108750000001,1787373000000,2026-08-22 12:30,0.008934108750000001,止損,False,False,-0.050000000000000044,-0.051000000000000045,5,0.4166666666666667,
s=-0.0025|fill,-0.0025,fill,MOVR_USDT_PERP,做空,1786800000000,2026-08-15 21:20,0.985,0.9825375000000001,0.9432360000000001,1.031664375,1786800900000,2026-08-15 21:35,0.9432360000000001,止盈,False,False,0.040000000000000036,0.039000000000000035,3,0.25,
s=-0.0025|fill,-0.0025,fill,MOVR_USDT_PERP,做空,1787802900000,2026-08-27 11:55,0.799,0.7970025000000001,0.7651224,0.8368526250000001,1787803500000,2026-08-27 12:05,0.8368526250000001,止損,False,False,-0.050000000000000044,-0.051000000000000045,2,0.16666666666666666,
s=-0.0025|fill,-0.0025,fill,MOVR_USDT_PERP,做空,1787807400000,2026-08-27 13:10,0.869,0.8668275000000001,0.8321544000000001,0.9101688750000001,1787807700000,2026-08-27 13:15,0.8321544000000001,止盈,False,False,0.040000000000000036,0.039000000000000035,1,0.08333333333333333,
s=-0.0025|fill,-0.0025,fill,MUBARAK_USDT_PERP,做空,1788363600000,2026-09-02 23:40,0.02662,0.026553450000000003,0.025491312000000002,0.027881122500000004,1788364200000,2026-09-02 23:50,0.027881122500000004,止損,False,False,-0.050000000000000044,-0.051000000000000045,2,0.16666666666666666,
s=-0.0025|fill,-0.0025,fill,NAORIS_USDT_PERP,做空,1788591000000,2026-09-05 14:50,0.03141,0.031331475000000004,0.030078216000000005,0.032898048750000006,1788592200000,2026-09-05 15:10,0.030078216000000005,止盈,False,False,0.040000000000000036,0.039000000000000035,4,0.3333333333333333,
s=-0.0025|fill,-0.0025,fill,NAORIS_USDT_PERP,做空,1788691200000,2026-09-06 18:40,0.03484,0.0347529,0.033362784,0.036490545000000006,1788696600000,2026-09-06 20:10,0.036490545000000006,止損,False,False,-0.050000000000000044,-0.051000000000000045,18,1.5,
s=-0.0025|fill,-0.0025,fill,NOM_USDT_PERP,做空,1788576000000,2026-09-05 10:40,0.001789,0.0017845275000000001,0.0017131464,0.0018737538750000001,1788576900000,2026-09-05 10:55,0.0018737538750000001,止損,False,False,-0.050000000000000044,-0.051000000000000045,3,0.25,
s=-0.0025|fill,-0.0025,fill,NOM_USDT_PERP,做空,1788586800000,2026-09-05 13:40,0.002085,0.0020797875,0.0019965960000000002,0.0021837768750000005,1788588000000,2026-09-05 14:00,0.0019965960000000002,止盈,False,False,0.040000000000000036,0.039000000000000035,4,0.3333333333333333,
s=-0.0025|fill,-0.0025,fill,OG_USDT_PERP,做空,1787472300000,2026-08-23 16:05,3.071,3.0633225000000004,2.9407896000000004,3.2164886250000007,1787474100000,2026-08-23 16:35,2.9407896000000004,止盈,False,False,0.039999999999999925,0.038999999999999924,6,0.5,
s=-0.0025|fill,-0.0025,fill,ONG_USDT_PERP,做空,1786929900000,2026-08-17 09:25,0.06165,0.061495875000000005,0.059036040000000005,0.06457066875,1786930200000,2026-08-17 09:30,0.059036040000000005,止盈,False,False,0.040000000000000036,0.039000000000000035,1,0.08333333333333333,
s=-0.0025|fill,-0.0025,fill,ONG_USDT_PERP,做空,1787232900000,2026-08-20 21:35,0.06947,0.069296325,0.066524472,0.07276114125000001,1787233500000,2026-08-20 21:45,0.07276114125000001,止損,False,False,-0.050000000000000044,-0.051000000000000045,2,0.16666666666666666,
s=-0.0025|fill,-0.0025,fill,ONG_USDT_PERP,做空,1787237700000,2026-08-20 22:55,0.08127,0.081066825,0.077824152,0.08512016625,1787239800000,2026-08-20 23:30,0.077824152,止盈,False,False,0.040000000000000036,0.039000000000000035,7,0.5833333333333334,
s=-0.0025|fill,-0.0025,fill,ONT_USDT_PERP,做空,1787258100000,2026-08-21 04:35,0.0544,0.054264,0.05209344,0.0569772,1787258400000,2026-08-21 04:40,0.0569772,止損,False,False,-0.050000000000000044,-0.051000000000000045,1,0.08333333333333333,
s=-0.0025|fill,-0.0025,fill,ONT_USDT_PERP,做空,1787262000000,2026-08-21 05:40,0.0513,0.05117175,0.04912488,0.0537303375,1787270700000,2026-08-21 08:05,0.04912488,止盈,False,False,0.040000000000000036,0.039000000000000035,29,2.4166666666666665,
s=-0.0025|fill,-0.0025,fill,ON_USDT_PERP,做空,1788861900000,2026-09-08 18:05,0.211,0.2104725,0.2020536,0.22099612500000002,1788864600000,2026-09-08 18:50,0.2020536,止盈,False,False,0.040000000000000036,0.039000000000000035,9,0.75,
s=-0.0025|fill,-0.0025,fill,ORCA_USDT_PERP,做空,1788745800000,2026-09-07 09:50,1.642,1.637895,1.5723792,1.7197897500000001,1788752700000,2026-09-07 11:45,1.5723792,止盈,False,False,0.040000000000000036,0.039000000000000035,23,1.9166666666666667,
s=-0.0025|fill,-0.0025,fill,PHA_USDT_PERP,做空,1788972600000,2026-09-10 00:50,0.03342,0.03333645,0.032002991999999994,0.035003272499999995,1788973800000,2026-09-10 01:10,0.032002991999999994,止盈,False,False,0.040000000000000036,0.039000000000000035,4,0.3333333333333333,
s=-0.0025|fill,-0.0025,fill,PIEVERSE_USDT_PERP,做空,1787306700000,2026-08-21 18:05,1.1295,1.12667625,1.0816092,1.1830100625000002,1787310300000,2026-08-21 19:05,1.0816092,止盈,False,False,0.04000000000000015,0.039000000000000146,12,1.0,
s=-0.0025|fill,-0.0025,fill,PIEVERSE_USDT_PERP,做空,1788789300000,2026-09-07 21:55,1.3018,1.2985455000000001,1.24660368,1.3634727750000002,1788793800000,2026-09-07 23:10,1.24660368,止盈,False,False,0.04000000000000015,0.039000000000000146,15,1.25,
s=-0.0025|fill,-0.0025,fill,PIXEL_USDT_PERP,做空,1786865400000,2026-08-16 15:30,0.00611,0.0060947250000000005,0.005850936,0.006399461250000001,1786865700000,2026-08-16 15:35,0.005850936,止盈,False,False,0.040000000000000036,0.039000000000000035,1,0.08333333333333333,
s=-0.0025|fill,-0.0025,fill,PORTAL_USDT_PERP,做空,1786885200000,2026-08-16 21:00,0.01597,0.015930075000000002,0.015292872,0.016726578750000002,1786886400000,2026-08-16 21:20,0.015292872,止盈,False,False,0.040000000000000036,0.039000000000000035,4,0.3333333333333333,
s=-0.0025|fill,-0.0025,fill,PORTAL_USDT_PERP,做空,1787544900000,2026-08-24 12:15,0.01602,0.01597995,0.015340752,0.016778947500000002,1787545500000,2026-08-24 12:25,0.015340752,止盈,False,False,0.040000000000000036,0.039000000000000035,2,0.16666666666666666,
s=-0.0025|fill,-0.0025,fill,PORTAL_USDT_PERP,做空,1787721000000,2026-08-26 13:10,0.01896,0.0189126,0.018156096,0.01985823,1787722200000,2026-08-26 13:30,0.01985823,止損,False,False,-0.050000000000000044,-0.051000000000000045,4,0.3333333333333333,
s=-0.0025|fill,-0.0025,fill,PORTAL_USDT_PERP,做空,1788444900000,2026-09-03 22:15,0.01665,0.016608375,0.01594404,0.017438793750000004,1788445200000,2026-09-03 22:20,0.01594404,止盈,False,False,0.04000000000000015,0.039000000000000146,1,0.08333333333333333,
s=-0.0025|fill,-0.0025,fill,POWR_USDT_PERP,做空,1789258200000,2026-09-13 08:10,0.06576,0.0655956,0.06297177600000001,0.06887538000000001,1789258500000,2026-09-13 08:15,0.06887538000000001,止損,False,False,-0.050000000000000044,-0.051000000000000045,1,0.08333333333333333,
s=-0.0025|fill,-0.0025,fill,POWR_USDT_PERP,做空,1789263000000,2026-09-13 09:30,0.0824,0.082194,0.07890624,0.08630370000000001,1789263600000,2026-09-13 09:40,0.07890624,止盈,False,False,0.040000000000000036,0.039000000000000035,2,0.16666666666666666,
s=-0.0025|fill,-0.0025,fill,POWR_USDT_PERP,做空,1789267800000,2026-09-13 10:50,0.08243,0.082223925,0.078934968,0.08633512125000001,1789268100000,2026-09-13 10:55,0.078934968,止盈,False,False,0.04000000000000015,0.039000000000000146,1,0.08333333333333333,
s=-0.0025|fill,-0.0025,fill,PROMPT_USDT_PERP,做空,1788000900000,2026-08-29 18:55,0.02727,0.027201825,0.026113751999999997,0.02856191625,1788001200000,2026-08-29 19:00,0.026113751999999997,止盈,False,False,0.040000000000000036,0.039000000000000035,1,0.08333333333333333,
s=-0.0025|fill,-0.0025,fill,PROS_USDT_PERP,做空,1788927600000,2026-09-09 12:20,0.5005,0.49924874999999996,0.47927879999999995,0.5242111875,1788929100000,2026-09-09 12:45,0.5242111875,止損,False,False,-0.050000000000000044,-0.051000000000000045,5,0.4166666666666667,
s=-0.0025|fill,-0.0025,fill,PTB_USDT_PERP,做空,1788529800000,2026-09-04 21:50,0.000816,0.0008139600000000001,0.0007814016,0.0008546580000000001,1788530100000,2026-09-04 21:55,0.0007814016,止盈,False,False,0.040000000000000036,0.039000000000000035,1,0.08333333333333333,
s=-0.0025|fill,-0.0025,fill,Q_USDT_PERP,做空,1788496200000,2026-09-04 12:30,0.026302,0.026236245000000002,0.0251867952,0.027548057250000004,1788496800000,2026-09-04 12:40,0.0251867952,止盈,False,False,0.040000000000000036,0.039000000000000035,2,0.16666666666666666,
s=-0.0025|fill,-0.0025,fill,RATS_USDT_PERP,做空,1787062500000,2026-08-18 22:15,5.136e-05,5.1231600000000006e-05,4.9182336000000004e-05,5.379318000000001e-05,1787064900000,2026-08-18 22:55,5.379318000000001e-05,止損,False,False,-0.050000000000000044,-0.051000000000000045,8,0.6666666666666666,
s=-0.0025|fill,-0.0025,fill,RAY_USDT_PERP,做空,1788665400000,2026-09-06 11:30,1.109,1.1062275000000001,1.0619784,1.1615388750000002,1788666600000,2026-09-06 11:50,1.1615388750000002,止損,False,False,-0.050000000000000044,-0.051000000000000045,4,0.3333333333333333,
s=-0.0025|fill,-0.0025,fill,RAY_USDT_PERP,做空,1788670500000,2026-09-06 12:55,1.154,1.1511149999999999,1.1050703999999998,1.20867075,1788676500000,2026-09-06 14:35,1.1050703999999998,止盈,False,False,0.04000000000000015,0.039000000000000146,20,1.6666666666666667,
s=-0.0025|fill,-0.0025,fill,REZ_USDT_PERP,做空,1789016700000,2026-09-10 13:05,0.00362,0.0036109500000000004,0.003466512,0.0037914975000000006,1789017600000,2026-09-10 13:20,0.0037914975000000006,止損,False,False,-0.050000000000000044,-0.051000000000000045,3,0.25,
s=-0.0025|fill,-0.0025,fill,REZ_USDT_PERP,做空,1789287600000,2026-09-13 16:20,0.003949,0.0039391275,0.0037815624,0.004136083875000001,1789289400000,2026-09-13 16:50,0.0037815624,止盈,False,False,0.040000000000000036,0.039000000000000035,6,0.5,
s=-0.0025|fill,-0.0025,fill,RE_USDT_PERP,做空,1787158200000,2026-08-20 00:50,0.4973,0.49605675000000005,0.47621448000000005,0.5208595875,1787166300000,2026-08-20 03:05,0.5208595875,止損,False,False,-0.050000000000000044,-0.051000000000000045,27,2.25,
s=-0.0025|fill,-0.0025,fill,RE_USDT_PERP,做空,1787363100000,2026-08-22 09:45,0.6057,0.6041857500000001,0.5800183200000001,0.6343950375000001,1787374500000,2026-08-22 12:55,0.5800183200000001,止盈,False,False,0.039999999999999925,0.038999999999999924,38,3.1666666666666665,
s=-0.0025|fill,-0.0025,fill,SAGA_USDT_PERP,做空,1789058100000,2026-09-11 00:35,0.01776,0.0177156,0.017006976,0.01860138,1789062600000,2026-09-11 01:50,0.017006976,止盈,False,False,0.040000000000000036,0.039000000000000035,15,1.25,
s=-0.0025|fill,-0.0025,fill,SIREN_USDT_PERP,做空,1787970900000,2026-08-29 10:35,0.03355,0.033466125000000006,0.03212748000000001,0.035139431250000006,1787972700000,2026-08-29 11:05,0.03212748000000001,止盈,False,False,0.039999999999999925,0.038999999999999924,6,0.5,
s=-0.0025|fill,-0.0025,fill,SKR_USDT_PERP,做空,1787875800000,2026-08-28 08:10,0.011903,0.0118732425,0.011398312800000001,0.012466904625,1787876700000,2026-08-28 08:25,0.012466904625,止損,False,False,-0.050000000000000044,-0.051000000000000045,3,0.25,
s=-0.0025|fill,-0.0025,fill,SKR_USDT_PERP,做空,1787880600000,2026-08-28 09:30,0.011993,0.011963017500000001,0.0114844968,0.012561168375,1787882100000,2026-08-28 09:55,0.012561168375,止損,False,False,-0.050000000000000044,-0.051000000000000045,5,0.4166666666666667,
s=-0.0025|fill,-0.0025,fill,SKR_USDT_PERP,做空,1788069000000,2026-08-30 13:50,0.013432,0.01339842,0.012862483199999998,0.014068341,1788071700000,2026-08-30 14:35,0.012862483199999998,止盈,False,False,0.040000000000000036,0.039000000000000035,9,0.75,
s=-0.0025|fill,-0.0025,fill,SOLV_USDT_PERP,做空,1788684000000,2026-09-06 16:40,0.00374,0.00373065,0.0035814239999999997,0.0039171825,1788685800000,2026-09-06 17:10,0.0039171825,止損,False,False,-0.050000000000000044,-0.051000000000000045,6,0.5,
s=-0.0025|fill,-0.0025,fill,SPK_USDT_PERP,做空,1787292600000,2026-08-21 14:10,0.01886,0.01881285,0.018060336,0.0197534925,1787293200000,2026-08-21 14:20,0.018060336,止盈,False,False,0.039999999999999925,0.038999999999999924,2,0.16666666666666666,
s=-0.0025|fill,-0.0025,fill,SPORTFUN_USDT_PERP,做空,1786824600000,2026-08-16 04:10,0.02552,0.025456200000000002,0.024437952000000002,0.026729010000000004,1786825800000,2026-08-16 04:30,0.024437952000000002,止盈,False,False,0.039999999999999925,0.038999999999999924,4,0.3333333333333333,
s=-0.0025|fill,-0.0025,fill,SPORTFUN_USDT_PERP,做空,1786829400000,2026-08-16 05:30,0.02966,0.02958585,0.028402416,0.0310651425,1786830300000,2026-08-16 05:45,0.0310651425,止損,False,False,-0.050000000000000044,-0.051000000000000045,3,0.25,
s=-0.0025|fill,-0.0025,fill,SPORTFUN_USDT_PERP,做空,1786836000000,2026-08-16 07:20,0.03291,0.032827725,0.031514616,0.034469111250000004,1786838100000,2026-08-16 07:55,0.031514616,止盈,False,False,0.040000000000000036,0.039000000000000035,7,0.5833333333333334,
s=-0.0025|fill,-0.0025,fill,SQD_USDT_PERP,做空,1787662500000,2026-08-25 20:55,0.03679,0.036698025,0.035230104,0.03853292625,1787664000000,2026-08-25 21:20,0.035230104,止盈,False,False,0.04000000000000015,0.039000000000000146,5,0.4166666666666667,
s=-0.0025|fill,-0.0025,fill,SSV_USDT_PERP,做空,1787297100000,2026-08-21 15:25,2.816,2.80896,2.6966015999999997,2.949408,1787298000000,2026-08-21 15:40,2.949408,止損,False,False,-0.050000000000000044,-0.051000000000000045,3,0.25,
s=-0.0025|fill,-0.0025,fill,SSV_USDT_PERP,做空,1787301600000,2026-08-21 16:40,2.839,2.8319025,2.7186263999999998,2.9734976250000003,1787314200000,2026-08-21 20:10,2.9734976250000003,止損,False,False,-0.050000000000000044,-0.051000000000000045,42,3.5,
s=-0.0025|fill,-0.0025,fill,STABLE_USDT_PERP,做空,1787265000000,2026-08-21 06:30,0.03199,0.031910025,0.030633624,0.03350552625,1787351700000,2026-08-22 06:35,0.03350552625,止損,False,False,-0.050000000000000044,-0.051000000000000045,289,24.083333333333332,
s=-0.0025|fill,-0.0025,fill,STAR_USDT_PERP,做空,1786962600000,2026-08-17 18:30,0.12102,0.12071745,0.115888752,0.12675332250000002,1786969800000,2026-08-17 20:30,0.12675332250000002,止損,False,False,-0.050000000000000044,-0.051000000000000045,24,2.0,
s=-0.0025|fill,-0.0025,fill,STAR_USDT_PERP,做空,1787113200000,2026-08-19 12:20,0.13046,0.13013385,0.12492849599999999,0.1366405425,1787117400000,2026-08-19 13:30,0.1366405425,止損,False,False,-0.050000000000000044,-0.051000000000000045,14,1.1666666666666667,
s=-0.0025|fill,-0.0025,fill,STAR_USDT_PERP,做空,1787316900000,2026-08-21 20:55,0.16075,0.160348125,0.1539342,0.16836553125,1787317200000,2026-08-21 21:00,0.1539342,止盈,False,False,0.040000000000000036,0.039000000000000035,1,0.08333333333333333,
s=-0.0025|fill,-0.0025,fill,STAR_USDT_PERP,做空,1787565300000,2026-08-24 17:55,0.14315,0.14279212500000002,0.13708044000000003,0.14993173125000003,1787566500000,2026-08-24 18:15,0.13708044000000003,止盈,False,False,0.039999999999999925,0.038999999999999924,4,0.3333333333333333,
s=-0.0025|fill,-0.0025,fill,SUPER_USDT_PERP,做空,1787577300000,2026-08-24 21:15,0.1293,0.12897675,0.12381768,0.1354255875,1787577900000,2026-08-24 21:25,0.12381768,止盈,False,False,0.040000000000000036,0.039000000000000035,2,0.16666666666666666,
s=-0.0025|fill,-0.0025,fill,SUSHI_USDT_PERP,做空,1788630000000,2026-09-06 01:40,0.2401,0.23949975,0.22991976,0.25147473750000005,1788631200000,2026-09-06 02:00,0.25147473750000005,止損,False,False,-0.050000000000000044,-0.051000000000000045,4,0.3333333333333333,
s=-0.0025|fill,-0.0025,fill,SUSHI_USDT_PERP,做空,1788636300000,2026-09-06 03:25,0.2775,0.27680625000000003,0.265734,0.29064656250000004,1788637200000,2026-09-06 03:40,0.265734,止盈,False,False,0.040000000000000036,0.039000000000000035,3,0.25,
s=-0.0025|fill,-0.0025,fill,TAC_USDT_PERP,做空,1787438100000,2026-08-23 06:35,0.001749,0.0017446275,0.0016748424,0.0018318588750000002,1787438700000,2026-08-23 06:45,0.0016748424,止盈,False,False,0.040000000000000036,0.039000000000000035,2,0.16666666666666666,
s=-0.0025|fill,-0.0025,fill,TA_USDT_PERP,做空,1789214400000,2026-09-12 20:00,0.06008,0.059929800000000005,0.057532608000000006,0.06292629000000001,1789241100000,2026-09-13 03:25,0.057532608000000006,止盈,False,False,0.040000000000000036,0.039000000000000035,89,7.416666666666667,
s=-0.0025|fill,-0.0025,fill,TLM_USDT_PERP,做空,1787670300000,2026-08-25 23:05,0.001672,0.0016678200000000002,0.0016011072000000001,0.0017512110000000003,1787674200000,2026-08-26 00:10,0.0016011072000000001,止盈,False,False,0.040000000000000036,0.039000000000000035,13,1.0833333333333333,
s=-0.0025|fill,-0.0025,fill,TNSR_USDT_PERP,做空,1788096000000,2026-08-30 21:20,0.04212,0.0420147,0.040334112,0.044115435,1788096300000,2026-08-30 21:25,0.040334112,止盈,False,False,0.040000000000000036,0.039000000000000035,1,0.08333333333333333,
s=-0.0025|fill,-0.0025,fill,TRADOOR_USDT_PERP,做空,1788592200000,2026-09-05 15:10,0.7411,0.73924725,0.70967736,0.7762096125000001,1788592500000,2026-09-05 15:15,0.7762096125000001,止損,True,False,-0.050000000000000044,-0.051000000000000045,1,0.08333333333333333,同一根同時觸發→保守計止損
s=-0.0025|fill,-0.0025,fill,TRB_USDT_PERP,做空,1787365800000,2026-08-22 10:30,21.825,21.7704375,20.89962,22.858959375,1787366100000,2026-08-22 10:35,22.858959375,止損,False,False,-0.050000000000000044,-0.051000000000000045,1,0.08333333333333333,
s=-0.0025|fill,-0.0025,fill,TREE_USDT_PERP,做空,1787150100000,2026-08-19 22:35,0.04051,0.040408725,0.038792375999999996,0.04242916125,1787152500000,2026-08-19 23:15,0.04242916125,止損,False,False,-0.050000000000000044,-0.051000000000000045,8,0.6666666666666666,
s=-0.0025|fill,-0.0025,fill,TREE_USDT_PERP,做空,1787156100000,2026-08-20 00:15,0.04573,0.045615675,0.043791048,0.04789645875,1787157300000,2026-08-20 00:35,0.043791048,止盈,False,False,0.040000000000000036,0.039000000000000035,4,0.3333333333333333,
s=-0.0025|fill,-0.0025,fill,TREE_USDT_PERP,做空,1789172400000,2026-09-12 08:20,0.04535,0.045236625,0.04342716,0.04749845625,1789172700000,2026-09-12 08:25,0.04342716,止盈,False,False,0.040000000000000036,0.039000000000000035,1,0.08333333333333333,
s=-0.0025|fill,-0.0025,fill,TRIA_USDT_PERP,做空,1788495300000,2026-09-04 12:15,0.0049,0.00488775,0.004692239999999999,0.0051321375,1788495600000,2026-09-04 12:20,0.004692239999999999,止盈,False,False,0.040000000000000036,0.039000000000000035,1,0.08333333333333333,
s=-0.0025|fill,-0.0025,fill,TRIA_USDT_PERP,做空,1788503700000,2026-09-04 14:35,0.00525,0.005236875,0.0050274000000000004,0.00549871875,1788506400000,2026-09-04 15:20,0.0050274000000000004,止盈,False,False,0.039999999999999925,0.038999999999999924,9,0.75,
s=-0.0025|fill,-0.0025,fill,TRUMP_USDT_PERP,做空,1787175000000,2026-08-20 05:30,1.707,1.7027325000000002,1.6346232,1.7878691250000003,1787181600000,2026-08-20 07:20,1.7878691250000003,止損,False,False,-0.050000000000000044,-0.051000000000000045,22,1.8333333333333333,
s=-0.0025|fill,-0.0025,fill,US_USDT_PERP,做空,1787325300000,2026-08-21 23:15,0.01978,0.01973055,0.018941328,0.0207170775,1787325600000,2026-08-21 23:20,0.0207170775,止損,False,False,-0.050000000000000044,-0.051000000000000045,1,0.08333333333333333,
s=-0.0025|fill,-0.0025,fill,US_USDT_PERP,做空,1787329500000,2026-08-22 00:25,0.02225,0.022194375,0.0213066,0.02330409375,1787330400000,2026-08-22 00:40,0.02330409375,止損,False,False,-0.050000000000000044,-0.051000000000000045,3,0.25,
s=-0.0025|fill,-0.0025,fill,WAL_USDT_PERP,做空,1786788900000,2026-08-15 18:15,0.0272,0.027132,0.02604672,0.0284886,1786791000000,2026-08-15 18:50,0.02604672,止盈,False,False,0.040000000000000036,0.039000000000000035,7,0.5833333333333334,
s=-0.0025|fill,-0.0025,fill,XPIN_USDT_PERP,做空,1786950300000,2026-08-17 15:05,0.001551,0.0015471225000000001,0.0014852376000000001,0.0016244786250000003,1786951200000,2026-08-17 15:20,0.0014852376000000001,止盈,False,False,0.040000000000000036,0.039000000000000035,3,0.25,
s=-0.0025|fill,-0.0025,fill,XPIN_USDT_PERP,做空,1787291700000,2026-08-21 13:55,0.001328,0.00132468,0.0012716927999999999,0.001390914,1787294700000,2026-08-21 14:45,0.0012716927999999999,止盈,False,False,0.040000000000000036,0.039000000000000035,10,0.8333333333333334,
s=-0.0025|fill,-0.0025,fill,XPIN_USDT_PERP,做空,1789367400000,2026-09-14 14:30,0.000886,0.000883785,0.0008484336,0.00092797425,1789367700000,2026-09-14 14:35,0.00092797425,止損,False,False,-0.050000000000000044,-0.051000000000000045,1,0.08333333333333333,
s=-0.0025|fill,-0.0025,fill,XVG_USDT_PERP,做空,1787370900000,2026-08-22 11:55,0.002919,0.0029117025,0.0027952344,0.0030572876250000002,1787371500000,2026-08-22 12:05,0.0027952344,止盈,False,False,0.040000000000000036,0.039000000000000035,2,0.16666666666666666,
s=-0.0025|fill,-0.0025,fill,ZEST_USDT_PERP,做空,1787740800000,2026-08-26 18:40,0.16483,0.16441792500000002,0.157841208,0.17263882125000002,1787743500000,2026-08-26 19:25,0.157841208,止盈,False,False,0.040000000000000036,0.039000000000000035,9,0.75,
s=-0.0025|fill,-0.0025,fill,ZEST_USDT_PERP,做空,1788426900000,2026-09-03 17:15,0.15617,0.155779575,0.149548392,0.16356855375,1788427200000,2026-09-03 17:20,0.16356855375,止損,True,False,-0.050000000000000044,-0.051000000000000045,1,0.08333333333333333,同一根同時觸發→保守計止損
s=-0.0025|fill,-0.0025,fill,ZEST_USDT_PERP,做空,1788433500000,2026-09-03 19:05,0.14801,0.147639975,0.141734376,0.15502197375000001,1788454200000,2026-09-04 00:50,0.15502197375000001,止損,False,False,-0.050000000000000044,-0.051000000000000045,69,5.75,
s=-0.0025|fill,-0.0025,fill,ZKC_USDT_PERP,做空,1788061500000,2026-08-30 11:45,0.049,0.048877500000000004,0.0469224,0.05132137500000001,1788062100000,2026-08-30 11:55,0.0469224,止盈,False,False,0.040000000000000036,0.039000000000000035,2,0.16666666666666666,
s=-0.0025|fill,-0.0025,fill,ZKC_USDT_PERP,做空,1788076200000,2026-08-30 15:50,0.0528,0.052668,0.05056128,0.0553014,1788081600000,2026-08-30 17:20,0.0553014,止損,False,False,-0.050000000000000044,-0.051000000000000045,18,1.5,
s=-0.0025|fill,-0.0025,fill,ZKP_USDT_PERP,做空,1788017400000,2026-08-29 23:30,0.05268,0.0525483,0.050446368,0.055175715,1788018000000,2026-08-29 23:40,0.050446368,止盈,False,False,0.040000000000000036,0.039000000000000035,2,0.16666666666666666,
s=-0.0025|fill,-0.0025,fill,ZORA_USDT_PERP,做空,1787316300000,2026-08-21 20:45,0.00687,0.006852825000000001,0.0065787120000000004,0.007195466250000001,1787317200000,2026-08-21 21:00,0.007195466250000001,止損,False,False,-0.050000000000000044,-0.051000000000000045,3,0.25,
s=-0.0025|fill,-0.0025,fill,ZORA_USDT_PERP,做空,1787321100000,2026-08-21 22:05,0.00706,0.007042350000000001,0.006760656000000001,0.0073944675000000015,1787323500000,2026-08-21 22:45,0.006760656000000001,止盈,False,False,0.039999999999999925,0.038999999999999924,8,0.6666666666666666,
s=-0.0025|fill,-0.0025,fill,ZORA_USDT_PERP,做空,1788124200000,2026-08-31 05:10,0.00815,0.008129625,0.007804439999999999,0.00853610625,1788124800000,2026-08-31 05:20,0.00853610625,止損,False,False,-0.050000000000000044,-0.051000000000000045,2,0.16666666666666666,
s=-0.0025|fill,-0.0025,fill,ZRO_USDT_PERP,做空,1787665200000,2026-08-25 21:40,1.2411,1.23799725,1.18847736,1.2998971125,1787665800000,2026-08-25 21:50,1.18847736,止盈,False,False,0.040000000000000036,0.039000000000000035,2,0.16666666666666666,
s=-0.0025|fill,-0.0025,fill,ZRO_USDT_PERP,做空,1787669700000,2026-08-25 22:55,1.2125,1.2094687499999999,1.1610899999999997,1.2699421874999999,1787670900000,2026-08-25 23:15,1.1610899999999997,止盈,False,False,0.04000000000000015,0.039000000000000146,4,0.3333333333333333,
s=-0.0025|fill,-0.0025,fill,哈基米_USDT_PERP,做空,1789068300000,2026-09-11 03:25,0.03622,0.03612945000000001,0.03468427200000001,0.03793592250000001,1789069500000,2026-09-11 03:45,0.03793592250000001,止損,False,False,-0.050000000000000044,-0.051000000000000045,4,0.3333333333333333,
s=-0.0025|fill,-0.0025,fill,哈基米_USDT_PERP,做空,1789098300000,2026-09-11 11:45,0.0411,0.04099725,0.03935736,0.0430471125,1789099500000,2026-09-11 12:05,0.03935736,止盈,False,False,0.039999999999999925,0.038999999999999924,4,0.3333333333333333,
s=-0.0025|fill,-0.0025,fill,哈基米_USDT_PERP,做空,1789103100000,2026-09-11 13:05,0.04118,0.041077050000000004,0.039433968,0.043130902500000005,1789103700000,2026-09-11 13:15,0.039433968,止盈,False,False,0.04000000000000015,0.039000000000000146,2,0.16666666666666666,
s=-0.0025|fill,-0.0025,fill,我踏马来了_USDT_PERP,做空,1788010200000,2026-08-29 21:30,0.014341,0.0143051475,0.0137329416,0.015020404875,1788010500000,2026-08-29 21:35,0.0137329416,止盈,False,False,0.040000000000000036,0.039000000000000035,1,0.08333333333333333,
s=-0.0025|fill,-0.0025,fill,我踏马来了_USDT_PERP,做空,1789083600000,2026-09-11 07:40,0.012087,0.012056782500000002,0.011574511200000002,0.012659621625000003,1789094100000,2026-09-11 10:35,0.012659621625000003,止損,False,False,-0.050000000000000044,-0.051000000000000045,35,2.9166666666666665,
s=-0.0025|fill,-0.0025,fill,我踏马来了_USDT_PERP,做空,1789190100000,2026-09-12 13:15,0.015,0.0149625,0.014364,0.015710625000000002,1789190400000,2026-09-12 13:20,0.014364,止盈,False,False,0.040000000000000036,0.039000000000000035,1,0.08333333333333333,
s=-0.0050|signal,-0.005,signal,0G_USDT_PERP,做空,1788174300000,2026-08-31 19:05,0.2285,0.22735750000000002,0.21936,0.23992500000000003,1788177900000,2026-08-31 20:05,0.21936,止盈,False,False,0.035175879396984966,0.034175879396984965,12,1.0,
s=-0.0050|signal,-0.005,signal,4_USDT_PERP,做空,1787999100000,2026-08-29 18:25,0.01703,0.01694485,0.0163488,0.0178815,1788000600000,2026-08-29 18:50,0.0163488,止盈,False,False,0.035175879396984966,0.034175879396984965,5,0.4166666666666667,
s=-0.0050|signal,-0.005,signal,4_USDT_PERP,做空,1788539700000,2026-09-05 00:35,0.01808,0.017989599999999998,0.0173568,0.018984,1788540300000,2026-09-05 00:45,0.018984,止損,False,False,-0.05527638190954787,-0.05627638190954787,2,0.16666666666666666,
s=-0.0050|signal,-0.005,signal,4_USDT_PERP,做空,1788544500000,2026-09-05 01:55,0.02088,0.020775599999999998,0.020044799999999998,0.021924,1788545700000,2026-09-05 02:15,0.021924,止損,False,False,-0.05527638190954787,-0.05627638190954787,4,0.3333333333333333,
s=-0.0050|signal,-0.005,signal,4_USDT_PERP,做空,1788549300000,2026-09-05 03:15,0.02226,0.022148699999999997,0.0213696,0.023372999999999998,1788550200000,2026-09-05 03:30,0.0213696,止盈,False,False,0.035175879396984855,0.034175879396984854,3,0.25,
s=-0.0050|signal,-0.005,signal,4_USDT_PERP,做空,1788777900000,2026-09-07 18:45,0.02664,0.0265068,0.0255744,0.027972,1788779100000,2026-09-07 19:05,0.0255744,止盈,False,False,0.035175879396984966,0.034175879396984965,4,0.3333333333333333,
s=-0.0050|signal,-0.005,signal,ACE_USDT_PERP,做空,1788265800000,2026-09-01 20:30,0.18806,0.1871197,0.1805376,0.19746300000000003,1788266700000,2026-09-01 20:45,0.1805376,止盈,False,False,0.035175879396984966,0.034175879396984965,3,0.25,
s=-0.0050|signal,-0.005,signal,AGT_USDT_PERP,做空,1788193800000,2026-09-01 00:30,0.017237,0.017150815,0.01654752,0.01809885,1788194100000,2026-09-01 00:35,0.01654752,止盈,False,False,0.035175879396984966,0.034175879396984965,1,0.08333333333333333,
s=-0.0050|signal,-0.005,signal,AGT_USDT_PERP,做空,1788198600000,2026-09-01 01:50,0.017307,0.017220465,0.01661472,0.01817235,1788212100000,2026-09-01 05:35,0.01661472,止盈,False,False,0.035175879396984966,0.034175879396984965,45,3.75,
s=-0.0050|signal,-0.005,signal,AGT_USDT_PERP,做空,1788236400000,2026-09-01 12:20,0.018968,0.01887316,0.018209279999999998,0.0199164,1788236700000,2026-09-01 12:25,0.018209279999999998,止盈,False,False,0.03517587939698508,0.034175879396985076,1,0.08333333333333333,
s=-0.0050|signal,-0.005,signal,AIN_USDT_PERP,做空,1789365000000,2026-09-14 13:50,0.10972,0.1091714,0.1053312,0.115206,1789365600000,2026-09-14 14:00,0.1053312,止盈,False,False,0.035175879396984966,0.034175879396984965,2,0.16666666666666666,
s=-0.0050|signal,-0.005,signal,AIN_USDT_PERP,做空,1789369200000,2026-09-14 15:00,0.10454,0.1040173,0.10035839999999999,0.109767,1789371000000,2026-09-14 15:30,0.10035839999999999,止盈,False,False,0.035175879396984966,0.034175879396984965,6,0.5,
s=-0.0050|signal,-0.005,signal,ALCH_USDT_PERP,做空,1787734500000,2026-08-26 16:55,0.03262,0.032456900000000004,0.0313152,0.034251000000000004,1787734800000,2026-08-26 17:00,0.0313152,止盈,False,False,0.035175879396984966,0.034175879396984965,1,0.08333333333333333,
s=-0.0050|signal,-0.005,signal,ANIME_USDT_PERP,做空,1789024500000,2026-09-10 15:15,0.003552,0.00353424,0.00340992,0.0037296,1789025400000,2026-09-10 15:30,0.00340992,止盈,False,False,0.035175879396984966,0.034175879396984965,3,0.25,
s=-0.0050|signal,-0.005,signal,APR_USDT_PERP,做空,1787060700000,2026-08-18 21:45,0.2187,0.2176065,0.209952,0.229635,1787061300000,2026-08-18 21:55,0.209952,止盈,False,False,0.035175879396984966,0.034175879396984965,2,0.16666666666666666,
s=-0.0050|signal,-0.005,signal,APR_USDT_PERP,做空,1788454200000,2026-09-04 00:50,0.269,0.26765500000000003,0.25824,0.28245000000000003,1788454500000,2026-09-04 00:55,0.25824,止盈,False,False,0.035175879396984966,0.034175879396984965,1,0.08333333333333333,
s=-0.0050|signal,-0.005,signal,APR_USDT_PERP,做空,1788463200000,2026-09-04 03:20,0.2691,0.2677545,0.258336,0.282555,1788464100000,2026-09-04 03:35,0.282555,止損,False,False,-0.055276381909547645,-0.056276381909547646,3,0.25,
s=-0.0050|signal,-0.005,signal,APR_USDT_PERP,做空,1788468300000,2026-09-04 04:45,0.27595,0.27457024999999996,0.264912,0.2897475,1788475200000,2026-09-04 06:40,0.264912,止盈,False,False,0.035175879396984855,0.034175879396984854,23,1.9166666666666667,
s=-0.0050|signal,-0.005,signal,ASTR_USDT_PERP,做空,1789434300000,2026-09-15 09:05,0.006865,0.006830675,0.0065904,0.00720825,1789434600000,2026-09-15 09:10,0.00720825,止損,False,False,-0.05527638190954787,-0.05627638190954787,1,0.08333333333333333,
s=-0.0050|signal,-0.005,signal,ASTR_USDT_PERP,做空,1789438800000,2026-09-15 10:20,0.007216,0.00717992,0.00692736,0.007576800000000001,1789439100000,2026-09-15 10:25,0.007576800000000001,止損,False,False,-0.05527638190954787,-0.05627638190954787,1,0.08333333333333333,
s=-0.0050|signal,-0.005,signal,AXL_USDT_PERP,做空,1789452900000,2026-09-15 14:15,0.0529,0.0526355,0.050784,0.055545000000000004,1789453500000,2026-09-15 14:25,0.050784,止盈,False,False,0.035175879396984855,0.034175879396984854,2,0.16666666666666666,
s=-0.0050|signal,-0.005,signal,BAND_USDT_PERP,做空,1788025200000,2026-08-30 01:40,0.201,0.199995,0.19296,0.21105000000000002,1788028500000,2026-08-30 02:35,0.19296,止盈,False,False,0.035175879396984966,0.034175879396984965,11,0.9166666666666666,
s=-0.0050|signal,-0.005,signal,BAS_USDT_PERP,做空,1787743500000,2026-08-26 19:25,0.026397,0.026265015,0.025341119999999998,0.02771685,1787753700000,2026-08-26 22:15,0.025341119999999998,止盈,False,False,0.035175879396984966,0.034175879396984965,34,2.8333333333333335,
s=-0.0050|signal,-0.005,signal,BAS_USDT_PERP,做空,1787912100000,2026-08-28 18:15,0.032049,0.031888755,0.03076704,0.03365145,1787912700000,2026-08-28 18:25,0.03076704,止盈,False,False,0.035175879396984855,0.034175879396984854,2,0.16666666666666666,
s=-0.0050|signal,-0.005,signal,BB_USDT_PERP,做空,1787304300000,2026-08-21 17:25,0.01309,0.01302455,0.012566399999999998,0.0137445,1787304600000,2026-08-21 17:30,0.0137445,止損,False,False,-0.05527638190954787,-0.05627638190954787,1,0.08333333333333333,
s=-0.0050|signal,-0.005,signal,BEAMX_USDT_PERP,做空,1787821200000,2026-08-27 17:00,0.002139,0.002128305,0.0020534399999999997,0.00224595,1787822100000,2026-08-27 17:15,0.0020534399999999997,止盈,False,False,0.03517587939698508,0.034175879396985076,3,0.25,
s=-0.0050|signal,-0.005,signal,BICO_USDT_PERP,做空,1787745600000,2026-08-26 20:00,0.02381,0.023690950000000002,0.0228576,0.025000500000000002,1787745900000,2026-08-26 20:05,0.0228576,止盈,False,False,0.03517587939698508,0.034175879396985076,1,0.08333333333333333,
s=-0.0050|signal,-0.005,signal,BICO_USDT_PERP,做空,1787757900000,2026-08-26 23:25,0.02631,0.02617845,0.025257599999999998,0.0276255,1787758800000,2026-08-26 23:40,0.025257599999999998,止盈,False,False,0.035175879396984966,0.034175879396984965,3,0.25,
s=-0.0050|signal,-0.005,signal,BLESS_USDT_PERP,做空,1787321700000,2026-08-21 22:15,0.00862,0.008576899999999998,0.008275199999999998,0.009051,1787322300000,2026-08-21 22:25,0.008275199999999998,止盈,False,False,0.035175879396984966,0.034175879396984965,2,0.16666666666666666,
s=-0.0050|signal,-0.005,signal,BLUR_USDT_PERP,做空,1789140000000,2026-09-11 23:20,0.02085,0.02074575,0.020016,0.021892500000000002,1789140900000,2026-09-11 23:35,0.020016,止盈,False,False,0.035175879396984966,0.034175879396984965,3,0.25,
s=-0.0050|signal,-0.005,signal,BR_USDT_PERP,做空,1789358100000,2026-09-14 11:55,0.36686,0.3650257,0.3521856,0.385203,1789358400000,2026-09-14 12:00,0.385203,止損,False,False,-0.05527638190954787,-0.05627638190954787,1,0.08333333333333333,
s=-0.0050|signal,-0.005,signal,BTR_USDT_PERP,做空,1787553000000,2026-08-24 14:30,0.03322,0.0330539,0.0318912,0.034881,1787553900000,2026-08-24 14:45,0.034881,止損,False,False,-0.05527638190954787,-0.05627638190954787,3,0.25,
s=-0.0050|signal,-0.005,signal,BTR_USDT_PERP,做空,1787557800000,2026-08-24 15:50,0.03466,0.0344867,0.0332736,0.036393,1787559000000,2026-08-24 16:10,0.036393,止損,False,False,-0.055276381909547645,-0.056276381909547646,4,0.3333333333333333,
s=-0.0050|signal,-0.005,signal,BTR_USDT_PERP,做空,1787716800000,2026-08-26 12:00,0.04071,0.040506450000000006,0.0390816,0.042745500000000006,1787717100000,2026-08-26 12:05,0.042745500000000006,止損,False,False,-0.055276381909547645,-0.056276381909547646,1,0.08333333333333333,
s=-0.0050|signal,-0.005,signal,BTW_USDT_PERP,做空,1789302300000,2026-09-13 20:25,0.699394,0.6958970299999999,0.6714182399999999,0.7343637,1789303800000,2026-09-13 20:50,0.6714182399999999,止盈,False,False,0.035175879396984855,0.034175879396984854,5,0.4166666666666667,
s=-0.0050|signal,-0.005,signal,BULLA_USDT_PERP,做空,1787003400000,2026-08-18 05:50,0.02062,0.020516899999999998,0.0197952,0.021651,1787003700000,2026-08-18 05:55,0.0197952,止盈,False,False,0.035175879396984855,0.034175879396984854,1,0.08333333333333333,
s=-0.0050|signal,-0.005,signal,B_USDT_PERP,做空,1788589500000,2026-09-05 14:25,0.2168,0.215716,0.20812799999999998,0.22764,1788589800000,2026-09-05 14:30,0.20812799999999998,止盈,False,False,0.035175879396984966,0.034175879396984965,1,0.08333333333333333,
s=-0.0050|signal,-0.005,signal,B_USDT_PERP,做空,1788593400000,2026-09-05 15:30,0.1992,0.198204,0.19123199999999999,0.20915999999999998,1788601200000,2026-09-05 17:40,0.19123199999999999,止盈,False,False,0.035175879396984966,0.034175879396984965,26,2.1666666666666665,
s=-0.0050|signal,-0.005,signal,CAP_USDT_PERP,做空,1788492000000,2026-09-04 11:20,0.05311,0.052844449999999994,0.0509856,0.0557655,1788492600000,2026-09-04 11:30,0.0509856,止盈,False,False,0.035175879396984855,0.034175879396984854,2,0.16666666666666666,
s=-0.0050|signal,-0.005,signal,CAP_USDT_PERP,做空,1788773100000,2026-09-07 17:25,0.04997,0.04972015,0.0479712,0.0524685,1788779100000,2026-09-07 19:05,0.0479712,止盈,False,False,0.035175879396984855,0.034175879396984854,20,1.6666666666666667,
s=-0.0050|signal,-0.005,signal,CAP_USDT_PERP,做空,1789388700000,2026-09-14 20:25,0.06824,0.0678988,0.0655104,0.071652,1789389000000,2026-09-14 20:30,0.0655104,止盈,False,False,0.035175879396984855,0.034175879396984854,1,0.08333333333333333,
s=-0.0050|signal,-0.005,signal,CASHCAT_USDT_PERP,做空,1789135500000,2026-09-11 22:05,0.1886,0.187657,0.181056,0.19803,1789142100000,2026-09-11 23:55,0.181056,止盈,False,False,0.035175879396984855,0.034175879396984854,22,1.8333333333333333,
s=-0.0050|signal,-0.005,signal,CATI_USDT_PERP,做空,1788447000000,2026-09-03 22:50,0.06712,0.0667844,0.0644352,0.070476,1788453600000,2026-09-04 00:40,0.0644352,止盈,False,False,0.035175879396984855,0.034175879396984854,22,1.8333333333333333,
s=-0.0050|signal,-0.005,signal,CFG_USDT_PERP,做空,1788751800000,2026-09-07 11:30,0.1336,0.132932,0.12825599999999998,0.14028000000000002,1788753000000,2026-09-07 11:50,0.12825599999999998,止盈,False,False,0.03517587939698508,0.034175879396985076,4,0.3333333333333333,
s=-0.0050|signal,-0.005,signal,CHIP_USDT_PERP,做空,1788423300000,2026-09-03 16:15,0.05177,0.05151115,0.04969919999999999,0.0543585,1788434400000,2026-09-03 19:20,0.04969919999999999,止盈,False,False,0.03517587939698508,0.034175879396985076,37,3.0833333333333335,
s=-0.0050|signal,-0.005,signal,CLO_USDT_PERP,做空,1787046900000,2026-08-18 17:55,0.1373,0.1366135,0.131808,0.14416500000000002,1787054100000,2026-08-18 19:55,0.14416500000000002,止損,False,False,-0.05527638190954787,-0.05627638190954787,24,2.0,
s=-0.0050|signal,-0.005,signal,CLO_USDT_PERP,做空,1787970000000,2026-08-29 10:20,0.1143,0.1137285,0.10972799999999999,0.12001500000000001,1787972400000,2026-08-29 11:00,0.12001500000000001,止損,False,False,-0.05527638190954787,-0.05627638190954787,8,0.6666666666666666,
s=-0.0050|signal,-0.005,signal,CLO_USDT_PERP,做空,1788320100000,2026-09-02 11:35,0.1616,0.160792,0.155136,0.16968,1788322800000,2026-09-02 12:20,0.16968,止損,False,False,-0.05527638190954787,-0.05627638190954787,9,0.75,
s=-0.0050|signal,-0.005,signal,COLLECT_USDT_PERP,做空,1787230800000,2026-08-20 21:00,0.05943,0.059132849999999994,0.057052799999999994,0.0624015,1787232300000,2026-08-20 21:25,0.0624015,止損,False,False,-0.05527638190954787,-0.05627638190954787,5,0.4166666666666667,
s=-0.0050|signal,-0.005,signal,COLLECT_USDT_PERP,做空,1788603000000,2026-09-05 18:10,0.09433,0.09385835,0.09055679999999999,0.0990465,1788603300000,2026-09-05 18:15,0.09055679999999999,止盈,False,False,0.035175879396984966,0.034175879396984965,1,0.08333333333333333,
s=-0.0050|signal,-0.005,signal,COTI_USDT_PERP,做空,1787342100000,2026-08-22 03:55,0.01225,0.01218875,0.01176,0.0128625,1787343000000,2026-08-22 04:10,0.0128625,止損,False,False,-0.05527638190954787,-0.05627638190954787,3,0.25,
s=-0.0050|signal,-0.005,signal,COTI_USDT_PERP,做空,1788690600000,2026-09-06 18:30,0.01845,0.018357750000000003,0.017712000000000002,0.0193725,1788694200000,2026-09-06 19:30,0.017712000000000002,止盈,False,False,0.035175879396984966,0.034175879396984965,12,1.0,
s=-0.0050|signal,-0.005,signal,CROSS_USDT_PERP,做空,1786845000000,2026-08-16 09:50,0.10204,0.1015298,0.0979584,0.10714200000000002,1786851900000,2026-08-16 11:45,0.10714200000000002,止損,False,False,-0.05527638190954787,-0.05627638190954787,23,1.9166666666666667,
s=-0.0050|signal,-0.005,signal,CTR_USDT_PERP,做空,1789280700000,2026-09-13 14:25,0.01166,0.0116017,0.0111936,0.012243,1789281000000,2026-09-13 14:30,0.0111936,止盈,False,False,0.035175879396984855,0.034175879396984854,1,0.08333333333333333,
s=-0.0050|signal,-0.005,signal,CTR_USDT_PERP,做空,1789453200000,2026-09-15 14:20,0.01231,0.01224845,0.0118176,0.0129255,1789454400000,2026-09-15 14:40,0.0118176,止盈,False,False,0.035175879396984966,0.034175879396984965,4,0.3333333333333333,
s=-0.0050|signal,-0.005,signal,CYS_USDT_PERP,做空,1789168500000,2026-09-12 07:15,0.1593,0.1585035,0.15292799999999998,0.167265,1789170000000,2026-09-12 07:40,0.15292799999999998,止盈,False,False,0.035175879396984966,0.034175879396984965,5,0.4166666666666667,
s=-0.0050|signal,-0.005,signal,DASH_USDT_PERP,做空,1787367600000,2026-08-22 11:00,46.84,46.6058,44.9664,49.182,1787370900000,2026-08-22 11:55,44.9664,止盈,False,False,0.035175879396984966,0.034175879396984965,11,0.9166666666666666,
s=-0.0050|signal,-0.005,signal,DOGS_USDT_PERP,做空,1788200100000,2026-09-01 02:15,4.62e-05,4.5969e-05,4.4352e-05,4.851e-05,1788207600000,2026-09-01 04:20,4.4352e-05,止盈,False,False,0.035175879396984966,0.034175879396984965,25,2.0833333333333335,
s=-0.0050|signal,-0.005,signal,EDEN_USDT_PERP,做空,1786982100000,2026-08-17 23:55,0.05434,0.0540683,0.052166399999999995,0.057057000000000004,1786982700000,2026-08-18 00:05,0.052166399999999995,止盈,False,False,0.035175879396984966,0.034175879396984965,2,0.16666666666666666,
s=-0.0050|signal,-0.005,signal,EDGE_USDT_PERP,做空,1787213100000,2026-08-20 16:05,0.364,0.36218,0.34944,0.3822,1787219700000,2026-08-20 17:55,0.34944,止盈,False,False,0.035175879396984966,0.034175879396984965,22,1.8333333333333333,
s=-0.0050|signal,-0.005,signal,ELSA_USDT_PERP,做空,1788569700000,2026-09-05 08:55,0.05706,0.0567747,0.054777599999999996,0.059913,1788571800000,2026-09-05 09:30,0.054777599999999996,止盈,False,False,0.035175879396984966,0.034175879396984965,7,0.5833333333333334,
s=-0.0050|signal,-0.005,signal,FF_USDT_PERP,做空,1788270000000,2026-09-01 21:40,0.09488,0.0944056,0.09108480000000001,0.099624,1788270600000,2026-09-01 21:50,0.099624,止損,False,False,-0.055276381909547645,-0.056276381909547646,2,0.16666666666666666,
s=-0.0050|signal,-0.005,signal,FF_USDT_PERP,做空,1788274200000,2026-09-01 22:50,0.10179,0.10128105000000001,0.0977184,0.10687950000000002,1788275700000,2026-09-01 23:15,0.0977184,止盈,False,False,0.03517587939698508,0.034175879396985076,5,0.4166666666666667,
s=-0.0050|signal,-0.005,signal,FF_USDT_PERP,做空,1789447800000,2026-09-15 12:50,0.15524,0.15446379999999998,0.14903039999999998,0.163002,1789448100000,2026-09-15 12:55,0.14903039999999998,止盈,False,False,0.035175879396984966,0.034175879396984965,1,0.08333333333333333,
s=-0.0050|signal,-0.005,signal,FHE_USDT_PERP,做空,1786983300000,2026-08-18 00:15,0.03218,0.0320191,0.030892799999999998,0.033789,1786983600000,2026-08-18 00:20,0.030892799999999998,止盈,False,False,0.03517587939698508,0.034175879396985076,1,0.08333333333333333,
s=-0.0050|signal,-0.005,signal,FLUID_USDT_PERP,做空,1787715900000,2026-08-26 11:45,1.535,1.5273249999999998,1.4735999999999998,1.61175,1787719200000,2026-08-26 12:40,1.61175,止損,False,False,-0.05527638190954787,-0.05627638190954787,11,0.9166666666666666,
s=-0.0050|signal,-0.005,signal,GPS_USDT_PERP,做空,1786941600000,2026-08-17 12:40,0.014967,0.014892164999999999,0.014368319999999999,0.01571535,1786942800000,2026-08-17 13:00,0.014368319999999999,止盈,False,False,0.035175879396984966,0.034175879396984965,4,0.3333333333333333,
s=-0.0050|signal,-0.005,signal,GRIFFAIN_USDT_PERP,做空,1789197900000,2026-09-12 15:25,0.01287,0.01280565,0.012355199999999998,0.0135135,1789201500000,2026-09-12 16:25,0.0135135,止損,False,False,-0.055276381909547645,-0.056276381909547646,12,1.0,
s=-0.0050|signal,-0.005,signal,GWEI_USDT_PERP,做空,1787277300000,2026-08-21 09:55,0.02519,0.02506405,0.0241824,0.0264495,1787278500000,2026-08-21 10:15,0.0264495,止損,False,False,-0.055276381909547645,-0.056276381909547646,4,0.3333333333333333,
s=-0.0050|signal,-0.005,signal,HAEDAL_USDT_PERP,做空,1788856200000,2026-09-08 16:30,0.02249,0.02237755,0.0215904,0.0236145,1788859800000,2026-09-08 17:30,0.0215904,止盈,False,False,0.035175879396984966,0.034175879396984965,12,1.0,
s=-0.0050|signal,-0.005,signal,HANA_USDT_PERP,做空,1787647500000,2026-08-25 16:45,0.02054,0.0204373,0.019718399999999997,0.021567,1787650200000,2026-08-25 17:30,0.021567,止損,False,False,-0.05527638190954787,-0.05627638190954787,9,0.75,
s=-0.0050|signal,-0.005,signal,HEMI_USDT_PERP,做空,1787831400000,2026-08-27 19:50,0.00913,0.00908435,0.0087648,0.0095865,1787832300000,2026-08-27 20:05,0.0087648,止盈,False,False,0.035175879396984966,0.034175879396984965,3,0.25,
s=-0.0050|signal,-0.005,signal,HEMI_USDT_PERP,做空,1787858400000,2026-08-28 03:20,0.01009,0.01003955,0.0096864,0.0105945,1787864100000,2026-08-28 04:55,0.0096864,止盈,False,False,0.035175879396984966,0.034175879396984965,19,1.5833333333333333,
s=-0.0050|signal,-0.005,signal,HEMI_USDT_PERP,做空,1789403400000,2026-09-15 00:30,0.00705,0.00701475,0.006768,0.0074025,1789403700000,2026-09-15 00:35,0.006768,止盈,False,False,0.035175879396984966,0.034175879396984965,1,0.08333333333333333,
s=-0.0050|signal,-0.005,signal,IDOL_USDT_PERP,做空,1789473300000,2026-09-15 19:55,0.01197,0.01191015,0.0114912,0.0125685,1789473900000,2026-09-15 20:05,0.0114912,止盈,False,False,0.035175879396984855,0.034175879396984854,2,0.16666666666666666,
s=-0.0050|signal,-0.005,signal,IDOL_USDT_PERP,做空,1789478400000,2026-09-15 21:20,0.0114,0.011343,0.010944,0.011970000000000001,1789479000000,2026-09-15 21:30,0.010944,止盈,False,False,0.035175879396984966,0.034175879396984965,2,0.16666666666666666,
s=-0.0050|signal,-0.005,signal,IOST_USDT_PERP,做空,1788763500000,2026-09-07 14:45,0.000892,0.00088754,0.0008563199999999999,0.0009366,1788764100000,2026-09-07 14:55,0.0008563199999999999,止盈,False,False,0.03517587939698508,0.034175879396985076,2,0.16666666666666666,
s=-0.0050|signal,-0.005,signal,KAT_USDT_PERP,做空,1788925200000,2026-09-09 11:40,0.006139,0.0061083050000000005,0.00589344,0.006445950000000001,1788926700000,2026-09-09 12:05,0.00589344,止盈,False,False,0.03517587939698508,0.034175879396985076,5,0.4166666666666667,
s=-0.0050|signal,-0.005,signal,KERNEL_USDT_PERP,做空,1787824800000,2026-08-27 18:00,0.04664,0.0464068,0.0447744,0.048972,1787825100000,2026-08-27 18:05,0.0447744,止盈,False,False,0.035175879396984855,0.034175879396984854,1,0.08333333333333333,
s=-0.0050|signal,-0.005,signal,LAB_USDT_PERP,做空,1789122000000,2026-09-11 18:20,0.05873,0.05843635,0.056380799999999995,0.0616665,1789123500000,2026-09-11 18:45,0.0616665,止損,False,False,-0.05527638190954787,-0.05627638190954787,5,0.4166666666666667,
s=-0.0050|signal,-0.005,signal,LAYER_USDT_PERP,做空,1788710400000,2026-09-07 00:00,0.0881,0.0876595,0.084576,0.092505,1788711300000,2026-09-07 00:15,0.084576,止盈,False,False,0.035175879396984966,0.034175879396984965,3,0.25,
s=-0.0050|signal,-0.005,signal,LA_USDT_PERP,做空,1788312300000,2026-09-02 09:25,0.06491,0.06458544999999999,0.0623136,0.0681555,1788319200000,2026-09-02 11:20,0.0623136,止盈,False,False,0.035175879396984855,0.034175879396984854,23,1.9166666666666667,
s=-0.0050|signal,-0.005,signal,LIGHT_USDT_PERP,做空,1787730600000,2026-08-26 15:50,0.1766,0.175717,0.169536,0.18543,1787736300000,2026-08-26 17:25,0.169536,止盈,False,False,0.03517587939698508,0.034175879396985076,19,1.5833333333333333,
s=-0.0050|signal,-0.005,signal,LIGHT_USDT_PERP,做空,1787909400000,2026-08-28 17:30,0.2318,0.230641,0.222528,0.24339000000000002,1787911500000,2026-08-28 18:05,0.222528,止盈,False,False,0.035175879396984966,0.034175879396984965,7,0.5833333333333334,
s=-0.0050|signal,-0.005,signal,LSK_USDT_PERP,做空,1787754600000,2026-08-26 22:30,0.112,0.11144,0.10752,0.11760000000000001,1787755200000,2026-08-26 22:40,0.10752,止盈,False,False,0.035175879396984855,0.034175879396984854,2,0.16666666666666666,
s=-0.0050|signal,-0.005,signal,LUNA2_USDT_PERP,做空,1788782700000,2026-09-07 20:05,0.05437,0.054098150000000005,0.0521952,0.05708850000000001,1788784500000,2026-09-07 20:35,0.0521952,止盈,False,False,0.03517587939698508,0.034175879396985076,6,0.5,
s=-0.0050|signal,-0.005,signal,MAGMA_USDT_PERP,做空,1787344200000,2026-08-22 04:30,0.32043,0.31882784999999997,0.30761279999999996,0.3364515,1787347800000,2026-08-22 05:30,0.30761279999999996,止盈,False,False,0.035175879396984966,0.034175879396984965,12,1.0,
s=-0.0050|signal,-0.005,signal,MAGMA_USDT_PERP,做空,1789323300000,2026-09-14 02:15,0.26632,0.2649884,0.2556672,0.279636,1789324500000,2026-09-14 02:35,0.279636,止損,False,False,-0.055276381909547645,-0.056276381909547646,4,0.3333333333333333,
s=-0.0050|signal,-0.005,signal,MANTRA_USDT_PERP,做空,1787903400000,2026-08-28 15:50,0.00476,0.0047362,0.0045696,0.004998000000000001,1787905500000,2026-08-28 16:25,0.0045696,止盈,False,False,0.035175879396984966,0.034175879396984965,7,0.5833333333333334,
s=-0.0050|signal,-0.005,signal,MELANIA_USDT_PERP,做空,1787371800000,2026-08-22 12:10,0.1263,0.1256685,0.121248,0.132615,1787373300000,2026-08-22 12:35,0.132615,止損,False,False,-0.05527638190954787,-0.05627638190954787,5,0.4166666666666667,
s=-0.0050|signal,-0.005,signal,MOODENG_USDT_PERP,做空,1788629100000,2026-09-06 01:25,0.04783,0.04759085,0.045916799999999994,0.0502215,1788630300000,2026-09-06 01:45,0.045916799999999994,止盈,False,False,0.035175879396984966,0.034175879396984965,4,0.3333333333333333,
s=-0.0050|signal,-0.005,signal,MOODENG_USDT_PERP,做空,1789621200000,2026-09-17 13:00,0.04393,0.043710349999999995,0.042172799999999996,0.0461265,1789622100000,2026-09-17 13:15,0.042172799999999996,止盈,False,False,0.035175879396984855,0.034175879396984854,3,0.25,
s=-0.0050|signal,-0.005,signal,MOVE_USDT_PERP,做空,1787371500000,2026-08-22 12:05,0.00853,0.00848735,0.0081888,0.0089565,1787374200000,2026-08-22 12:50,0.0089565,止損,False,False,-0.055276381909547645,-0.056276381909547646,9,0.75,
s=-0.0050|signal,-0.005,signal,MOVR_USDT_PERP,做空,1786800000000,2026-08-15 21:20,0.985,0.980075,0.9456,1.0342500000000001,1786800900000,2026-08-15 21:35,0.9456,止盈,False,False,0.035175879396984966,0.034175879396984965,3,0.25,
s=-0.0050|signal,-0.005,signal,MOVR_USDT_PERP,做空,1787802900000,2026-08-27 11:55,0.799,0.7950050000000001,0.76704,0.8389500000000001,1787803500000,2026-08-27 12:05,0.8389500000000001,止損,False,False,-0.055276381909547645,-0.056276381909547646,2,0.16666666666666666,
s=-0.0050|signal,-0.005,signal,MOVR_USDT_PERP,做空,1787807400000,2026-08-27 13:10,0.869,0.864655,0.83424,0.91245,1787807700000,2026-08-27 13:15,0.83424,止盈,False,False,0.035175879396984855,0.034175879396984854,1,0.08333333333333333,
s=-0.0050|signal,-0.005,signal,MUBARAK_USDT_PERP,做空,1788363600000,2026-09-02 23:40,0.02662,0.0264869,0.0255552,0.027951000000000004,1788364200000,2026-09-02 23:50,0.027951000000000004,止損,False,False,-0.05527638190954787,-0.05627638190954787,2,0.16666666666666666,
s=-0.0050|signal,-0.005,signal,NAORIS_USDT_PERP,做空,1788591000000,2026-09-05 14:50,0.03141,0.03125295,0.0301536,0.0329805,1788592200000,2026-09-05 15:10,0.0301536,止盈,False,False,0.035175879396984966,0.034175879396984965,4,0.3333333333333333,
s=-0.0050|signal,-0.005,signal,NAORIS_USDT_PERP,做空,1788691200000,2026-09-06 18:40,0.03484,0.034665800000000004,0.0334464,0.036582,1788696600000,2026-09-06 20:10,0.036582,止損,False,False,-0.055276381909547645,-0.056276381909547646,18,1.5,
s=-0.0050|signal,-0.005,signal,NOM_USDT_PERP,做空,1788576000000,2026-09-05 10:40,0.001789,0.001780055,0.00171744,0.00187845,1788577200000,2026-09-05 11:00,0.00187845,止損,False,False,-0.05527638190954787,-0.05627638190954787,4,0.3333333333333333,
s=-0.0050|signal,-0.005,signal,NOM_USDT_PERP,做空,1788586800000,2026-09-05 13:40,0.002085,0.002074575,0.0020016,0.0021892500000000002,1788588000000,2026-09-05 14:00,0.0020016,止盈,False,False,0.035175879396984855,0.034175879396984854,4,0.3333333333333333,
s=-0.0050|signal,-0.005,signal,OG_USDT_PERP,做空,1787472300000,2026-08-23 16:05,3.071,3.055645,2.94816,3.2245500000000002,1787474100000,2026-08-23 16:35,2.94816,止盈,False,False,0.035175879396984966,0.034175879396984965,6,0.5,
s=-0.0050|signal,-0.005,signal,ONG_USDT_PERP,做空,1786929900000,2026-08-17 09:25,0.06165,0.06134175,0.059184,0.06473250000000001,1786930200000,2026-08-17 09:30,0.059184,止盈,False,False,0.035175879396984966,0.034175879396984965,1,0.08333333333333333,
s=-0.0050|signal,-0.005,signal,ONG_USDT_PERP,做空,1787232900000,2026-08-20 21:35,0.06947,0.06912265000000001,0.0666912,0.07294350000000001,1787233500000,2026-08-20 21:45,0.07294350000000001,止損,False,False,-0.055276381909547645,-0.056276381909547646,2,0.16666666666666666,
s=-0.0050|signal,-0.005,signal,ONG_USDT_PERP,做空,1787237700000,2026-08-20 22:55,0.08127,0.08086365,0.0780192,0.08533349999999999,1787239800000,2026-08-20 23:30,0.0780192,止盈,False,False,0.035175879396984855,0.034175879396984854,7,0.5833333333333334,
s=-0.0050|signal,-0.005,signal,ONT_USDT_PERP,做空,1787258100000,2026-08-21 04:35,0.0544,0.054127999999999996,0.05222399999999999,0.05712,1787258400000,2026-08-21 04:40,0.05712,止損,False,False,-0.05527638190954787,-0.05627638190954787,1,0.08333333333333333,
s=-0.0050|signal,-0.005,signal,ONT_USDT_PERP,做空,1787262000000,2026-08-21 05:40,0.0513,0.0510435,0.04924799999999999,0.053865,1787270700000,2026-08-21 08:05,0.04924799999999999,止盈,False,False,0.03517587939698508,0.034175879396985076,29,2.4166666666666665,
s=-0.0050|signal,-0.005,signal,ON_USDT_PERP,做空,1788861900000,2026-09-08 18:05,0.211,0.209945,0.20256,0.22155,1788862800000,2026-09-08 18:20,0.20256,止盈,False,False,0.035175879396984966,0.034175879396984965,3,0.25,
s=-0.0050|signal,-0.005,signal,ORCA_USDT_PERP,做空,1788745800000,2026-09-07 09:50,1.642,1.6337899999999999,1.57632,1.7241,1788752400000,2026-09-07 11:40,1.57632,止盈,False,False,0.035175879396984855,0.034175879396984854,22,1.8333333333333333,
s=-0.0050|signal,-0.005,signal,PHA_USDT_PERP,做空,1788972600000,2026-09-10 00:50,0.03342,0.033252899999999995,0.0320832,0.035091,1788973800000,2026-09-10 01:10,0.0320832,止盈,False,False,0.035175879396984855,0.034175879396984854,4,0.3333333333333333,
s=-0.0050|signal,-0.005,signal,PIEVERSE_USDT_PERP,做空,1787306700000,2026-08-21 18:05,1.1295,1.1238525,1.08432,1.185975,1787310300000,2026-08-21 19:05,1.08432,止盈,False,False,0.035175879396984855,0.034175879396984854,12,1.0,
s=-0.0050|signal,-0.005,signal,PIEVERSE_USDT_PERP,做空,1788789300000,2026-09-07 21:55,1.3018,1.295291,1.249728,1.3668900000000002,1788793800000,2026-09-07 23:10,1.249728,止盈,False,False,0.035175879396984966,0.034175879396984965,15,1.25,
s=-0.0050|signal,-0.005,signal,PIXEL_USDT_PERP,做空,1786865400000,2026-08-16 15:30,0.00611,0.00607945,0.0058655999999999995,0.0064155,1786865700000,2026-08-16 15:35,0.0058655999999999995,止盈,False,False,0.03517587939698508,0.034175879396985076,1,0.08333333333333333,
s=-0.0050|signal,-0.005,signal,PORTAL_USDT_PERP,做空,1786885200000,2026-08-16 21:00,0.01597,0.015890150000000002,0.015331200000000001,0.016768500000000002,1786886400000,2026-08-16 21:20,0.015331200000000001,止盈,False,False,0.035175879396984966,0.034175879396984965,4,0.3333333333333333,
s=-0.0050|signal,-0.005,signal,PORTAL_USDT_PERP,做空,1787544900000,2026-08-24 12:15,0.01602,0.0159399,0.015379199999999999,0.016821,1787545500000,2026-08-24 12:25,0.015379199999999999,止盈,False,False,0.035175879396984966,0.034175879396984965,2,0.16666666666666666,
s=-0.0050|signal,-0.005,signal,PORTAL_USDT_PERP,做空,1787721000000,2026-08-26 13:10,0.01896,0.018865200000000002,0.018201600000000002,0.019908000000000002,1787722200000,2026-08-26 13:30,0.019908000000000002,止損,False,False,-0.055276381909547645,-0.056276381909547646,4,0.3333333333333333,
s=-0.0050|signal,-0.005,signal,PORTAL_USDT_PERP,做空,1788444900000,2026-09-03 22:15,0.01665,0.01656675,0.015984,0.0174825,1788445200000,2026-09-03 22:20,0.015984,止盈,False,False,0.035175879396984966,0.034175879396984965,1,0.08333333333333333,
s=-0.0050|signal,-0.005,signal,POWR_USDT_PERP,做空,1789258200000,2026-09-13 08:10,0.06576,0.0654312,0.0631296,0.069048,1789258500000,2026-09-13 08:15,0.069048,止損,False,False,-0.05527638190954787,-0.05627638190954787,1,0.08333333333333333,
s=-0.0050|signal,-0.005,signal,POWR_USDT_PERP,做空,1789263000000,2026-09-13 09:30,0.0824,0.081988,0.079104,0.08652,1789263600000,2026-09-13 09:40,0.079104,止盈,False,False,0.03517587939698508,0.034175879396985076,2,0.16666666666666666,
s=-0.0050|signal,-0.005,signal,POWR_USDT_PERP,做空,1789267800000,2026-09-13 10:50,0.08243,0.08201785,0.0791328,0.0865515,1789268100000,2026-09-13 10:55,0.0791328,止盈,False,False,0.035175879396984966,0.034175879396984965,1,0.08333333333333333,
s=-0.0050|signal,-0.005,signal,PROMPT_USDT_PERP,做空,1788000900000,2026-08-29 18:55,0.02727,0.02713365,0.0261792,0.0286335,1788001200000,2026-08-29 19:00,0.0261792,止盈,False,False,0.035175879396984855,0.034175879396984854,1,0.08333333333333333,
s=-0.0050|signal,-0.005,signal,PROS_USDT_PERP,做空,1788927600000,2026-09-09 12:20,0.5005,0.4979974999999999,0.4804799999999999,0.525525,1788929100000,2026-09-09 12:45,0.525525,止損,False,False,-0.05527638190954787,-0.05627638190954787,5,0.4166666666666667,
s=-0.0050|signal,-0.005,signal,PTB_USDT_PERP,做空,1788529800000,2026-09-04 21:50,0.000816,0.0008119199999999999,0.00078336,0.0008568,1788530100000,2026-09-04 21:55,0.00078336,止盈,False,False,0.035175879396984855,0.034175879396984854,1,0.08333333333333333,
s=-0.0050|signal,-0.005,signal,Q_USDT_PERP,做空,1788496200000,2026-09-04 12:30,0.026302,0.026170489999999998,0.02524992,0.0276171,1788496800000,2026-09-04 12:40,0.02524992,止盈,False,False,0.035175879396984855,0.034175879396984854,2,0.16666666666666666,
s=-0.0050|signal,-0.005,signal,RATS_USDT_PERP,做空,1787062500000,2026-08-18 22:15,5.136e-05,5.11032e-05,4.93056e-05,5.3928e-05,1787064900000,2026-08-18 22:55,5.3928e-05,止損,False,False,-0.055276381909547645,-0.056276381909547646,8,0.6666666666666666,
s=-0.0050|signal,-0.005,signal,RAY_USDT_PERP,做空,1788665400000,2026-09-06 11:30,1.109,1.103455,1.06464,1.16445,1788666600000,2026-09-06 11:50,1.16445,止損,False,False,-0.055276381909547645,-0.056276381909547646,4,0.3333333333333333,
s=-0.0050|signal,-0.005,signal,RAY_USDT_PERP,做空,1788670500000,2026-09-06 12:55,1.154,1.1482299999999999,1.10784,1.2117,1788676500000,2026-09-06 14:35,1.10784,止盈,False,False,0.035175879396984855,0.034175879396984854,20,1.6666666666666667,
s=-0.0050|signal,-0.005,signal,REZ_USDT_PERP,做空,1789016700000,2026-09-10 13:05,0.00362,0.0036019,0.0034752,0.003801,1789017600000,2026-09-10 13:20,0.003801,止損,False,False,-0.05527638190954787,-0.05627638190954787,3,0.25,
s=-0.0050|signal,-0.005,signal,REZ_USDT_PERP,做空,1789287600000,2026-09-13 16:20,0.003949,0.003929255,0.0037910400000000003,0.00414645,1789289100000,2026-09-13 16:45,0.0037910400000000003,止盈,False,False,0.035175879396984966,0.034175879396984965,5,0.4166666666666667,
s=-0.0050|signal,-0.005,signal,RE_USDT_PERP,做空,1787158200000,2026-08-20 00:50,0.4973,0.4948135,0.477408,0.522165,1787166300000,2026-08-20 03:05,0.522165,止損,False,False,-0.055276381909547645,-0.056276381909547646,27,2.25,
s=-0.0050|signal,-0.005,signal,RE_USDT_PERP,做空,1787363100000,2026-08-22 09:45,0.6057,0.6026715,0.581472,0.635985,1787364600000,2026-08-22 10:10,0.581472,止盈,False,False,0.035175879396984966,0.034175879396984965,5,0.4166666666666667,
s=-0.0050|signal,-0.005,signal,SAGA_USDT_PERP,做空,1789058100000,2026-09-11 00:35,0.01776,0.0176712,0.0170496,0.018648,1789062600000,2026-09-11 01:50,0.0170496,止盈,False,False,0.035175879396984966,0.034175879396984965,15,1.25,
s=-0.0050|signal,-0.005,signal,SIREN_USDT_PERP,做空,1787970900000,2026-08-29 10:35,0.03355,0.03338225,0.032208,0.0352275,1787972700000,2026-08-29 11:05,0.032208,止盈,False,False,0.035175879396984966,0.034175879396984965,6,0.5,
s=-0.0050|signal,-0.005,signal,SKR_USDT_PERP,做空,1787875800000,2026-08-28 08:10,0.011903,0.011843485,0.01142688,0.012498150000000001,1787876700000,2026-08-28 08:25,0.012498150000000001,止損,False,False,-0.05527638190954787,-0.05627638190954787,3,0.25,
s=-0.0050|signal,-0.005,signal,SKR_USDT_PERP,做空,1787880600000,2026-08-28 09:30,0.011993,0.011933035,0.011513279999999999,0.01259265,1787882100000,2026-08-28 09:55,0.01259265,止損,False,False,-0.05527638190954787,-0.05627638190954787,5,0.4166666666666667,
s=-0.0050|signal,-0.005,signal,SKR_USDT_PERP,做空,1788069000000,2026-08-30 13:50,0.013432,0.01336484,0.012894719999999998,0.0141036,1788071700000,2026-08-30 14:35,0.012894719999999998,止盈,False,False,0.035175879396984966,0.034175879396984965,9,0.75,
s=-0.0050|signal,-0.005,signal,SOLV_USDT_PERP,做空,1788684000000,2026-09-06 16:40,0.00374,0.0037213,0.0035903999999999997,0.003927,1788685800000,2026-09-06 17:10,0.003927,止損,False,False,-0.05527638190954787,-0.05627638190954787,6,0.5,
s=-0.0050|signal,-0.005,signal,SPK_USDT_PERP,做空,1787292600000,2026-08-21 14:10,0.01886,0.0187657,0.018105599999999996,0.019802999999999998,1787293200000,2026-08-21 14:20,0.018105599999999996,止盈,False,False,0.03517587939698508,0.034175879396985076,2,0.16666666666666666,
s=-0.0050|signal,-0.005,signal,SPORTFUN_USDT_PERP,做空,1786824600000,2026-08-16 04:10,0.02552,0.025392400000000002,0.0244992,0.026796000000000004,1786825500000,2026-08-16 04:25,0.0244992,止盈,False,False,0.03517587939698508,0.034175879396985076,3,0.25,
s=-0.0050|signal,-0.005,signal,SPORTFUN_USDT_PERP,做空,1786829400000,2026-08-16 05:30,0.02966,0.0295117,0.028473599999999998,0.031143,1786830300000,2026-08-16 05:45,0.031143,止損,False,False,-0.05527638190954787,-0.05627638190954787,3,0.25,
s=-0.0050|signal,-0.005,signal,SPORTFUN_USDT_PERP,做空,1786836000000,2026-08-16 07:20,0.03291,0.03274545,0.0315936,0.0345555,1786838100000,2026-08-16 07:55,0.0315936,止盈,False,False,0.035175879396984966,0.034175879396984965,7,0.5833333333333334,
s=-0.0050|signal,-0.005,signal,SQD_USDT_PERP,做空,1787662500000,2026-08-25 20:55,0.03679,0.03660605,0.0353184,0.038629500000000004,1787664000000,2026-08-25 21:20,0.0353184,止盈,False,False,0.035175879396984966,0.034175879396984965,5,0.4166666666666667,
s=-0.0050|signal,-0.005,signal,SSV_USDT_PERP,做空,1787297100000,2026-08-21 15:25,2.816,2.80192,2.7033599999999995,2.9568,1787298000000,2026-08-21 15:40,2.9568,止損,False,False,-0.055276381909547645,-0.056276381909547646,3,0.25,
s=-0.0050|signal,-0.005,signal,SSV_USDT_PERP,做空,1787301600000,2026-08-21 16:40,2.839,2.824805,2.72544,2.98095,1787316300000,2026-08-21 20:45,2.98095,止損,False,False,-0.055276381909547645,-0.056276381909547646,49,4.083333333333333,
s=-0.0050|signal,-0.005,signal,STABLE_USDT_PERP,做空,1787265000000,2026-08-21 06:30,0.03199,0.03183005,0.030710399999999995,0.0335895,1787283900000,2026-08-21 11:45,0.030710399999999995,止盈,False,False,0.03517587939698508,0.034175879396985076,63,5.25,
s=-0.0050|signal,-0.005,signal,STAR_USDT_PERP,做空,1786962600000,2026-08-17 18:30,0.12102,0.1204149,0.1161792,0.12707100000000002,1786969800000,2026-08-17 20:30,0.12707100000000002,止損,False,False,-0.05527638190954787,-0.05627638190954787,24,2.0,
s=-0.0050|signal,-0.005,signal,STAR_USDT_PERP,做空,1787113200000,2026-08-19 12:20,0.13046,0.1298077,0.12524159999999998,0.136983,1787117400000,2026-08-19 13:30,0.136983,止損,False,False,-0.055276381909547645,-0.056276381909547646,14,1.1666666666666667,
s=-0.0050|signal,-0.005,signal,STAR_USDT_PERP,做空,1787316900000,2026-08-21 20:55,0.16075,0.15994625,0.15431999999999998,0.1687875,1787317200000,2026-08-21 21:00,0.15431999999999998,止盈,False,False,0.03517587939698508,0.034175879396985076,1,0.08333333333333333,
s=-0.0050|signal,-0.005,signal,STAR_USDT_PERP,做空,1787565300000,2026-08-24 17:55,0.14315,0.14243425,0.137424,0.1503075,1787566500000,2026-08-24 18:15,0.137424,止盈,False,False,0.03517587939698508,0.034175879396985076,4,0.3333333333333333,
s=-0.0050|signal,-0.005,signal,SUPER_USDT_PERP,做空,1787577300000,2026-08-24 21:15,0.1293,0.1286535,0.12412799999999999,0.135765,1787577600000,2026-08-24 21:20,0.12412799999999999,止盈,False,False,0.03517587939698508,0.034175879396985076,1,0.08333333333333333,
s=-0.0050|signal,-0.005,signal,SUPER_USDT_PERP,做空,1787581200000,2026-08-24 22:20,0.1344,0.13372799999999999,0.129024,0.14112,1787582400000,2026-08-24 22:40,0.129024,止盈,False,False,0.035175879396984855,0.034175879396984854,4,0.3333333333333333,
s=-0.0050|signal,-0.005,signal,SUSHI_USDT_PERP,做空,1788630000000,2026-09-06 01:40,0.2401,0.23889950000000001,0.230496,0.252105,1788631200000,2026-09-06 02:00,0.252105,止損,False,False,-0.05527638190954787,-0.05627638190954787,4,0.3333333333333333,
s=-0.0050|signal,-0.005,signal,SUSHI_USDT_PERP,做空,1788636300000,2026-09-06 03:25,0.2775,0.27611250000000004,0.2664,0.29137500000000005,1788637200000,2026-09-06 03:40,0.2664,止盈,False,False,0.035175879396984966,0.034175879396984965,3,0.25,
s=-0.0050|signal,-0.005,signal,TAC_USDT_PERP,做空,1787438100000,2026-08-23 06:35,0.001749,0.0017402549999999998,0.00167904,0.0018364499999999999,1787438700000,2026-08-23 06:45,0.00167904,止盈,False,False,0.035175879396984855,0.034175879396984854,2,0.16666666666666666,
s=-0.0050|signal,-0.005,signal,TA_USDT_PERP,做空,1789214400000,2026-09-12 20:00,0.06008,0.0597796,0.0576768,0.063084,1789241100000,2026-09-13 03:25,0.0576768,止盈,False,False,0.035175879396984966,0.034175879396984965,89,7.416666666666667,
s=-0.0050|signal,-0.005,signal,TLM_USDT_PERP,做空,1787670300000,2026-08-25 23:05,0.001672,0.00166364,0.00160512,0.0017556000000000002,1787674200000,2026-08-26 00:10,0.00160512,止盈,False,False,0.035175879396984966,0.034175879396984965,13,1.0833333333333333,
s=-0.0050|signal,-0.005,signal,TNSR_USDT_PERP,做空,1788096000000,2026-08-30 21:20,0.04212,0.0419094,0.0404352,0.044226,1788096300000,2026-08-30 21:25,0.0404352,止盈,False,False,0.035175879396984966,0.034175879396984965,1,0.08333333333333333,
s=-0.0050|signal,-0.005,signal,TRADOOR_USDT_PERP,做空,1788592200000,2026-09-05 15:10,0.7411,0.7373945,0.711456,0.778155,1788592500000,2026-09-05 15:15,0.778155,止損,True,False,-0.05527638190954787,-0.05627638190954787,1,0.08333333333333333,同一根同時觸發→保守計止損
s=-0.0050|signal,-0.005,signal,TRB_USDT_PERP,做空,1787365800000,2026-08-22 10:30,21.825,21.715875,20.951999999999998,22.91625,1787367600000,2026-08-22 11:00,20.951999999999998,止盈,False,False,0.03517587939698508,0.034175879396985076,6,0.5,
s=-0.0050|signal,-0.005,signal,TREE_USDT_PERP,做空,1787150100000,2026-08-19 22:35,0.04051,0.040307449999999995,0.038889599999999996,0.0425355,1787152500000,2026-08-19 23:15,0.0425355,止損,False,False,-0.05527638190954787,-0.05627638190954787,8,0.6666666666666666,
s=-0.0050|signal,-0.005,signal,TREE_USDT_PERP,做空,1787156100000,2026-08-20 00:15,0.04573,0.04550135,0.0439008,0.048016500000000004,1787157300000,2026-08-20 00:35,0.0439008,止盈,False,False,0.03517587939698508,0.034175879396985076,4,0.3333333333333333,
s=-0.0050|signal,-0.005,signal,TREE_USDT_PERP,做空,1789172400000,2026-09-12 08:20,0.04535,0.045123250000000004,0.043536,0.0476175,1789172700000,2026-09-12 08:25,0.043536,止盈,False,False,0.03517587939698508,0.034175879396985076,1,0.08333333333333333,
s=-0.0050|signal,-0.005,signal,TRIA_USDT_PERP,做空,1788495300000,2026-09-04 12:15,0.0049,0.0048755,0.004704,0.005145,1788495600000,2026-09-04 12:20,0.004704,止盈,False,False,0.035175879396984855,0.034175879396984854,1,0.08333333333333333,
s=-0.0050|signal,-0.005,signal,TRIA_USDT_PERP,做空,1788503700000,2026-09-04 14:35,0.00525,0.00522375,0.00504,0.005512500000000001,1788506400000,2026-09-04 15:20,0.00504,止盈,False,False,0.035175879396984855,0.034175879396984854,9,0.75,
s=-0.0050|signal,-0.005,signal,TRUMP_USDT_PERP,做空,1787175000000,2026-08-20 05:30,1.707,1.6984650000000001,1.63872,1.79235,1787181600000,2026-08-20 07:20,1.79235,止損,False,False,-0.055276381909547645,-0.056276381909547646,22,1.8333333333333333,
s=-0.0050|signal,-0.005,signal,US_USDT_PERP,做空,1787325300000,2026-08-21 23:15,0.01978,0.0196811,0.018988799999999997,0.020769,1787325600000,2026-08-21 23:20,0.020769,止損,False,False,-0.055276381909547645,-0.056276381909547646,1,0.08333333333333333,
s=-0.0050|signal,-0.005,signal,US_USDT_PERP,做空,1787329500000,2026-08-22 00:25,0.02225,0.02213875,0.021359999999999997,0.0233625,1787330400000,2026-08-22 00:40,0.0233625,止損,False,False,-0.05527638190954787,-0.05627638190954787,3,0.25,
s=-0.0050|signal,-0.005,signal,WAL_USDT_PERP,做空,1786788900000,2026-08-15 18:15,0.0272,0.027063999999999998,0.026111999999999996,0.02856,1786791000000,2026-08-15 18:50,0.026111999999999996,止盈,False,False,0.035175879396984966,0.034175879396984965,7,0.5833333333333334,
s=-0.0050|signal,-0.005,signal,XPIN_USDT_PERP,做空,1786950300000,2026-08-17 15:05,0.001551,0.0015432450000000002,0.0014889600000000001,0.00162855,1786951200000,2026-08-17 15:20,0.0014889600000000001,止盈,False,False,0.035175879396984966,0.034175879396984965,3,0.25,
s=-0.0050|signal,-0.005,signal,XPIN_USDT_PERP,做空,1787291700000,2026-08-21 13:55,0.001328,0.00132136,0.00127488,0.0013944,1787294700000,2026-08-21 14:45,0.00127488,止盈,False,False,0.035175879396984966,0.034175879396984965,10,0.8333333333333334,
s=-0.0050|signal,-0.005,signal,XPIN_USDT_PERP,做空,1789367400000,2026-09-14 14:30,0.000886,0.0008815699999999999,0.0008505599999999999,0.0009303,1789367700000,2026-09-14 14:35,0.0009303,止損,False,False,-0.05527638190954787,-0.05627638190954787,1,0.08333333333333333,
s=-0.0050|signal,-0.005,signal,XVG_USDT_PERP,做空,1787370900000,2026-08-22 11:55,0.002919,0.002904405,0.00280224,0.0030649500000000003,1787371500000,2026-08-22 12:05,0.00280224,止盈,False,False,0.035175879396984966,0.034175879396984965,2,0.16666666666666666,
s=-0.0050|signal,-0.005,signal,ZEST_USDT_PERP,做空,1787740800000,2026-08-26 18:40,0.16483,0.16400585,0.1582368,0.17307150000000002,1787743500000,2026-08-26 19:25,0.1582368,止盈,False,False,0.035175879396984855,0.034175879396984854,9,0.75,
s=-0.0050|signal,-0.005,signal,ZEST_USDT_PERP,做空,1788426900000,2026-09-03 17:15,0.15617,0.15538915,0.1499232,0.1639785,1788427200000,2026-09-03 17:20,0.1639785,止損,True,False,-0.055276381909547645,-0.056276381909547646,1,0.08333333333333333,同一根同時觸發→保守計止損
s=-0.0050|signal,-0.005,signal,ZEST_USDT_PERP,做空,1788433500000,2026-09-03 19:05,0.14801,0.14726995,0.1420896,0.1554105,1788454200000,2026-09-04 00:50,0.1554105,止損,False,False,-0.055276381909547645,-0.056276381909547646,69,5.75,
s=-0.0050|signal,-0.005,signal,ZKC_USDT_PERP,做空,1788061500000,2026-08-30 11:45,0.049,0.048755,0.04704,0.05145,1788062100000,2026-08-30 11:55,0.04704,止盈,False,False,0.035175879396984966,0.034175879396984965,2,0.16666666666666666,
s=-0.0050|signal,-0.005,signal,ZKC_USDT_PERP,做空,1788076200000,2026-08-30 15:50,0.0528,0.052536,0.050688,0.05544,1788081600000,2026-08-30 17:20,0.05544,止損,False,False,-0.05527638190954787,-0.05627638190954787,18,1.5,
s=-0.0050|signal,-0.005,signal,ZKP_USDT_PERP,做空,1788017400000,2026-08-29 23:30,0.05268,0.0524166,0.050572799999999994,0.055314,1788018000000,2026-08-29 23:40,0.050572799999999994,止盈,False,False,0.03517587939698508,0.034175879396985076,2,0.16666666666666666,
s=-0.0050|signal,-0.005,signal,ZORA_USDT_PERP,做空,1787316300000,2026-08-21 20:45,0.00687,0.00683565,0.0065952,0.0072135,1787317200000,2026-08-21 21:00,0.0072135,止損,False,False,-0.055276381909547645,-0.056276381909547646,3,0.25,
s=-0.0050|signal,-0.005,signal,ZORA_USDT_PERP,做空,1787321100000,2026-08-21 22:05,0.00706,0.0070247,0.0067776,0.007413,1787323200000,2026-08-21 22:40,0.0067776,止盈,False,False,0.035175879396984966,0.034175879396984965,7,0.5833333333333334,
s=-0.0050|signal,-0.005,signal,ZORA_USDT_PERP,做空,1788124200000,2026-08-31 05:10,0.00815,0.008109249999999998,0.007824,0.0085575,1788124800000,2026-08-31 05:20,0.0085575,止損,False,False,-0.05527638190954787,-0.05627638190954787,2,0.16666666666666666,
s=-0.0050|signal,-0.005,signal,ZRO_USDT_PERP,做空,1787665200000,2026-08-25 21:40,1.2411,1.2348945,1.191456,1.303155,1787665800000,2026-08-25 21:50,1.191456,止盈,False,False,0.035175879396984855,0.034175879396984854,2,0.16666666666666666,
s=-0.0050|signal,-0.005,signal,ZRO_USDT_PERP,做空,1787669700000,2026-08-25 22:55,1.2125,1.2064374999999998,1.164,1.273125,1787670900000,2026-08-25 23:15,1.164,止盈,False,False,0.035175879396984855,0.034175879396984854,4,0.3333333333333333,
s=-0.0050|signal,-0.005,signal,哈基米_USDT_PERP,做空,1789068300000,2026-09-11 03:25,0.03622,0.0360389,0.0347712,0.038031,1789069500000,2026-09-11 03:45,0.038031,止損,False,False,-0.05527638190954787,-0.05627638190954787,4,0.3333333333333333,
s=-0.0050|signal,-0.005,signal,哈基米_USDT_PERP,做空,1789098300000,2026-09-11 11:45,0.0411,0.0408945,0.039456,0.043155,1789099500000,2026-09-11 12:05,0.039456,止盈,False,False,0.035175879396984966,0.034175879396984965,4,0.3333333333333333,
s=-0.0050|signal,-0.005,signal,哈基米_USDT_PERP,做空,1789103100000,2026-09-11 13:05,0.04118,0.0409741,0.0395328,0.04323900000000001,1789103700000,2026-09-11 13:15,0.0395328,止盈,False,False,0.035175879396984966,0.034175879396984965,2,0.16666666666666666,
s=-0.0050|signal,-0.005,signal,我踏马来了_USDT_PERP,做空,1788010200000,2026-08-29 21:30,0.014341,0.014269295,0.01376736,0.01505805,1788010500000,2026-08-29 21:35,0.01376736,止盈,False,False,0.035175879396984966,0.034175879396984965,1,0.08333333333333333,
s=-0.0050|signal,-0.005,signal,我踏马来了_USDT_PERP,做空,1789083600000,2026-09-11 07:40,0.012087,0.012026565000000001,0.01160352,0.01269135,1789094100000,2026-09-11 10:35,0.01269135,止損,False,False,-0.055276381909547645,-0.056276381909547646,35,2.9166666666666665,
s=-0.0050|signal,-0.005,signal,我踏马来了_USDT_PERP,做空,1789190100000,2026-09-12 13:15,0.015,0.014924999999999999,0.0144,0.01575,1789190400000,2026-09-12 13:20,0.0144,止盈,False,False,0.035175879396984855,0.034175879396984854,1,0.08333333333333333,
s=-0.0050|fill,-0.005,fill,0G_USDT_PERP,做空,1788174300000,2026-08-31 19:05,0.2285,0.22735750000000002,0.21826320000000002,0.23872537500000002,1788177900000,2026-08-31 20:05,0.21826320000000002,止盈,False,False,0.040000000000000036,0.039000000000000035,12,1.0,
s=-0.0050|fill,-0.005,fill,4_USDT_PERP,做空,1787999100000,2026-08-29 18:25,0.01703,0.01694485,0.016267056000000002,0.017792092500000002,1788000600000,2026-08-29 18:50,0.016267056000000002,止盈,False,False,0.039999999999999925,0.038999999999999924,5,0.4166666666666667,
s=-0.0050|fill,-0.005,fill,4_USDT_PERP,做空,1788539700000,2026-09-05 00:35,0.01808,0.017989599999999998,0.017270015999999996,0.01888908,1788540300000,2026-09-05 00:45,0.01888908,止損,False,False,-0.050000000000000044,-0.051000000000000045,2,0.16666666666666666,
s=-0.0050|fill,-0.005,fill,4_USDT_PERP,做空,1788544500000,2026-09-05 01:55,0.02088,0.020775599999999998,0.019944576,0.021814379999999998,1788545700000,2026-09-05 02:15,0.021814379999999998,止損,False,False,-0.050000000000000044,-0.051000000000000045,4,0.3333333333333333,
s=-0.0050|fill,-0.005,fill,4_USDT_PERP,做空,1788549300000,2026-09-05 03:15,0.02226,0.022148699999999997,0.021262751999999996,0.023256134999999997,1788552600000,2026-09-05 04:10,0.023256134999999997,止損,False,False,-0.050000000000000044,-0.051000000000000045,11,0.9166666666666666,
s=-0.0050|fill,-0.005,fill,4_USDT_PERP,做空,1788777900000,2026-09-07 18:45,0.02664,0.0265068,0.025446528,0.027832140000000002,1788779100000,2026-09-07 19:05,0.025446528,止盈,False,False,0.040000000000000036,0.039000000000000035,4,0.3333333333333333,
s=-0.0050|fill,-0.005,fill,ACE_USDT_PERP,做空,1788265800000,2026-09-01 20:30,0.18806,0.1871197,0.17963491199999998,0.196475685,1788266700000,2026-09-01 20:45,0.17963491199999998,止盈,False,False,0.04000000000000015,0.039000000000000146,3,0.25,
s=-0.0050|fill,-0.005,fill,AGT_USDT_PERP,做空,1788193800000,2026-09-01 00:30,0.017237,0.017150815,0.0164647824,0.01800835575,1788194100000,2026-09-01 00:35,0.0164647824,止盈,False,False,0.040000000000000036,0.039000000000000035,1,0.08333333333333333,
s=-0.0050|fill,-0.005,fill,AGT_USDT_PERP,做空,1788198600000,2026-09-01 01:50,0.017307,0.017220465,0.0165316464,0.018081488250000003,1788212400000,2026-09-01 05:40,0.0165316464,止盈,False,False,0.04000000000000015,0.039000000000000146,46,3.8333333333333335,
s=-0.0050|fill,-0.005,fill,AGT_USDT_PERP,做空,1788236400000,2026-09-01 12:20,0.018968,0.01887316,0.0181182336,0.019816818,1788236700000,2026-09-01 12:25,0.0181182336,止盈,False,False,0.040000000000000036,0.039000000000000035,1,0.08333333333333333,
s=-0.0050|fill,-0.005,fill,AIN_USDT_PERP,做空,1789365000000,2026-09-14 13:50,0.10972,0.1091714,0.104804544,0.11462997000000001,1789365600000,2026-09-14 14:00,0.104804544,止盈,False,False,0.040000000000000036,0.039000000000000035,2,0.16666666666666666,
s=-0.0050|fill,-0.005,fill,AIN_USDT_PERP,做空,1789369200000,2026-09-14 15:00,0.10454,0.1040173,0.09985660799999999,0.10921816499999999,1789371000000,2026-09-14 15:30,0.09985660799999999,止盈,False,False,0.040000000000000036,0.039000000000000035,6,0.5,
s=-0.0050|fill,-0.005,fill,ALCH_USDT_PERP,做空,1787734500000,2026-08-26 16:55,0.03262,0.032456900000000004,0.031158624000000003,0.03407974500000001,1787734800000,2026-08-26 17:00,0.031158624000000003,止盈,False,False,0.040000000000000036,0.039000000000000035,1,0.08333333333333333,
s=-0.0050|fill,-0.005,fill,ANIME_USDT_PERP,做空,1789024500000,2026-09-10 15:15,0.003552,0.00353424,0.0033928704,0.0037109520000000004,1789025400000,2026-09-10 15:30,0.0033928704,止盈,False,False,0.04000000000000015,0.039000000000000146,3,0.25,
s=-0.0050|fill,-0.005,fill,APR_USDT_PERP,做空,1787060700000,2026-08-18 21:45,0.2187,0.2176065,0.20890224,0.228486825,1787061300000,2026-08-18 21:55,0.20890224,止盈,False,False,0.040000000000000036,0.039000000000000035,2,0.16666666666666666,
s=-0.0050|fill,-0.005,fill,APR_USDT_PERP,做空,1788454200000,2026-09-04 00:50,0.269,0.26765500000000003,0.25694880000000003,0.28103775000000003,1788454500000,2026-09-04 00:55,0.25694880000000003,止盈,False,False,0.040000000000000036,0.039000000000000035,1,0.08333333333333333,
s=-0.0050|fill,-0.005,fill,APR_USDT_PERP,做空,1788463200000,2026-09-04 03:20,0.2691,0.2677545,0.25704432,0.281142225,1788464100000,2026-09-04 03:35,0.281142225,止損,False,False,-0.050000000000000044,-0.051000000000000045,3,0.25,
s=-0.0050|fill,-0.005,fill,APR_USDT_PERP,做空,1788468300000,2026-09-04 04:45,0.27595,0.27457024999999996,0.26358743999999995,0.28829876249999997,1788475800000,2026-09-04 06:50,0.26358743999999995,止盈,False,False,0.040000000000000036,0.039000000000000035,25,2.0833333333333335,
s=-0.0050|fill,-0.005,fill,ASTR_USDT_PERP,做空,1789434300000,2026-09-15 09:05,0.006865,0.006830675,0.006557448,0.00717220875,1789434600000,2026-09-15 09:10,0.00717220875,止損,False,False,-0.050000000000000044,-0.051000000000000045,1,0.08333333333333333,
s=-0.0050|fill,-0.005,fill,ASTR_USDT_PERP,做空,1789438800000,2026-09-15 10:20,0.007216,0.00717992,0.0068927232,0.0075389160000000005,1789439100000,2026-09-15 10:25,0.0075389160000000005,止損,False,False,-0.050000000000000044,-0.051000000000000045,1,0.08333333333333333,
s=-0.0050|fill,-0.005,fill,AXL_USDT_PERP,做空,1789452900000,2026-09-15 14:15,0.0529,0.0526355,0.05053008,0.055267275000000005,1789454700000,2026-09-15 14:45,0.05053008,止盈,False,False,0.040000000000000036,0.039000000000000035,6,0.5,
s=-0.0050|fill,-0.005,fill,BAND_USDT_PERP,做空,1788025200000,2026-08-30 01:40,0.201,0.199995,0.1919952,0.20999475,1788028500000,2026-08-30 02:35,0.1919952,止盈,False,False,0.040000000000000036,0.039000000000000035,11,0.9166666666666666,
s=-0.0050|fill,-0.005,fill,BAS_USDT_PERP,做空,1787743500000,2026-08-26 19:25,0.026397,0.026265015,0.0252144144,0.02757826575,1787754900000,2026-08-26 22:35,0.0252144144,止盈,False,False,0.040000000000000036,0.039000000000000035,38,3.1666666666666665,
s=-0.0050|fill,-0.005,fill,BAS_USDT_PERP,做空,1787912100000,2026-08-28 18:15,0.032049,0.031888755,0.0306132048,0.03348319275,1787912700000,2026-08-28 18:25,0.0306132048,止盈,False,False,0.040000000000000036,0.039000000000000035,2,0.16666666666666666,
s=-0.0050|fill,-0.005,fill,BB_USDT_PERP,做空,1787304300000,2026-08-21 17:25,0.01309,0.01302455,0.012503568,0.0136757775,1787304600000,2026-08-21 17:30,0.0136757775,止損,False,False,-0.050000000000000044,-0.051000000000000045,1,0.08333333333333333,
s=-0.0050|fill,-0.005,fill,BEAMX_USDT_PERP,做空,1787821200000,2026-08-27 17:00,0.002139,0.002128305,0.0020431728,0.0022347202500000002,1787822400000,2026-08-27 17:20,0.0020431728,止盈,False,False,0.040000000000000036,0.039000000000000035,4,0.3333333333333333,
s=-0.0050|fill,-0.005,fill,BICO_USDT_PERP,做空,1787745600000,2026-08-26 20:00,0.02381,0.023690950000000002,0.022743312,0.024875497500000003,1787746200000,2026-08-26 20:10,0.022743312,止盈,False,False,0.040000000000000036,0.039000000000000035,2,0.16666666666666666,
s=-0.0050|fill,-0.005,fill,BICO_USDT_PERP,做空,1787757900000,2026-08-26 23:25,0.02631,0.02617845,0.025131312,0.0274873725,1787759100000,2026-08-26 23:45,0.025131312,止盈,False,False,0.040000000000000036,0.039000000000000035,4,0.3333333333333333,
s=-0.0050|fill,-0.005,fill,BLESS_USDT_PERP,做空,1787321700000,2026-08-21 22:15,0.00862,0.008576899999999998,0.008233823999999999,0.009005744999999999,1787322300000,2026-08-21 22:25,0.008233823999999999,止盈,False,False,0.039999999999999925,0.038999999999999924,2,0.16666666666666666,
s=-0.0050|fill,-0.005,fill,BLUR_USDT_PERP,做空,1789140000000,2026-09-11 23:20,0.02085,0.02074575,0.01991592,0.0217830375,1789140900000,2026-09-11 23:35,0.01991592,止盈,False,False,0.040000000000000036,0.039000000000000035,3,0.25,
s=-0.0050|fill,-0.005,fill,BR_USDT_PERP,做空,1789358100000,2026-09-14 11:55,0.36686,0.3650257,0.350424672,0.383276985,1789358400000,2026-09-14 12:00,0.383276985,止損,False,False,-0.050000000000000044,-0.051000000000000045,1,0.08333333333333333,
s=-0.0050|fill,-0.005,fill,BTR_USDT_PERP,做空,1787553000000,2026-08-24 14:30,0.03322,0.0330539,0.031731744,0.034706595,1787553900000,2026-08-24 14:45,0.034706595,止損,False,False,-0.050000000000000044,-0.051000000000000045,3,0.25,
s=-0.0050|fill,-0.005,fill,BTR_USDT_PERP,做空,1787557800000,2026-08-24 15:50,0.03466,0.0344867,0.033107232,0.036211035,1787559000000,2026-08-24 16:10,0.036211035,止損,False,False,-0.050000000000000044,-0.051000000000000045,4,0.3333333333333333,
s=-0.0050|fill,-0.005,fill,BTR_USDT_PERP,做空,1787716800000,2026-08-26 12:00,0.04071,0.040506450000000006,0.03888619200000001,0.04253177250000001,1787717100000,2026-08-26 12:05,0.04253177250000001,止損,False,False,-0.050000000000000044,-0.051000000000000045,1,0.08333333333333333,
s=-0.0050|fill,-0.005,fill,BTW_USDT_PERP,做空,1789302300000,2026-09-13 20:25,0.699394,0.6958970299999999,0.6680611487999999,0.7306918815,1789303200000,2026-09-13 20:40,0.7306918815,止損,False,False,-0.050000000000000044,-0.051000000000000045,3,0.25,
s=-0.0050|fill,-0.005,fill,BULLA_USDT_PERP,做空,1787003400000,2026-08-18 05:50,0.02062,0.020516899999999998,0.019696224,0.021542745,1787004000000,2026-08-18 06:00,0.019696224,止盈,False,False,0.039999999999999925,0.038999999999999924,2,0.16666666666666666,
s=-0.0050|fill,-0.005,fill,B_USDT_PERP,做空,1788589500000,2026-09-05 14:25,0.2168,0.215716,0.20708735999999997,0.2265018,1788589800000,2026-09-05 14:30,0.20708735999999997,止盈,False,False,0.04000000000000015,0.039000000000000146,1,0.08333333333333333,
s=-0.0050|fill,-0.005,fill,B_USDT_PERP,做空,1788593400000,2026-09-05 15:30,0.1992,0.198204,0.19027583999999997,0.2081142,1788601200000,2026-09-05 17:40,0.19027583999999997,止盈,False,False,0.040000000000000036,0.039000000000000035,26,2.1666666666666665,
s=-0.0050|fill,-0.005,fill,CAP_USDT_PERP,做空,1788492000000,2026-09-04 11:20,0.05311,0.052844449999999994,0.05073067199999999,0.055486672499999994,1788492600000,2026-09-04 11:30,0.05073067199999999,止盈,False,False,0.040000000000000036,0.039000000000000035,2,0.16666666666666666,
s=-0.0050|fill,-0.005,fill,CAP_USDT_PERP,做空,1788773100000,2026-09-07 17:25,0.04997,0.04972015,0.047731343999999995,0.0522061575,1788779100000,2026-09-07 19:05,0.047731343999999995,止盈,False,False,0.040000000000000036,0.039000000000000035,20,1.6666666666666667,
s=-0.0050|fill,-0.005,fill,CAP_USDT_PERP,做空,1789388700000,2026-09-14 20:25,0.06824,0.0678988,0.06518284799999999,0.07129374,1789389000000,2026-09-14 20:30,0.06518284799999999,止盈,False,False,0.04000000000000015,0.039000000000000146,1,0.08333333333333333,
s=-0.0050|fill,-0.005,fill,CASHCAT_USDT_PERP,做空,1789135500000,2026-09-11 22:05,0.1886,0.187657,0.18015072,0.19703985,1789142100000,2026-09-11 23:55,0.18015072,止盈,False,False,0.040000000000000036,0.039000000000000035,22,1.8333333333333333,
s=-0.0050|fill,-0.005,fill,CATI_USDT_PERP,做空,1788447000000,2026-09-03 22:50,0.06712,0.0667844,0.06411302399999999,0.07012362,1788453600000,2026-09-04 00:40,0.06411302399999999,止盈,False,False,0.040000000000000036,0.039000000000000035,22,1.8333333333333333,
s=-0.0050|fill,-0.005,fill,CFG_USDT_PERP,做空,1788751800000,2026-09-07 11:30,0.1336,0.132932,0.12761472,0.1395786,1788754200000,2026-09-07 12:10,0.12761472,止盈,False,False,0.040000000000000036,0.039000000000000035,8,0.6666666666666666,
s=-0.0050|fill,-0.005,fill,CHIP_USDT_PERP,做空,1788423300000,2026-09-03 16:15,0.05177,0.05151115,0.049450704,0.0540867075,1788435300000,2026-09-03 19:35,0.049450704,止盈,False,False,0.040000000000000036,0.039000000000000035,40,3.3333333333333335,
s=-0.0050|fill,-0.005,fill,CLO_USDT_PERP,做空,1787046900000,2026-08-18 17:55,0.1373,0.1366135,0.13114895999999998,0.143444175,1787054100000,2026-08-18 19:55,0.143444175,止損,False,False,-0.050000000000000044,-0.051000000000000045,24,2.0,
s=-0.0050|fill,-0.005,fill,CLO_USDT_PERP,做空,1787970000000,2026-08-29 10:20,0.1143,0.1137285,0.10917935999999999,0.119414925,1787971200000,2026-08-29 10:40,0.119414925,止損,False,False,-0.050000000000000044,-0.051000000000000045,4,0.3333333333333333,
s=-0.0050|fill,-0.005,fill,CLO_USDT_PERP,做空,1788320100000,2026-09-02 11:35,0.1616,0.160792,0.15436032,0.1688316,1788322500000,2026-09-02 12:15,0.1688316,止損,False,False,-0.050000000000000044,-0.051000000000000045,8,0.6666666666666666,
s=-0.0050|fill,-0.005,fill,COLLECT_USDT_PERP,做空,1787230800000,2026-08-20 21:00,0.05943,0.059132849999999994,0.05676753599999999,0.062089492499999996,1787232300000,2026-08-20 21:25,0.062089492499999996,止損,False,False,-0.050000000000000044,-0.051000000000000045,5,0.4166666666666667,
s=-0.0050|fill,-0.005,fill,COLLECT_USDT_PERP,做空,1788603000000,2026-09-05 18:10,0.09433,0.09385835,0.090104016,0.0985512675,1788603300000,2026-09-05 18:15,0.090104016,止盈,False,False,0.040000000000000036,0.039000000000000035,1,0.08333333333333333,
s=-0.0050|fill,-0.005,fill,COTI_USDT_PERP,做空,1787342100000,2026-08-22 03:55,0.01225,0.01218875,0.0117012,0.0127981875,1787343000000,2026-08-22 04:10,0.0127981875,止損,False,False,-0.050000000000000044,-0.051000000000000045,3,0.25,
s=-0.0050|fill,-0.005,fill,COTI_USDT_PERP,做空,1788690600000,2026-09-06 18:30,0.01845,0.018357750000000003,0.01762344,0.019275637500000005,1788694200000,2026-09-06 19:30,0.01762344,止盈,False,False,0.04000000000000015,0.039000000000000146,12,1.0,
s=-0.0050|fill,-0.005,fill,CROSS_USDT_PERP,做空,1786845000000,2026-08-16 09:50,0.10204,0.1015298,0.097468608,0.10660629,1786851600000,2026-08-16 11:40,0.10660629,止損,False,False,-0.050000000000000044,-0.051000000000000045,22,1.8333333333333333,
s=-0.0050|fill,-0.005,fill,CTR_USDT_PERP,做空,1789280700000,2026-09-13 14:25,0.01166,0.0116017,0.011137632,0.012181785,1789281000000,2026-09-13 14:30,0.011137632,止盈,False,False,0.040000000000000036,0.039000000000000035,1,0.08333333333333333,
s=-0.0050|fill,-0.005,fill,CTR_USDT_PERP,做空,1789453200000,2026-09-15 14:20,0.01231,0.01224845,0.011758511999999999,0.0128608725,1789454400000,2026-09-15 14:40,0.011758511999999999,止盈,False,False,0.040000000000000036,0.039000000000000035,4,0.3333333333333333,
s=-0.0050|fill,-0.005,fill,CYS_USDT_PERP,做空,1789168500000,2026-09-12 07:15,0.1593,0.1585035,0.15216336,0.166428675,1789170000000,2026-09-12 07:40,0.15216336,止盈,False,False,0.039999999999999925,0.038999999999999924,5,0.4166666666666667,
s=-0.0050|fill,-0.005,fill,DASH_USDT_PERP,做空,1787367600000,2026-08-22 11:00,46.84,46.6058,44.741568,48.93609000000001,1787371500000,2026-08-22 12:05,44.741568,止盈,False,False,0.040000000000000036,0.039000000000000035,13,1.0833333333333333,
s=-0.0050|fill,-0.005,fill,DOGS_USDT_PERP,做空,1788200100000,2026-09-01 02:15,4.62e-05,4.5969e-05,4.4130239999999996e-05,4.826745e-05,1788207600000,2026-09-01 04:20,4.4130239999999996e-05,止盈,False,False,0.040000000000000036,0.039000000000000035,25,2.0833333333333335,
s=-0.0050|fill,-0.005,fill,EDEN_USDT_PERP,做空,1786982100000,2026-08-17 23:55,0.05434,0.0540683,0.051905568,0.056771715,1786982700000,2026-08-18 00:05,0.051905568,止盈,False,False,0.040000000000000036,0.039000000000000035,2,0.16666666666666666,
s=-0.0050|fill,-0.005,fill,EDGE_USDT_PERP,做空,1787213100000,2026-08-20 16:05,0.364,0.36218,0.34769279999999997,0.38028900000000004,1787219700000,2026-08-20 17:55,0.34769279999999997,止盈,False,False,0.04000000000000015,0.039000000000000146,22,1.8333333333333333,
s=-0.0050|fill,-0.005,fill,ELSA_USDT_PERP,做空,1788569700000,2026-09-05 08:55,0.05706,0.0567747,0.054503711999999996,0.059613435,1788572100000,2026-09-05 09:35,0.054503711999999996,止盈,False,False,0.040000000000000036,0.039000000000000035,8,0.6666666666666666,
s=-0.0050|fill,-0.005,fill,FF_USDT_PERP,做空,1788270000000,2026-09-01 21:40,0.09488,0.0944056,0.090629376,0.09912588000000001,1788270600000,2026-09-01 21:50,0.09912588000000001,止損,False,False,-0.050000000000000044,-0.051000000000000045,2,0.16666666666666666,
s=-0.0050|fill,-0.005,fill,FF_USDT_PERP,做空,1788274200000,2026-09-01 22:50,0.10179,0.10128105000000001,0.097229808,0.10634510250000001,1788275700000,2026-09-01 23:15,0.097229808,止盈,False,False,0.04000000000000015,0.039000000000000146,5,0.4166666666666667,
s=-0.0050|fill,-0.005,fill,FF_USDT_PERP,做空,1789447800000,2026-09-15 12:50,0.15524,0.15446379999999998,0.14828524799999998,0.16218699,1789448100000,2026-09-15 12:55,0.14828524799999998,止盈,False,False,0.040000000000000036,0.039000000000000035,1,0.08333333333333333,
s=-0.0050|fill,-0.005,fill,FHE_USDT_PERP,做空,1786983300000,2026-08-18 00:15,0.03218,0.0320191,0.030738336,0.033620055,1786983600000,2026-08-18 00:20,0.030738336,止盈,False,False,0.040000000000000036,0.039000000000000035,1,0.08333333333333333,
s=-0.0050|fill,-0.005,fill,FLUID_USDT_PERP,做空,1787715900000,2026-08-26 11:45,1.535,1.5273249999999998,1.4662319999999998,1.6036912499999998,1787717400000,2026-08-26 12:10,1.6036912499999998,止損,False,False,-0.050000000000000044,-0.051000000000000045,5,0.4166666666666667,
s=-0.0050|fill,-0.005,fill,FLUID_USDT_PERP,做空,1787721000000,2026-08-26 13:10,1.522,1.51439,1.4538144,1.5901095,1787734800000,2026-08-26 17:00,1.4538144,止盈,False,False,0.039999999999999925,0.038999999999999924,46,3.8333333333333335,
s=-0.0050|fill,-0.005,fill,GPS_USDT_PERP,做空,1786941600000,2026-08-17 12:40,0.014967,0.014892164999999999,0.014296478399999998,0.01563677325,1786942800000,2026-08-17 13:00,0.014296478399999998,止盈,False,False,0.040000000000000036,0.039000000000000035,4,0.3333333333333333,
s=-0.0050|fill,-0.005,fill,GRIFFAIN_USDT_PERP,做空,1789197900000,2026-09-12 15:25,0.01287,0.01280565,0.012293423999999999,0.0134459325,1789199100000,2026-09-12 15:45,0.0134459325,止損,False,False,-0.050000000000000044,-0.051000000000000045,4,0.3333333333333333,
s=-0.0050|fill,-0.005,fill,GRIFFAIN_USDT_PERP,做空,1789202700000,2026-09-12 16:45,0.01472,0.0146464,0.014060544,0.01537872,1789203900000,2026-09-12 17:05,0.014060544,止盈,False,False,0.040000000000000036,0.039000000000000035,4,0.3333333333333333,
s=-0.0050|fill,-0.005,fill,GWEI_USDT_PERP,做空,1787277300000,2026-08-21 09:55,0.02519,0.02506405,0.024061488,0.026317252500000003,1787278500000,2026-08-21 10:15,0.026317252500000003,止損,False,False,-0.050000000000000044,-0.051000000000000045,4,0.3333333333333333,
s=-0.0050|fill,-0.005,fill,HAEDAL_USDT_PERP,做空,1788856200000,2026-09-08 16:30,0.02249,0.02237755,0.021482447999999998,0.0234964275,1788859800000,2026-09-08 17:30,0.021482447999999998,止盈,False,False,0.040000000000000036,0.039000000000000035,12,1.0,
s=-0.0050|fill,-0.005,fill,HANA_USDT_PERP,做空,1787647500000,2026-08-25 16:45,0.02054,0.0204373,0.019619808,0.021459165,1787650200000,2026-08-25 17:30,0.021459165,止損,False,False,-0.050000000000000044,-0.051000000000000045,9,0.75,
s=-0.0050|fill,-0.005,fill,HEMI_USDT_PERP,做空,1787831400000,2026-08-27 19:50,0.00913,0.00908435,0.008720976,0.0095385675,1787832300000,2026-08-27 20:05,0.008720976,止盈,False,False,0.039999999999999925,0.038999999999999924,3,0.25,
s=-0.0050|fill,-0.005,fill,HEMI_USDT_PERP,做空,1787858400000,2026-08-28 03:20,0.01009,0.01003955,0.009637967999999998,0.0105415275,1787864100000,2026-08-28 04:55,0.009637967999999998,止盈,False,False,0.04000000000000015,0.039000000000000146,19,1.5833333333333333,
s=-0.0050|fill,-0.005,fill,HEMI_USDT_PERP,做空,1789403400000,2026-09-15 00:30,0.00705,0.00701475,0.00673416,0.0073654875,1789403700000,2026-09-15 00:35,0.00673416,止盈,False,False,0.039999999999999925,0.038999999999999924,1,0.08333333333333333,
s=-0.0050|fill,-0.005,fill,IDOL_USDT_PERP,做空,1789473300000,2026-09-15 19:55,0.01197,0.01191015,0.011433744,0.0125056575,1789473900000,2026-09-15 20:05,0.011433744,止盈,False,False,0.040000000000000036,0.039000000000000035,2,0.16666666666666666,
s=-0.0050|fill,-0.005,fill,IDOL_USDT_PERP,做空,1789478400000,2026-09-15 21:20,0.0114,0.011343,0.01088928,0.011910150000000001,1789479000000,2026-09-15 21:30,0.01088928,止盈,False,False,0.04000000000000015,0.039000000000000146,2,0.16666666666666666,
s=-0.0050|fill,-0.005,fill,IOST_USDT_PERP,做空,1788763500000,2026-09-07 14:45,0.000892,0.00088754,0.0008520384,0.0009319170000000001,1788766800000,2026-09-07 15:40,0.0008520384,止盈,False,False,0.040000000000000036,0.039000000000000035,11,0.9166666666666666,
s=-0.0050|fill,-0.005,fill,KAT_USDT_PERP,做空,1788925200000,2026-09-09 11:40,0.006139,0.0061083050000000005,0.0058639728000000006,0.006413720250000001,1788926700000,2026-09-09 12:05,0.0058639728000000006,止盈,False,False,0.040000000000000036,0.039000000000000035,5,0.4166666666666667,
s=-0.0050|fill,-0.005,fill,KERNEL_USDT_PERP,做空,1787824800000,2026-08-27 18:00,0.04664,0.0464068,0.044550528,0.04872714,1787825100000,2026-08-27 18:05,0.044550528,止盈,False,False,0.040000000000000036,0.039000000000000035,1,0.08333333333333333,
s=-0.0050|fill,-0.005,fill,LAB_USDT_PERP,做空,1789122000000,2026-09-11 18:20,0.05873,0.05843635,0.056098895999999995,0.0613581675,1789123500000,2026-09-11 18:45,0.0613581675,止損,False,False,-0.050000000000000044,-0.051000000000000045,5,0.4166666666666667,
s=-0.0050|fill,-0.005,fill,LAYER_USDT_PERP,做空,1788710400000,2026-09-07 00:00,0.0881,0.0876595,0.08415312,0.092042475,1788711300000,2026-09-07 00:15,0.08415312,止盈,False,False,0.040000000000000036,0.039000000000000035,3,0.25,
s=-0.0050|fill,-0.005,fill,LA_USDT_PERP,做空,1788312300000,2026-09-02 09:25,0.06491,0.06458544999999999,0.062002031999999985,0.0678147225,1788319500000,2026-09-02 11:25,0.062002031999999985,止盈,False,False,0.040000000000000036,0.039000000000000035,24,2.0,
s=-0.0050|fill,-0.005,fill,LIGHT_USDT_PERP,做空,1787730600000,2026-08-26 15:50,0.1766,0.175717,0.16868832,0.18450285000000002,1787738100000,2026-08-26 17:55,0.16868832,止盈,False,False,0.040000000000000036,0.039000000000000035,25,2.0833333333333335,
s=-0.0050|fill,-0.005,fill,LIGHT_USDT_PERP,做空,1787909400000,2026-08-28 17:30,0.2318,0.230641,0.22141536,0.24217305000000003,1787911500000,2026-08-28 18:05,0.22141536,止盈,False,False,0.040000000000000036,0.039000000000000035,7,0.5833333333333334,
s=-0.0050|fill,-0.005,fill,LSK_USDT_PERP,做空,1787754600000,2026-08-26 22:30,0.112,0.11144,0.10698239999999999,0.117012,1787755200000,2026-08-26 22:40,0.10698239999999999,止盈,False,False,0.040000000000000036,0.039000000000000035,2,0.16666666666666666,
s=-0.0050|fill,-0.005,fill,LUNA2_USDT_PERP,做空,1788782700000,2026-09-07 20:05,0.05437,0.054098150000000005,0.051934224,0.056803057500000004,1788784800000,2026-09-07 20:40,0.051934224,止盈,False,False,0.040000000000000036,0.039000000000000035,7,0.5833333333333334,
s=-0.0050|fill,-0.005,fill,MAGMA_USDT_PERP,做空,1787344200000,2026-08-22 04:30,0.32043,0.31882784999999997,0.30607473599999996,0.3347692425,1787347800000,2026-08-22 05:30,0.30607473599999996,止盈,False,False,0.040000000000000036,0.039000000000000035,12,1.0,
s=-0.0050|fill,-0.005,fill,MAGMA_USDT_PERP,做空,1789323300000,2026-09-14 02:15,0.26632,0.2649884,0.254388864,0.27823782,1789324500000,2026-09-14 02:35,0.27823782,止損,False,False,-0.050000000000000044,-0.051000000000000045,4,0.3333333333333333,
s=-0.0050|fill,-0.005,fill,MANTRA_USDT_PERP,做空,1787903400000,2026-08-28 15:50,0.00476,0.0047362,0.004546752,0.004973010000000001,1787908200000,2026-08-28 17:10,0.004546752,止盈,False,False,0.040000000000000036,0.039000000000000035,16,1.3333333333333333,
s=-0.0050|fill,-0.005,fill,MELANIA_USDT_PERP,做空,1787371800000,2026-08-22 12:10,0.1263,0.1256685,0.12064175999999999,0.131951925,1787373300000,2026-08-22 12:35,0.131951925,止損,False,False,-0.050000000000000044,-0.051000000000000045,5,0.4166666666666667,
s=-0.0050|fill,-0.005,fill,MOODENG_USDT_PERP,做空,1788629100000,2026-09-06 01:25,0.04783,0.04759085,0.045687215999999996,0.0499703925,1788630300000,2026-09-06 01:45,0.045687215999999996,止盈,False,False,0.040000000000000036,0.039000000000000035,4,0.3333333333333333,
s=-0.0050|fill,-0.005,fill,MOODENG_USDT_PERP,做空,1789621200000,2026-09-17 13:00,0.04393,0.043710349999999995,0.04196193599999999,0.0458958675,1789622400000,2026-09-17 13:20,0.04196193599999999,止盈,False,False,0.040000000000000036,0.039000000000000035,4,0.3333333333333333,
s=-0.0050|fill,-0.005,fill,MOVE_USDT_PERP,做空,1787371500000,2026-08-22 12:05,0.00853,0.00848735,0.008147855999999998,0.0089117175,1787373000000,2026-08-22 12:30,0.0089117175,止損,False,False,-0.050000000000000044,-0.051000000000000045,5,0.4166666666666667,
s=-0.0050|fill,-0.005,fill,MOVR_USDT_PERP,做空,1786800000000,2026-08-15 21:20,0.985,0.980075,0.940872,1.02907875,1786800900000,2026-08-15 21:35,0.940872,止盈,False,False,0.040000000000000036,0.039000000000000035,3,0.25,
s=-0.0050|fill,-0.005,fill,MOVR_USDT_PERP,做空,1787802900000,2026-08-27 11:55,0.799,0.7950050000000001,0.7632048,0.8347552500000001,1787803500000,2026-08-27 12:05,0.8347552500000001,止損,False,False,-0.050000000000000044,-0.051000000000000045,2,0.16666666666666666,
s=-0.0050|fill,-0.005,fill,MOVR_USDT_PERP,做空,1787807400000,2026-08-27 13:10,0.869,0.864655,0.8300687999999999,0.90788775,1787807700000,2026-08-27 13:15,0.8300687999999999,止盈,False,False,0.040000000000000036,0.039000000000000035,1,0.08333333333333333,
s=-0.0050|fill,-0.005,fill,MUBARAK_USDT_PERP,做空,1788363600000,2026-09-02 23:40,0.02662,0.0264869,0.025427424,0.027811245000000002,1788364200000,2026-09-02 23:50,0.027811245000000002,止損,False,False,-0.050000000000000044,-0.051000000000000045,2,0.16666666666666666,
s=-0.0050|fill,-0.005,fill,NAORIS_USDT_PERP,做空,1788591000000,2026-09-05 14:50,0.03141,0.03125295,0.030002832,0.0328155975,1788592200000,2026-09-05 15:10,0.030002832,止盈,False,False,0.040000000000000036,0.039000000000000035,4,0.3333333333333333,
s=-0.0050|fill,-0.005,fill,NAORIS_USDT_PERP,做空,1788691200000,2026-09-06 18:40,0.03484,0.034665800000000004,0.033279168000000005,0.03639909,1788695100000,2026-09-06 19:45,0.03639909,止損,False,False,-0.050000000000000044,-0.051000000000000045,13,1.0833333333333333,
s=-0.0050|fill,-0.005,fill,NOM_USDT_PERP,做空,1788576000000,2026-09-05 10:40,0.001789,0.001780055,0.0017088528,0.0018690577500000002,1788576900000,2026-09-05 10:55,0.0018690577500000002,止損,False,False,-0.050000000000000044,-0.051000000000000045,3,0.25,
s=-0.0050|fill,-0.005,fill,NOM_USDT_PERP,做空,1788586800000,2026-09-05 13:40,0.002085,0.002074575,0.001991592,0.00217830375,1788588000000,2026-09-05 14:00,0.001991592,止盈,False,False,0.040000000000000036,0.039000000000000035,4,0.3333333333333333,
s=-0.0050|fill,-0.005,fill,OG_USDT_PERP,做空,1787472300000,2026-08-23 16:05,3.071,3.055645,2.9334192,3.20842725,1787474100000,2026-08-23 16:35,2.9334192,止盈,False,False,0.040000000000000036,0.039000000000000035,6,0.5,
s=-0.0050|fill,-0.005,fill,ONG_USDT_PERP,做空,1786929900000,2026-08-17 09:25,0.06165,0.06134175,0.058888079999999995,0.0644088375,1786930200000,2026-08-17 09:30,0.058888079999999995,止盈,False,False,0.040000000000000036,0.039000000000000035,1,0.08333333333333333,
s=-0.0050|fill,-0.005,fill,ONG_USDT_PERP,做空,1787232900000,2026-08-20 21:35,0.06947,0.06912265000000001,0.06635774400000001,0.07257878250000001,1787233500000,2026-08-20 21:45,0.07257878250000001,止損,False,False,-0.050000000000000044,-0.051000000000000045,2,0.16666666666666666,
s=-0.0050|fill,-0.005,fill,ONG_USDT_PERP,做空,1787237700000,2026-08-20 22:55,0.08127,0.08086365,0.07762910399999999,0.0849068325,1787239800000,2026-08-20 23:30,0.07762910399999999,止盈,False,False,0.040000000000000036,0.039000000000000035,7,0.5833333333333334,
s=-0.0050|fill,-0.005,fill,ONT_USDT_PERP,做空,1787258100000,2026-08-21 04:35,0.0544,0.054127999999999996,0.051962879999999996,0.0568344,1787258400000,2026-08-21 04:40,0.0568344,止損,False,False,-0.050000000000000044,-0.051000000000000045,1,0.08333333333333333,
s=-0.0050|fill,-0.005,fill,ONT_USDT_PERP,做空,1787262000000,2026-08-21 05:40,0.0513,0.0510435,0.04900176,0.053595675,1787270700000,2026-08-21 08:05,0.04900176,止盈,False,False,0.040000000000000036,0.039000000000000035,29,2.4166666666666665,
s=-0.0050|fill,-0.005,fill,ON_USDT_PERP,做空,1788861900000,2026-09-08 18:05,0.211,0.209945,0.20154719999999998,0.22044225,1788864600000,2026-09-08 18:50,0.20154719999999998,止盈,False,False,0.040000000000000036,0.039000000000000035,9,0.75,
s=-0.0050|fill,-0.005,fill,ORCA_USDT_PERP,做空,1788745800000,2026-09-07 09:50,1.642,1.6337899999999999,1.5684383999999998,1.7154794999999998,1788752700000,2026-09-07 11:45,1.5684383999999998,止盈,False,False,0.040000000000000036,0.039000000000000035,23,1.9166666666666667,
s=-0.0050|fill,-0.005,fill,PHA_USDT_PERP,做空,1788972600000,2026-09-10 00:50,0.03342,0.033252899999999995,0.031922783999999996,0.034915545,1788974100000,2026-09-10 01:15,0.031922783999999996,止盈,False,False,0.040000000000000036,0.039000000000000035,5,0.4166666666666667,
s=-0.0050|fill,-0.005,fill,PIEVERSE_USDT_PERP,做空,1787306700000,2026-08-21 18:05,1.1295,1.1238525,1.0788984,1.180045125,1787310300000,2026-08-21 19:05,1.0788984,止盈,False,False,0.040000000000000036,0.039000000000000035,12,1.0,
s=-0.0050|fill,-0.005,fill,PIEVERSE_USDT_PERP,做空,1788789300000,2026-09-07 21:55,1.3018,1.295291,1.24347936,1.36005555,1788793800000,2026-09-07 23:10,1.24347936,止盈,False,False,0.039999999999999925,0.038999999999999924,15,1.25,
s=-0.0050|fill,-0.005,fill,PIXEL_USDT_PERP,做空,1786865400000,2026-08-16 15:30,0.00611,0.00607945,0.005836272,0.0063834225,1786865700000,2026-08-16 15:35,0.005836272,止盈,False,False,0.040000000000000036,0.039000000000000035,1,0.08333333333333333,
s=-0.0050|fill,-0.005,fill,PORTAL_USDT_PERP,做空,1786885200000,2026-08-16 21:00,0.01597,0.015890150000000002,0.015254544000000002,0.016684657500000002,1786886400000,2026-08-16 21:20,0.015254544000000002,止盈,False,False,0.040000000000000036,0.039000000000000035,4,0.3333333333333333,
s=-0.0050|fill,-0.005,fill,PORTAL_USDT_PERP,做空,1787544900000,2026-08-24 12:15,0.01602,0.0159399,0.015302304,0.016736895,1787545500000,2026-08-24 12:25,0.015302304,止盈,False,False,0.040000000000000036,0.039000000000000035,2,0.16666666666666666,
s=-0.0050|fill,-0.005,fill,PORTAL_USDT_PERP,做空,1787721000000,2026-08-26 13:10,0.01896,0.018865200000000002,0.018110592000000002,0.019808460000000003,1787722200000,2026-08-26 13:30,0.019808460000000003,止損,False,False,-0.050000000000000044,-0.051000000000000045,4,0.3333333333333333,
s=-0.0050|fill,-0.005,fill,PORTAL_USDT_PERP,做空,1788444900000,2026-09-03 22:15,0.01665,0.01656675,0.01590408,0.017395087500000003,1788445200000,2026-09-03 22:20,0.01590408,止盈,False,False,0.040000000000000036,0.039000000000000035,1,0.08333333333333333,
s=-0.0050|fill,-0.005,fill,POWR_USDT_PERP,做空,1789258200000,2026-09-13 08:10,0.06576,0.0654312,0.06281395199999999,0.06870276,1789258500000,2026-09-13 08:15,0.06870276,止損,False,False,-0.050000000000000044,-0.051000000000000045,1,0.08333333333333333,
s=-0.0050|fill,-0.005,fill,POWR_USDT_PERP,做空,1789263000000,2026-09-13 09:30,0.0824,0.081988,0.07870848,0.08608740000000001,1789263600000,2026-09-13 09:40,0.07870848,止盈,False,False,0.04000000000000015,0.039000000000000146,2,0.16666666666666666,
s=-0.0050|fill,-0.005,fill,POWR_USDT_PERP,做空,1789267800000,2026-09-13 10:50,0.08243,0.08201785,0.078737136,0.08611874250000001,1789268100000,2026-09-13 10:55,0.078737136,止盈,False,False,0.040000000000000036,0.039000000000000035,1,0.08333333333333333,
s=-0.0050|fill,-0.005,fill,PROMPT_USDT_PERP,做空,1788000900000,2026-08-29 18:55,0.02727,0.02713365,0.026048303999999998,0.0284903325,1788001200000,2026-08-29 19:00,0.026048303999999998,止盈,False,False,0.040000000000000036,0.039000000000000035,1,0.08333333333333333,
s=-0.0050|fill,-0.005,fill,PROS_USDT_PERP,做空,1788927600000,2026-09-09 12:20,0.5005,0.4979974999999999,0.47807759999999994,0.522897375,1788929100000,2026-09-09 12:45,0.522897375,止損,False,False,-0.050000000000000044,-0.051000000000000045,5,0.4166666666666667,
s=-0.0050|fill,-0.005,fill,PTB_USDT_PERP,做空,1788529800000,2026-09-04 21:50,0.000816,0.0008119199999999999,0.0007794432,0.000852516,1788530100000,2026-09-04 21:55,0.0007794432,止盈,False,False,0.039999999999999925,0.038999999999999924,1,0.08333333333333333,
s=-0.0050|fill,-0.005,fill,Q_USDT_PERP,做空,1788496200000,2026-09-04 12:30,0.026302,0.026170489999999998,0.025123670399999996,0.0274790145,1788496800000,2026-09-04 12:40,0.025123670399999996,止盈,False,False,0.040000000000000036,0.039000000000000035,2,0.16666666666666666,
s=-0.0050|fill,-0.005,fill,RATS_USDT_PERP,做空,1787062500000,2026-08-18 22:15,5.136e-05,5.11032e-05,4.9059072e-05,5.3658360000000005e-05,1787063400000,2026-08-18 22:30,5.3658360000000005e-05,止損,False,False,-0.050000000000000044,-0.051000000000000045,3,0.25,
s=-0.0050|fill,-0.005,fill,RAY_USDT_PERP,做空,1788665400000,2026-09-06 11:30,1.109,1.103455,1.0593168,1.1586277500000002,1788666600000,2026-09-06 11:50,1.1586277500000002,止損,False,False,-0.050000000000000044,-0.051000000000000045,4,0.3333333333333333,
s=-0.0050|fill,-0.005,fill,RAY_USDT_PERP,做空,1788670500000,2026-09-06 12:55,1.154,1.1482299999999999,1.1023007999999999,1.2056414999999998,1788676500000,2026-09-06 14:35,1.1023007999999999,止盈,False,False,0.040000000000000036,0.039000000000000035,20,1.6666666666666667,
s=-0.0050|fill,-0.005,fill,REZ_USDT_PERP,做空,1789016700000,2026-09-10 13:05,0.00362,0.0036019,0.003457824,0.0037819950000000002,1789017600000,2026-09-10 13:20,0.0037819950000000002,止損,False,False,-0.050000000000000044,-0.051000000000000045,3,0.25,
s=-0.0050|fill,-0.005,fill,REZ_USDT_PERP,做空,1789287600000,2026-09-13 16:20,0.003949,0.003929255,0.0037720848000000005,0.004125717750000001,1789289400000,2026-09-13 16:50,0.0037720848000000005,止盈,False,False,0.040000000000000036,0.039000000000000035,6,0.5,
s=-0.0050|fill,-0.005,fill,RE_USDT_PERP,做空,1787158200000,2026-08-20 00:50,0.4973,0.4948135,0.47502096,0.519554175,1787166300000,2026-08-20 03:05,0.519554175,止損,False,False,-0.050000000000000044,-0.051000000000000045,27,2.25,
s=-0.0050|fill,-0.005,fill,RE_USDT_PERP,做空,1787363100000,2026-08-22 09:45,0.6057,0.6026715,0.57856464,0.632805075,1787374500000,2026-08-22 12:55,0.57856464,止盈,False,False,0.04000000000000015,0.039000000000000146,38,3.1666666666666665,
s=-0.0050|fill,-0.005,fill,SAGA_USDT_PERP,做空,1789058100000,2026-09-11 00:35,0.01776,0.0176712,0.016964352000000002,0.018554760000000003,1789060200000,2026-09-11 01:10,0.018554760000000003,止損,False,False,-0.050000000000000044,-0.051000000000000045,7,0.5833333333333334,
s=-0.0050|fill,-0.005,fill,SIREN_USDT_PERP,做空,1787970900000,2026-08-29 10:35,0.03355,0.03338225,0.03204696,0.0350513625,1787972700000,2026-08-29 11:05,0.03204696,止盈,False,False,0.040000000000000036,0.039000000000000035,6,0.5,
s=-0.0050|fill,-0.005,fill,SKR_USDT_PERP,做空,1787875800000,2026-08-28 08:10,0.011903,0.011843485,0.0113697456,0.012435659250000002,1787876700000,2026-08-28 08:25,0.012435659250000002,止損,False,False,-0.050000000000000044,-0.051000000000000045,3,0.25,
s=-0.0050|fill,-0.005,fill,SKR_USDT_PERP,做空,1787880600000,2026-08-28 09:30,0.011993,0.011933035,0.011455713599999999,0.01252968675,1787882100000,2026-08-28 09:55,0.01252968675,止損,False,False,-0.050000000000000044,-0.051000000000000045,5,0.4166666666666667,
s=-0.0050|fill,-0.005,fill,SKR_USDT_PERP,做空,1788069000000,2026-08-30 13:50,0.013432,0.01336484,0.012830246399999998,0.014033082,1788071700000,2026-08-30 14:35,0.012830246399999998,止盈,False,False,0.040000000000000036,0.039000000000000035,9,0.75,
s=-0.0050|fill,-0.005,fill,SOLV_USDT_PERP,做空,1788684000000,2026-09-06 16:40,0.00374,0.0037213,0.0035724479999999998,0.003907365,1788685500000,2026-09-06 17:05,0.003907365,止損,False,False,-0.050000000000000044,-0.051000000000000045,5,0.4166666666666667,
s=-0.0050|fill,-0.005,fill,SPK_USDT_PERP,做空,1787292600000,2026-08-21 14:10,0.01886,0.0187657,0.018015072,0.019703985,1787293200000,2026-08-21 14:20,0.018015072,止盈,False,False,0.040000000000000036,0.039000000000000035,2,0.16666666666666666,
s=-0.0050|fill,-0.005,fill,SPORTFUN_USDT_PERP,做空,1786824600000,2026-08-16 04:10,0.02552,0.025392400000000002,0.024376704000000003,0.026662020000000005,1786826100000,2026-08-16 04:35,0.026662020000000005,止損,False,False,-0.050000000000000044,-0.051000000000000045,5,0.4166666666666667,
s=-0.0050|fill,-0.005,fill,SPORTFUN_USDT_PERP,做空,1786829700000,2026-08-16 05:35,0.02981,0.02966095,0.028474511999999997,0.0311439975,1786830300000,2026-08-16 05:45,0.0311439975,止損,False,False,-0.050000000000000044,-0.051000000000000045,2,0.16666666666666666,
s=-0.0050|fill,-0.005,fill,SPORTFUN_USDT_PERP,做空,1786836000000,2026-08-16 07:20,0.03291,0.03274545,0.031435632,0.034382722500000004,1786838100000,2026-08-16 07:55,0.031435632,止盈,False,False,0.04000000000000015,0.039000000000000146,7,0.5833333333333334,
s=-0.0050|fill,-0.005,fill,SQD_USDT_PERP,做空,1787662500000,2026-08-25 20:55,0.03679,0.03660605,0.035141808,0.0384363525,1787664000000,2026-08-25 21:20,0.035141808,止盈,False,False,0.04000000000000015,0.039000000000000146,5,0.4166666666666667,
s=-0.0050|fill,-0.005,fill,SSV_USDT_PERP,做空,1787297100000,2026-08-21 15:25,2.816,2.80192,2.6898432,2.942016,1787298000000,2026-08-21 15:40,2.942016,止損,False,False,-0.050000000000000044,-0.051000000000000045,3,0.25,
s=-0.0050|fill,-0.005,fill,SSV_USDT_PERP,做空,1787301600000,2026-08-21 16:40,2.839,2.824805,2.7118127999999997,2.96604525,1787313600000,2026-08-21 20:00,2.96604525,止損,False,False,-0.050000000000000044,-0.051000000000000045,40,3.3333333333333335,
s=-0.0050|fill,-0.005,fill,STABLE_USDT_PERP,做空,1787265000000,2026-08-21 06:30,0.03199,0.03183005,0.030556847999999998,0.0334215525,1787351100000,2026-08-22 06:25,0.0334215525,止損,False,False,-0.050000000000000044,-0.051000000000000045,287,23.916666666666668,
s=-0.0050|fill,-0.005,fill,STAR_USDT_PERP,做空,1786962600000,2026-08-17 18:30,0.12102,0.1204149,0.115598304,0.126435645,1786969800000,2026-08-17 20:30,0.126435645,止損,False,False,-0.050000000000000044,-0.051000000000000045,24,2.0,
s=-0.0050|fill,-0.005,fill,STAR_USDT_PERP,做空,1787113200000,2026-08-19 12:20,0.13046,0.1298077,0.12461539199999999,0.136298085,1787117400000,2026-08-19 13:30,0.136298085,止損,False,False,-0.050000000000000044,-0.051000000000000045,14,1.1666666666666667,
s=-0.0050|fill,-0.005,fill,STAR_USDT_PERP,做空,1787316900000,2026-08-21 20:55,0.16075,0.15994625,0.1535484,0.16794356250000003,1787317200000,2026-08-21 21:00,0.1535484,止盈,False,False,0.040000000000000036,0.039000000000000035,1,0.08333333333333333,
s=-0.0050|fill,-0.005,fill,STAR_USDT_PERP,做空,1787565300000,2026-08-24 17:55,0.14315,0.14243425,0.13673688,0.14955596250000003,1787573400000,2026-08-24 20:10,0.13673688,止盈,False,False,0.040000000000000036,0.039000000000000035,27,2.25,
s=-0.0050|fill,-0.005,fill,SUPER_USDT_PERP,做空,1787577300000,2026-08-24 21:15,0.1293,0.1286535,0.12350736,0.135086175,1787577900000,2026-08-24 21:25,0.12350736,止盈,False,False,0.040000000000000036,0.039000000000000035,2,0.16666666666666666,
s=-0.0050|fill,-0.005,fill,SUSHI_USDT_PERP,做空,1788630000000,2026-09-06 01:40,0.2401,0.23889950000000001,0.22934352,0.250844475,1788631200000,2026-09-06 02:00,0.250844475,止損,False,False,-0.050000000000000044,-0.051000000000000045,4,0.3333333333333333,
s=-0.0050|fill,-0.005,fill,SUSHI_USDT_PERP,做空,1788636300000,2026-09-06 03:25,0.2775,0.27611250000000004,0.265068,0.289918125,1788637200000,2026-09-06 03:40,0.265068,止盈,False,False,0.040000000000000036,0.039000000000000035,3,0.25,
s=-0.0050|fill,-0.005,fill,TAC_USDT_PERP,做空,1787438100000,2026-08-23 06:35,0.001749,0.0017402549999999998,0.0016706447999999998,0.0018272677499999999,1787439000000,2026-08-23 06:50,0.0016706447999999998,止盈,False,False,0.040000000000000036,0.039000000000000035,3,0.25,
s=-0.0050|fill,-0.005,fill,TA_USDT_PERP,做空,1789214400000,2026-09-12 20:00,0.06008,0.0597796,0.057388416,0.06276858,1789222800000,2026-09-12 22:20,0.06276858,止損,False,False,-0.050000000000000044,-0.051000000000000045,28,2.3333333333333335,
s=-0.0050|fill,-0.005,fill,TLM_USDT_PERP,做空,1787670300000,2026-08-25 23:05,0.001672,0.00166364,0.0015970944,0.001746822,1787674200000,2026-08-26 00:10,0.0015970944,止盈,False,False,0.040000000000000036,0.039000000000000035,13,1.0833333333333333,
s=-0.0050|fill,-0.005,fill,TNSR_USDT_PERP,做空,1788096000000,2026-08-30 21:20,0.04212,0.0419094,0.040233024,0.04400487,1788097500000,2026-08-30 21:45,0.04400487,止損,False,False,-0.050000000000000044,-0.051000000000000045,5,0.4166666666666667,
s=-0.0050|fill,-0.005,fill,TRADOOR_USDT_PERP,做空,1788592200000,2026-09-05 15:10,0.7411,0.7373945,0.70789872,0.774264225,1788592500000,2026-09-05 15:15,0.774264225,止損,True,False,-0.050000000000000044,-0.051000000000000045,1,0.08333333333333333,同一根同時觸發→保守計止損
s=-0.0050|fill,-0.005,fill,TRB_USDT_PERP,做空,1787365800000,2026-08-22 10:30,21.825,21.715875,20.84724,22.80166875,1787366100000,2026-08-22 10:35,22.80166875,止損,False,False,-0.050000000000000044,-0.051000000000000045,1,0.08333333333333333,
s=-0.0050|fill,-0.005,fill,TREE_USDT_PERP,做空,1787150100000,2026-08-19 22:35,0.04051,0.040307449999999995,0.038695152,0.042322822499999996,1787152500000,2026-08-19 23:15,0.042322822499999996,止損,False,False,-0.050000000000000044,-0.051000000000000045,8,0.6666666666666666,
s=-0.0050|fill,-0.005,fill,TREE_USDT_PERP,做空,1787156100000,2026-08-20 00:15,0.04573,0.04550135,0.043681296,0.04777641750000001,1787157300000,2026-08-20 00:35,0.043681296,止盈,False,False,0.040000000000000036,0.039000000000000035,4,0.3333333333333333,
s=-0.0050|fill,-0.005,fill,TREE_USDT_PERP,做空,1789172400000,2026-09-12 08:20,0.04535,0.045123250000000004,0.04331832,0.0473794125,1789172700000,2026-09-12 08:25,0.04331832,止盈,False,False,0.040000000000000036,0.039000000000000035,1,0.08333333333333333,
s=-0.0050|fill,-0.005,fill,TRIA_USDT_PERP,做空,1788495300000,2026-09-04 12:15,0.0049,0.0048755,0.00468048,0.0051192749999999995,1788495600000,2026-09-04 12:20,0.00468048,止盈,False,False,0.039999999999999925,0.038999999999999924,1,0.08333333333333333,
s=-0.0050|fill,-0.005,fill,TRIA_USDT_PERP,做空,1788503700000,2026-09-04 14:35,0.00525,0.00522375,0.0050148,0.0054849375,1788506400000,2026-09-04 15:20,0.0050148,止盈,False,False,0.040000000000000036,0.039000000000000035,9,0.75,
s=-0.0050|fill,-0.005,fill,TRUMP_USDT_PERP,做空,1787175000000,2026-08-20 05:30,1.707,1.6984650000000001,1.6305264000000002,1.7833882500000002,1787181300000,2026-08-20 07:15,1.7833882500000002,止損,False,False,-0.050000000000000044,-0.051000000000000045,21,1.75,
s=-0.0050|fill,-0.005,fill,US_USDT_PERP,做空,1787325300000,2026-08-21 23:15,0.01978,0.0196811,0.018893856,0.020665155,1787325600000,2026-08-21 23:20,0.020665155,止損,False,False,-0.050000000000000044,-0.051000000000000045,1,0.08333333333333333,
s=-0.0050|fill,-0.005,fill,US_USDT_PERP,做空,1787329500000,2026-08-22 00:25,0.02225,0.02213875,0.021253199999999996,0.0232456875,1787330100000,2026-08-22 00:35,0.0232456875,止損,False,False,-0.050000000000000044,-0.051000000000000045,2,0.16666666666666666,
s=-0.0050|fill,-0.005,fill,WAL_USDT_PERP,做空,1786788900000,2026-08-15 18:15,0.0272,0.027063999999999998,0.025981439999999998,0.0284172,1786791000000,2026-08-15 18:50,0.025981439999999998,止盈,False,False,0.040000000000000036,0.039000000000000035,7,0.5833333333333334,
s=-0.0050|fill,-0.005,fill,XPIN_USDT_PERP,做空,1786950300000,2026-08-17 15:05,0.001551,0.0015432450000000002,0.0014815152000000002,0.0016204072500000002,1786951200000,2026-08-17 15:20,0.0014815152000000002,止盈,False,False,0.040000000000000036,0.039000000000000035,3,0.25,
s=-0.0050|fill,-0.005,fill,XPIN_USDT_PERP,做空,1787291700000,2026-08-21 13:55,0.001328,0.00132136,0.0012685055999999998,0.001387428,1787294700000,2026-08-21 14:45,0.0012685055999999998,止盈,False,False,0.040000000000000036,0.039000000000000035,10,0.8333333333333334,
s=-0.0050|fill,-0.005,fill,XPIN_USDT_PERP,做空,1789367400000,2026-09-14 14:30,0.000886,0.0008815699999999999,0.0008463071999999999,0.0009256485,1789367700000,2026-09-14 14:35,0.0009256485,止損,False,False,-0.050000000000000044,-0.051000000000000045,1,0.08333333333333333,
s=-0.0050|fill,-0.005,fill,XVG_USDT_PERP,做空,1787370900000,2026-08-22 11:55,0.002919,0.002904405,0.0027882288,0.00304962525,1787371800000,2026-08-22 12:10,0.0027882288,止盈,False,False,0.040000000000000036,0.039000000000000035,3,0.25,
s=-0.0050|fill,-0.005,fill,ZEST_USDT_PERP,做空,1787740800000,2026-08-26 18:40,0.16483,0.16400585,0.157445616,0.17220614250000002,1787743500000,2026-08-26 19:25,0.157445616,止盈,False,False,0.040000000000000036,0.039000000000000035,9,0.75,
s=-0.0050|fill,-0.005,fill,ZEST_USDT_PERP,做空,1788426900000,2026-09-03 17:15,0.15617,0.15538915,0.149173584,0.1631586075,1788427200000,2026-09-03 17:20,0.1631586075,止損,True,False,-0.050000000000000044,-0.051000000000000045,1,0.08333333333333333,同一根同時觸發→保守計止損
s=-0.0050|fill,-0.005,fill,ZEST_USDT_PERP,做空,1788433500000,2026-09-03 19:05,0.14801,0.14726995,0.141379152,0.15463344750000002,1788454200000,2026-09-04 00:50,0.15463344750000002,止損,False,False,-0.050000000000000044,-0.051000000000000045,69,5.75,
s=-0.0050|fill,-0.005,fill,ZKC_USDT_PERP,做空,1788061500000,2026-08-30 11:45,0.049,0.048755,0.0468048,0.05119275,1788062100000,2026-08-30 11:55,0.0468048,止盈,False,False,0.040000000000000036,0.039000000000000035,2,0.16666666666666666,
s=-0.0050|fill,-0.005,fill,ZKC_USDT_PERP,做空,1788076200000,2026-08-30 15:50,0.0528,0.052536,0.050434559999999996,0.055162800000000005,1788081600000,2026-08-30 17:20,0.055162800000000005,止損,False,False,-0.050000000000000044,-0.051000000000000045,18,1.5,
s=-0.0050|fill,-0.005,fill,ZKP_USDT_PERP,做空,1788017400000,2026-08-29 23:30,0.05268,0.0524166,0.050319935999999996,0.055037430000000005,1788018000000,2026-08-29 23:40,0.050319935999999996,止盈,False,False,0.04000000000000015,0.039000000000000146,2,0.16666666666666666,
s=-0.0050|fill,-0.005,fill,ZORA_USDT_PERP,做空,1787316300000,2026-08-21 20:45,0.00687,0.00683565,0.006562224,0.007177432500000001,1787317200000,2026-08-21 21:00,0.007177432500000001,止損,False,False,-0.050000000000000044,-0.051000000000000045,3,0.25,
s=-0.0050|fill,-0.005,fill,ZORA_USDT_PERP,做空,1787321100000,2026-08-21 22:05,0.00706,0.0070247,0.006743712,0.007375935,1787323800000,2026-08-21 22:50,0.006743712,止盈,False,False,0.040000000000000036,0.039000000000000035,9,0.75,
s=-0.0050|fill,-0.005,fill,ZORA_USDT_PERP,做空,1788124200000,2026-08-31 05:10,0.00815,0.008109249999999998,0.007784879999999998,0.008514712499999999,1788124800000,2026-08-31 05:20,0.008514712499999999,止損,False,False,-0.050000000000000044,-0.051000000000000045,2,0.16666666666666666,
s=-0.0050|fill,-0.005,fill,ZRO_USDT_PERP,做空,1787665200000,2026-08-25 21:40,1.2411,1.2348945,1.18549872,1.296639225,1787665800000,2026-08-25 21:50,1.18549872,止盈,False,False,0.040000000000000036,0.039000000000000035,2,0.16666666666666666,
s=-0.0050|fill,-0.005,fill,ZRO_USDT_PERP,做空,1787669700000,2026-08-25 22:55,1.2125,1.2064374999999998,1.1581799999999998,1.266759375,1787673000000,2026-08-25 23:50,1.266759375,止損,False,False,-0.050000000000000044,-0.051000000000000045,11,0.9166666666666666,
s=-0.0050|fill,-0.005,fill,哈基米_USDT_PERP,做空,1789068300000,2026-09-11 03:25,0.03622,0.0360389,0.034597343999999995,0.037840845,1789069500000,2026-09-11 03:45,0.037840845,止損,False,False,-0.050000000000000044,-0.051000000000000045,4,0.3333333333333333,
s=-0.0050|fill,-0.005,fill,哈基米_USDT_PERP,做空,1789098300000,2026-09-11 11:45,0.0411,0.0408945,0.03925872,0.042939225000000004,1789099500000,2026-09-11 12:05,0.03925872,止盈,False,False,0.040000000000000036,0.039000000000000035,4,0.3333333333333333,
s=-0.0050|fill,-0.005,fill,哈基米_USDT_PERP,做空,1789103100000,2026-09-11 13:05,0.04118,0.0409741,0.039335136,0.043022805000000004,1789103700000,2026-09-11 13:15,0.039335136,止盈,False,False,0.040000000000000036,0.039000000000000035,2,0.16666666666666666,
s=-0.0050|fill,-0.005,fill,我踏马来了_USDT_PERP,做空,1788010200000,2026-08-29 21:30,0.014341,0.014269295,0.0136985232,0.01498275975,1788010500000,2026-08-29 21:35,0.0136985232,止盈,False,False,0.040000000000000036,0.039000000000000035,1,0.08333333333333333,
s=-0.0050|fill,-0.005,fill,我踏马来了_USDT_PERP,做空,1789083600000,2026-09-11 07:40,0.012087,0.012026565000000001,0.011545502400000001,0.012627893250000001,1789094100000,2026-09-11 10:35,0.012627893250000001,止損,False,False,-0.050000000000000044,-0.051000000000000045,35,2.9166666666666665,
s=-0.0050|fill,-0.005,fill,我踏马来了_USDT_PERP,做空,1789190100000,2026-09-12 13:15,0.015,0.014924999999999999,0.014327999999999999,0.01567125,1789190400000,2026-09-12 13:20,0.014327999999999999,止盈,False,False,0.040000000000000036,0.039000000000000035,1,0.08333333333333333,
s=-0.0075|signal,-0.0075,signal,0G_USDT_PERP,做空,1788174300000,2026-08-31 19:05,0.2285,0.22678625000000002,0.21936,0.23992500000000003,1788177900000,2026-08-31 20:05,0.21936,止盈,False,False,0.032745591939546737,0.031745591939546736,12,1.0,
s=-0.0075|signal,-0.0075,signal,4_USDT_PERP,做空,1787999100000,2026-08-29 18:25,0.01703,0.016902275,0.0163488,0.0178815,1788000600000,2026-08-29 18:50,0.0163488,止盈,False,False,0.032745591939546626,0.031745591939546625,5,0.4166666666666667,
s=-0.0075|signal,-0.0075,signal,4_USDT_PERP,做空,1788539700000,2026-09-05 00:35,0.01808,0.0179444,0.0173568,0.018984,1788540300000,2026-09-05 00:45,0.018984,止損,False,False,-0.057934508816120944,-0.058934508816120945,2,0.16666666666666666,
s=-0.0075|signal,-0.0075,signal,4_USDT_PERP,做空,1788544500000,2026-09-05 01:55,0.02088,0.0207234,0.020044799999999998,0.021924,1788545700000,2026-09-05 02:15,0.021924,止損,False,False,-0.057934508816120944,-0.058934508816120945,4,0.3333333333333333,
s=-0.0075|signal,-0.0075,signal,4_USDT_PERP,做空,1788549300000,2026-09-05 03:15,0.02226,0.02209305,0.0213696,0.023372999999999998,1788550200000,2026-09-05 03:30,0.0213696,止盈,False,False,0.032745591939546626,0.031745591939546625,3,0.25,
s=-0.0075|signal,-0.0075,signal,4_USDT_PERP,做空,1788777900000,2026-09-07 18:45,0.02664,0.0264402,0.0255744,0.027972,1788779100000,2026-09-07 19:05,0.0255744,止盈,False,False,0.032745591939546626,0.031745591939546625,4,0.3333333333333333,
s=-0.0075|signal,-0.0075,signal,ACE_USDT_PERP,做空,1788265800000,2026-09-01 20:30,0.18806,0.18664955000000003,0.1805376,0.19746300000000003,1788266700000,2026-09-01 20:45,0.1805376,止盈,False,False,0.032745591939546737,0.031745591939546736,3,0.25,
s=-0.0075|signal,-0.0075,signal,AGT_USDT_PERP,做空,1788193800000,2026-09-01 00:30,0.017237,0.0171077225,0.01654752,0.01809885,1788194100000,2026-09-01 00:35,0.01654752,止盈,False,False,0.032745591939546514,0.031745591939546514,1,0.08333333333333333,
s=-0.0075|signal,-0.0075,signal,AGT_USDT_PERP,做空,1788198600000,2026-09-01 01:50,0.017307,0.0171771975,0.01661472,0.01817235,1788212100000,2026-09-01 05:35,0.01661472,止盈,False,False,0.032745591939546737,0.031745591939546736,45,3.75,
s=-0.0075|signal,-0.0075,signal,AGT_USDT_PERP,做空,1788236400000,2026-09-01 12:20,0.018968,0.01882574,0.018209279999999998,0.0199164,1788236700000,2026-09-01 12:25,0.018209279999999998,止盈,False,False,0.032745591939546737,0.031745591939546736,1,0.08333333333333333,
s=-0.0075|signal,-0.0075,signal,AIN_USDT_PERP,做空,1789365000000,2026-09-14 13:50,0.10972,0.1088971,0.1053312,0.115206,1789365600000,2026-09-14 14:00,0.1053312,止盈,False,False,0.032745591939546626,0.031745591939546625,2,0.16666666666666666,
s=-0.0075|signal,-0.0075,signal,AIN_USDT_PERP,做空,1789369200000,2026-09-14 15:00,0.10454,0.10375595,0.10035839999999999,0.109767,1789371000000,2026-09-14 15:30,0.10035839999999999,止盈,False,False,0.032745591939546737,0.031745591939546736,6,0.5,
s=-0.0075|signal,-0.0075,signal,ALCH_USDT_PERP,做空,1787734500000,2026-08-26 16:55,0.03262,0.032375350000000004,0.0313152,0.034251000000000004,1787734800000,2026-08-26 17:00,0.0313152,止盈,False,False,0.032745591939546626,0.031745591939546625,1,0.08333333333333333,
s=-0.0075|signal,-0.0075,signal,ANIME_USDT_PERP,做空,1789024500000,2026-09-10 15:15,0.003552,0.0035253600000000004,0.00340992,0.0037296,1789025400000,2026-09-10 15:30,0.00340992,止盈,False,False,0.032745591939546737,0.031745591939546736,3,0.25,
s=-0.0075|signal,-0.0075,signal,APR_USDT_PERP,做空,1787060700000,2026-08-18 21:45,0.2187,0.21705975000000002,0.209952,0.229635,1787061300000,2026-08-18 21:55,0.209952,止盈,False,False,0.032745591939546737,0.031745591939546736,2,0.16666666666666666,
s=-0.0075|signal,-0.0075,signal,APR_USDT_PERP,做空,1788454200000,2026-09-04 00:50,0.269,0.2669825,0.25824,0.28245000000000003,1788454500000,2026-09-04 00:55,0.25824,止盈,False,False,0.032745591939546514,0.031745591939546514,1,0.08333333333333333,
s=-0.0075|signal,-0.0075,signal,APR_USDT_PERP,做空,1788463200000,2026-09-04 03:20,0.2691,0.26708175,0.258336,0.282555,1788464100000,2026-09-04 03:35,0.282555,止損,False,False,-0.057934508816120944,-0.058934508816120945,3,0.25,
s=-0.0075|signal,-0.0075,signal,APR_USDT_PERP,做空,1788468300000,2026-09-04 04:45,0.27595,0.273880375,0.264912,0.2897475,1788475200000,2026-09-04 06:40,0.264912,止盈,False,False,0.032745591939546737,0.031745591939546736,23,1.9166666666666667,
s=-0.0075|signal,-0.0075,signal,ASTR_USDT_PERP,做空,1789434300000,2026-09-15 09:05,0.006865,0.0068135125,0.0065904,0.00720825,1789434600000,2026-09-15 09:10,0.00720825,止損,False,False,-0.057934508816120944,-0.058934508816120945,1,0.08333333333333333,
s=-0.0075|signal,-0.0075,signal,ASTR_USDT_PERP,做空,1789438800000,2026-09-15 10:20,0.007216,0.007161880000000001,0.00692736,0.007576800000000001,1789439100000,2026-09-15 10:25,0.007576800000000001,止損,False,False,-0.057934508816120944,-0.058934508816120945,1,0.08333333333333333,
s=-0.0075|signal,-0.0075,signal,AXL_USDT_PERP,做空,1789452900000,2026-09-15 14:15,0.0529,0.05250325000000001,0.050784,0.055545000000000004,1789453500000,2026-09-15 14:25,0.050784,止盈,False,False,0.032745591939546737,0.031745591939546736,2,0.16666666666666666,
s=-0.0075|signal,-0.0075,signal,BAND_USDT_PERP,做空,1788025200000,2026-08-30 01:40,0.201,0.19949250000000002,0.19296,0.21105000000000002,1788028500000,2026-08-30 02:35,0.19296,止盈,False,False,0.032745591939546737,0.031745591939546736,11,0.9166666666666666,
s=-0.0075|signal,-0.0075,signal,BAS_USDT_PERP,做空,1787743500000,2026-08-26 19:25,0.026397,0.026199022500000002,0.025341119999999998,0.02771685,1787753700000,2026-08-26 22:15,0.025341119999999998,止盈,False,False,0.032745591939546737,0.031745591939546736,34,2.8333333333333335,
s=-0.0075|signal,-0.0075,signal,BAS_USDT_PERP,做空,1787912100000,2026-08-28 18:15,0.032049,0.0318086325,0.03076704,0.03365145,1787912700000,2026-08-28 18:25,0.03076704,止盈,False,False,0.032745591939546737,0.031745591939546736,2,0.16666666666666666,
s=-0.0075|signal,-0.0075,signal,BB_USDT_PERP,做空,1787304300000,2026-08-21 17:25,0.01309,0.012991825,0.012566399999999998,0.0137445,1787304600000,2026-08-21 17:30,0.0137445,止損,False,False,-0.057934508816120944,-0.058934508816120945,1,0.08333333333333333,
s=-0.0075|signal,-0.0075,signal,BEAMX_USDT_PERP,做空,1787821200000,2026-08-27 17:00,0.002139,0.0021229575,0.0020534399999999997,0.00224595,1787822100000,2026-08-27 17:15,0.0020534399999999997,止盈,False,False,0.03274559193954685,0.03174559193954685,3,0.25,
s=-0.0075|signal,-0.0075,signal,BICO_USDT_PERP,做空,1787745600000,2026-08-26 20:00,0.02381,0.023631425,0.0228576,0.025000500000000002,1787745900000,2026-08-26 20:05,0.0228576,止盈,False,False,0.032745591939546737,0.031745591939546736,1,0.08333333333333333,
s=-0.0075|signal,-0.0075,signal,BICO_USDT_PERP,做空,1787757900000,2026-08-26 23:25,0.02631,0.026112675000000002,0.025257599999999998,0.0276255,1787758800000,2026-08-26 23:40,0.025257599999999998,止盈,False,False,0.032745591939546737,0.031745591939546736,3,0.25,
s=-0.0075|signal,-0.0075,signal,BLESS_USDT_PERP,做空,1787321700000,2026-08-21 22:15,0.00862,0.00855535,0.008275199999999998,0.009051,1787322300000,2026-08-21 22:25,0.008275199999999998,止盈,False,False,0.032745591939546737,0.031745591939546736,2,0.16666666666666666,
s=-0.0075|signal,-0.0075,signal,BLUR_USDT_PERP,做空,1789140000000,2026-09-11 23:20,0.02085,0.020693625,0.020016,0.021892500000000002,1789140900000,2026-09-11 23:35,0.020016,止盈,False,False,0.032745591939546626,0.031745591939546625,3,0.25,
s=-0.0075|signal,-0.0075,signal,BR_USDT_PERP,做空,1789358100000,2026-09-14 11:55,0.36686,0.36410855000000003,0.3521856,0.385203,1789358400000,2026-09-14 12:00,0.385203,止損,False,False,-0.057934508816120944,-0.058934508816120945,1,0.08333333333333333,
s=-0.0075|signal,-0.0075,signal,BTR_USDT_PERP,做空,1787553000000,2026-08-24 14:30,0.03322,0.03297085,0.0318912,0.034881,1787553900000,2026-08-24 14:45,0.034881,止損,False,False,-0.057934508816120944,-0.058934508816120945,3,0.25,
s=-0.0075|signal,-0.0075,signal,BTR_USDT_PERP,做空,1787557800000,2026-08-24 15:50,0.03466,0.03440005000000001,0.0332736,0.036393,1787559000000,2026-08-24 16:10,0.036393,止損,False,False,-0.05793450881612072,-0.05893450881612072,4,0.3333333333333333,
s=-0.0075|signal,-0.0075,signal,BTR_USDT_PERP,做空,1787716800000,2026-08-26 12:00,0.04071,0.04040467500000001,0.0390816,0.042745500000000006,1787717100000,2026-08-26 12:05,0.042745500000000006,止損,False,False,-0.057934508816120944,-0.058934508816120945,1,0.08333333333333333,
s=-0.0075|signal,-0.0075,signal,BTW_USDT_PERP,做空,1789302300000,2026-09-13 20:25,0.699394,0.694148545,0.6714182399999999,0.7343637,1789303800000,2026-09-13 20:50,0.6714182399999999,止盈,False,False,0.032745591939546737,0.031745591939546736,5,0.4166666666666667,
s=-0.0075|signal,-0.0075,signal,BULLA_USDT_PERP,做空,1787003400000,2026-08-18 05:50,0.02062,0.02046535,0.0197952,0.021651,1787003700000,2026-08-18 05:55,0.0197952,止盈,False,False,0.032745591939546626,0.031745591939546625,1,0.08333333333333333,
s=-0.0075|signal,-0.0075,signal,B_USDT_PERP,做空,1788589500000,2026-09-05 14:25,0.2168,0.215174,0.20812799999999998,0.22764,1788589800000,2026-09-05 14:30,0.20812799999999998,止盈,False,False,0.032745591939546737,0.031745591939546736,1,0.08333333333333333,
s=-0.0075|signal,-0.0075,signal,B_USDT_PERP,做空,1788593400000,2026-09-05 15:30,0.1992,0.197706,0.19123199999999999,0.20915999999999998,1788601200000,2026-09-05 17:40,0.19123199999999999,止盈,False,False,0.032745591939546626,0.031745591939546625,26,2.1666666666666665,
s=-0.0075|signal,-0.0075,signal,CAP_USDT_PERP,做空,1788492000000,2026-09-04 11:20,0.05311,0.052711675,0.0509856,0.0557655,1788492600000,2026-09-04 11:30,0.0509856,止盈,False,False,0.032745591939546626,0.031745591939546625,2,0.16666666666666666,
s=-0.0075|signal,-0.0075,signal,CAP_USDT_PERP,做空,1788773100000,2026-09-07 17:25,0.04997,0.049595225,0.0479712,0.0524685,1788779100000,2026-09-07 19:05,0.0479712,止盈,False,False,0.032745591939546626,0.031745591939546625,20,1.6666666666666667,
s=-0.0075|signal,-0.0075,signal,CAP_USDT_PERP,做空,1789388700000,2026-09-14 20:25,0.06824,0.0677282,0.0655104,0.071652,1789389000000,2026-09-14 20:30,0.0655104,止盈,False,False,0.032745591939546737,0.031745591939546736,1,0.08333333333333333,
s=-0.0075|signal,-0.0075,signal,CASHCAT_USDT_PERP,做空,1789135500000,2026-09-11 22:05,0.1886,0.1871855,0.181056,0.19803,1789142100000,2026-09-11 23:55,0.181056,止盈,False,False,0.032745591939546626,0.031745591939546625,22,1.8333333333333333,
s=-0.0075|signal,-0.0075,signal,CATI_USDT_PERP,做空,1788447000000,2026-09-03 22:50,0.06712,0.0666166,0.0644352,0.070476,1788453600000,2026-09-04 00:40,0.0644352,止盈,False,False,0.032745591939546626,0.031745591939546625,22,1.8333333333333333,
s=-0.0075|signal,-0.0075,signal,CFG_USDT_PERP,做空,1788751800000,2026-09-07 11:30,0.1336,0.132598,0.12825599999999998,0.14028000000000002,1788753000000,2026-09-07 11:50,0.12825599999999998,止盈,False,False,0.032745591939546737,0.031745591939546736,4,0.3333333333333333,
s=-0.0075|signal,-0.0075,signal,CHIP_USDT_PERP,做空,1788423300000,2026-09-03 16:15,0.05177,0.051381724999999996,0.04969919999999999,0.0543585,1788434400000,2026-09-03 19:20,0.04969919999999999,止盈,False,False,0.032745591939546737,0.031745591939546736,37,3.0833333333333335,
s=-0.0075|signal,-0.0075,signal,CLO_USDT_PERP,做空,1787046900000,2026-08-18 17:55,0.1373,0.13627025,0.131808,0.14416500000000002,1787054100000,2026-08-18 19:55,0.14416500000000002,止損,False,False,-0.057934508816120944,-0.058934508816120945,24,2.0,
s=-0.0075|signal,-0.0075,signal,CLO_USDT_PERP,做空,1787970000000,2026-08-29 10:20,0.1143,0.11344275000000001,0.10972799999999999,0.12001500000000001,1787972400000,2026-08-29 11:00,0.12001500000000001,止損,False,False,-0.057934508816120944,-0.058934508816120945,8,0.6666666666666666,
s=-0.0075|signal,-0.0075,signal,CLO_USDT_PERP,做空,1788320100000,2026-09-02 11:35,0.1616,0.160388,0.155136,0.16968,1788322800000,2026-09-02 12:20,0.16968,止損,False,False,-0.057934508816120944,-0.058934508816120945,9,0.75,
s=-0.0075|signal,-0.0075,signal,COLLECT_USDT_PERP,做空,1787230800000,2026-08-20 21:00,0.05943,0.058984275,0.057052799999999994,0.0624015,1787232300000,2026-08-20 21:25,0.0624015,止損,False,False,-0.057934508816120944,-0.058934508816120945,5,0.4166666666666667,
s=-0.0075|signal,-0.0075,signal,COLLECT_USDT_PERP,做空,1788603000000,2026-09-05 18:10,0.09433,0.093622525,0.09055679999999999,0.0990465,1788603300000,2026-09-05 18:15,0.09055679999999999,止盈,False,False,0.032745591939546626,0.031745591939546625,1,0.08333333333333333,
s=-0.0075|signal,-0.0075,signal,COTI_USDT_PERP,做空,1787342100000,2026-08-22 03:55,0.01225,0.012158125,0.01176,0.0128625,1787343000000,2026-08-22 04:10,0.0128625,止損,False,False,-0.057934508816120944,-0.058934508816120945,3,0.25,
s=-0.0075|signal,-0.0075,signal,COTI_USDT_PERP,做空,1788690600000,2026-09-06 18:30,0.01845,0.018311625,0.017712000000000002,0.0193725,1788694200000,2026-09-06 19:30,0.017712000000000002,止盈,False,False,0.032745591939546514,0.031745591939546514,12,1.0,
s=-0.0075|signal,-0.0075,signal,CROSS_USDT_PERP,做空,1786845000000,2026-08-16 09:50,0.10204,0.10127470000000001,0.0979584,0.10714200000000002,1786851900000,2026-08-16 11:45,0.10714200000000002,止損,False,False,-0.057934508816120944,-0.058934508816120945,23,1.9166666666666667,
s=-0.0075|signal,-0.0075,signal,CTR_USDT_PERP,做空,1789280700000,2026-09-13 14:25,0.01166,0.011572550000000001,0.0111936,0.012243,1789281000000,2026-09-13 14:30,0.0111936,止盈,False,False,0.032745591939546737,0.031745591939546736,1,0.08333333333333333,
s=-0.0075|signal,-0.0075,signal,CTR_USDT_PERP,做空,1789453200000,2026-09-15 14:20,0.01231,0.012217675,0.0118176,0.0129255,1789454400000,2026-09-15 14:40,0.0118176,止盈,False,False,0.032745591939546737,0.031745591939546736,4,0.3333333333333333,
s=-0.0075|signal,-0.0075,signal,CYS_USDT_PERP,做空,1789168500000,2026-09-12 07:15,0.1593,0.15810525,0.15292799999999998,0.167265,1789170000000,2026-09-12 07:40,0.15292799999999998,止盈,False,False,0.032745591939546737,0.031745591939546736,5,0.4166666666666667,
s=-0.0075|signal,-0.0075,signal,DASH_USDT_PERP,做空,1787367600000,2026-08-22 11:00,46.84,46.48870000000001,44.9664,49.182,1787370900000,2026-08-22 11:55,44.9664,止盈,False,False,0.032745591939546737,0.031745591939546736,11,0.9166666666666666,
s=-0.0075|signal,-0.0075,signal,DOGS_USDT_PERP,做空,1788200100000,2026-09-01 02:15,4.62e-05,4.58535e-05,4.4352e-05,4.851e-05,1788207600000,2026-09-01 04:20,4.4352e-05,止盈,False,False,0.032745591939546626,0.031745591939546625,25,2.0833333333333335,
s=-0.0075|signal,-0.0075,signal,EDEN_USDT_PERP,做空,1786982100000,2026-08-17 23:55,0.05434,0.05393245,0.052166399999999995,0.057057000000000004,1786982700000,2026-08-18 00:05,0.052166399999999995,止盈,False,False,0.032745591939546737,0.031745591939546736,2,0.16666666666666666,
s=-0.0075|signal,-0.0075,signal,EDGE_USDT_PERP,做空,1787213100000,2026-08-20 16:05,0.364,0.36127000000000004,0.34944,0.3822,1787219700000,2026-08-20 17:55,0.34944,止盈,False,False,0.032745591939546737,0.031745591939546736,22,1.8333333333333333,
s=-0.0075|signal,-0.0075,signal,ELSA_USDT_PERP,做空,1788569700000,2026-09-05 08:55,0.05706,0.05663205,0.054777599999999996,0.059913,1788571800000,2026-09-05 09:30,0.054777599999999996,止盈,False,False,0.032745591939546737,0.031745591939546736,7,0.5833333333333334,
s=-0.0075|signal,-0.0075,signal,FF_USDT_PERP,做空,1788270000000,2026-09-01 21:40,0.09488,0.09416840000000001,0.09108480000000001,0.099624,1788270600000,2026-09-01 21:50,0.099624,止損,False,False,-0.05793450881612072,-0.05893450881612072,2,0.16666666666666666,
s=-0.0075|signal,-0.0075,signal,FF_USDT_PERP,做空,1788274200000,2026-09-01 22:50,0.10179,0.10102657500000001,0.0977184,0.10687950000000002,1788275700000,2026-09-01 23:15,0.0977184,止盈,False,False,0.032745591939546737,0.031745591939546736,5,0.4166666666666667,
s=-0.0075|signal,-0.0075,signal,FF_USDT_PERP,做空,1789447800000,2026-09-15 12:50,0.15524,0.1540757,0.14903039999999998,0.163002,1789448100000,2026-09-15 12:55,0.14903039999999998,止盈,False,False,0.03274559193954685,0.03174559193954685,1,0.08333333333333333,
s=-0.0075|signal,-0.0075,signal,FHE_USDT_PERP,做空,1786983300000,2026-08-18 00:15,0.03218,0.03193865,0.030892799999999998,0.033789,1786983600000,2026-08-18 00:20,0.030892799999999998,止盈,False,False,0.032745591939546626,0.031745591939546625,1,0.08333333333333333,
s=-0.0075|signal,-0.0075,signal,FLUID_USDT_PERP,做空,1787715900000,2026-08-26 11:45,1.535,1.5234875,1.4735999999999998,1.61175,1787719200000,2026-08-26 12:40,1.61175,止損,False,False,-0.057934508816120944,-0.058934508816120945,11,0.9166666666666666,
s=-0.0075|signal,-0.0075,signal,GPS_USDT_PERP,做空,1786941600000,2026-08-17 12:40,0.014967,0.0148547475,0.014368319999999999,0.01571535,1786942800000,2026-08-17 13:00,0.014368319999999999,止盈,False,False,0.032745591939546626,0.031745591939546625,4,0.3333333333333333,
s=-0.0075|signal,-0.0075,signal,GRIFFAIN_USDT_PERP,做空,1789197900000,2026-09-12 15:25,0.01287,0.012773475,0.012355199999999998,0.0135135,1789201500000,2026-09-12 16:25,0.0135135,止損,False,False,-0.057934508816120944,-0.058934508816120945,12,1.0,
s=-0.0075|signal,-0.0075,signal,GWEI_USDT_PERP,做空,1787277300000,2026-08-21 09:55,0.02519,0.025001075,0.0241824,0.0264495,1787278500000,2026-08-21 10:15,0.0264495,止損,False,False,-0.057934508816120944,-0.058934508816120945,4,0.3333333333333333,
s=-0.0075|signal,-0.0075,signal,HAEDAL_USDT_PERP,做空,1788856200000,2026-09-08 16:30,0.02249,0.022321325,0.0215904,0.0236145,1788859800000,2026-09-08 17:30,0.0215904,止盈,False,False,0.032745591939546626,0.031745591939546625,12,1.0,
s=-0.0075|signal,-0.0075,signal,HANA_USDT_PERP,做空,1787647500000,2026-08-25 16:45,0.02054,0.02038595,0.019718399999999997,0.021567,1787650200000,2026-08-25 17:30,0.021567,止損,False,False,-0.057934508816120944,-0.058934508816120945,9,0.75,
s=-0.0075|signal,-0.0075,signal,HEMI_USDT_PERP,做空,1787831400000,2026-08-27 19:50,0.00913,0.009061524999999999,0.0087648,0.0095865,1787832300000,2026-08-27 20:05,0.0087648,止盈,False,False,0.032745591939546514,0.031745591939546514,3,0.25,
s=-0.0075|signal,-0.0075,signal,HEMI_USDT_PERP,做空,1787858400000,2026-08-28 03:20,0.01009,0.010014325000000001,0.0096864,0.0105945,1787864100000,2026-08-28 04:55,0.0096864,止盈,False,False,0.032745591939546737,0.031745591939546736,19,1.5833333333333333,
s=-0.0075|signal,-0.0075,signal,HEMI_USDT_PERP,做空,1789403400000,2026-09-15 00:30,0.00705,0.006997125,0.006768,0.0074025,1789403700000,2026-09-15 00:35,0.006768,止盈,False,False,0.032745591939546626,0.031745591939546625,1,0.08333333333333333,
s=-0.0075|signal,-0.0075,signal,IDOL_USDT_PERP,做空,1789473300000,2026-09-15 19:55,0.01197,0.011880225,0.0114912,0.0125685,1789473900000,2026-09-15 20:05,0.0114912,止盈,False,False,0.032745591939546514,0.031745591939546514,2,0.16666666666666666,
s=-0.0075|signal,-0.0075,signal,IDOL_USDT_PERP,做空,1789478400000,2026-09-15 21:20,0.0114,0.011314500000000002,0.010944,0.011970000000000001,1789479000000,2026-09-15 21:30,0.010944,止盈,False,False,0.032745591939546737,0.031745591939546736,2,0.16666666666666666,
s=-0.0075|signal,-0.0075,signal,IOST_USDT_PERP,做空,1788763500000,2026-09-07 14:45,0.000892,0.00088531,0.0008563199999999999,0.0009366,1788764100000,2026-09-07 14:55,0.0008563199999999999,止盈,False,False,0.032745591939546737,0.031745591939546736,2,0.16666666666666666,
s=-0.0075|signal,-0.0075,signal,KAT_USDT_PERP,做空,1788925200000,2026-09-09 11:40,0.006139,0.006092957500000001,0.00589344,0.006445950000000001,1788926700000,2026-09-09 12:05,0.00589344,止盈,False,False,0.03274559193954685,0.03174559193954685,5,0.4166666666666667,
s=-0.0075|signal,-0.0075,signal,KERNEL_USDT_PERP,做空,1787824800000,2026-08-27 18:00,0.04664,0.046290200000000004,0.0447744,0.048972,1787825100000,2026-08-27 18:05,0.0447744,止盈,False,False,0.032745591939546737,0.031745591939546736,1,0.08333333333333333,
s=-0.0075|signal,-0.0075,signal,LAB_USDT_PERP,做空,1789122000000,2026-09-11 18:20,0.05873,0.058289525,0.056380799999999995,0.0616665,1789123500000,2026-09-11 18:45,0.0616665,止損,False,False,-0.057934508816120944,-0.058934508816120945,5,0.4166666666666667,
s=-0.0075|signal,-0.0075,signal,LAYER_USDT_PERP,做空,1788710400000,2026-09-07 00:00,0.0881,0.08743925,0.084576,0.092505,1788711300000,2026-09-07 00:15,0.084576,止盈,False,False,0.032745591939546626,0.031745591939546625,3,0.25,
s=-0.0075|signal,-0.0075,signal,LA_USDT_PERP,做空,1788312300000,2026-09-02 09:25,0.06491,0.064423175,0.0623136,0.0681555,1788319200000,2026-09-02 11:20,0.0623136,止盈,False,False,0.032745591939546626,0.031745591939546625,23,1.9166666666666667,
s=-0.0075|signal,-0.0075,signal,LIGHT_USDT_PERP,做空,1787730600000,2026-08-26 15:50,0.1766,0.17527550000000003,0.169536,0.18543,1787736300000,2026-08-26 17:25,0.169536,止盈,False,False,0.03274559193954685,0.03174559193954685,19,1.5833333333333333,
s=-0.0075|signal,-0.0075,signal,LIGHT_USDT_PERP,做空,1787909400000,2026-08-28 17:30,0.2318,0.23006150000000003,0.222528,0.24339000000000002,1787911500000,2026-08-28 18:05,0.222528,止盈,False,False,0.032745591939546737,0.031745591939546736,7,0.5833333333333334,
s=-0.0075|signal,-0.0075,signal,LSK_USDT_PERP,做空,1787754600000,2026-08-26 22:30,0.112,0.11116000000000001,0.10752,0.11760000000000001,1787755200000,2026-08-26 22:40,0.10752,止盈,False,False,0.032745591939546626,0.031745591939546625,2,0.16666666666666666,
s=-0.0075|signal,-0.0075,signal,LUNA2_USDT_PERP,做空,1788782700000,2026-09-07 20:05,0.05437,0.053962225,0.0521952,0.05708850000000001,1788784500000,2026-09-07 20:35,0.0521952,止盈,False,False,0.032745591939546737,0.031745591939546736,6,0.5,
s=-0.0075|signal,-0.0075,signal,MAGMA_USDT_PERP,做空,1787344200000,2026-08-22 04:30,0.32043,0.318026775,0.30761279999999996,0.3364515,1787347800000,2026-08-22 05:30,0.30761279999999996,止盈,False,False,0.032745591939546626,0.031745591939546625,12,1.0,
s=-0.0075|signal,-0.0075,signal,MAGMA_USDT_PERP,做空,1789323300000,2026-09-14 02:15,0.26632,0.2643226,0.2556672,0.279636,1789324500000,2026-09-14 02:35,0.279636,止損,False,False,-0.05793450881612072,-0.05893450881612072,4,0.3333333333333333,
s=-0.0075|signal,-0.0075,signal,MANTRA_USDT_PERP,做空,1787903400000,2026-08-28 15:50,0.00476,0.004724300000000001,0.0045696,0.004998000000000001,1787905500000,2026-08-28 16:25,0.0045696,止盈,False,False,0.032745591939546737,0.031745591939546736,7,0.5833333333333334,
s=-0.0075|signal,-0.0075,signal,MELANIA_USDT_PERP,做空,1787371800000,2026-08-22 12:10,0.1263,0.12535275,0.121248,0.132615,1787373300000,2026-08-22 12:35,0.132615,止損,False,False,-0.057934508816120944,-0.058934508816120945,5,0.4166666666666667,
s=-0.0075|signal,-0.0075,signal,MOODENG_USDT_PERP,做空,1788629100000,2026-09-06 01:25,0.04783,0.047471275,0.045916799999999994,0.0502215,1788630300000,2026-09-06 01:45,0.045916799999999994,止盈,False,False,0.032745591939546737,0.031745591939546736,4,0.3333333333333333,
s=-0.0075|signal,-0.0075,signal,MOODENG_USDT_PERP,做空,1789621200000,2026-09-17 13:00,0.04393,0.043600525,0.042172799999999996,0.0461265,1789622100000,2026-09-17 13:15,0.042172799999999996,止盈,False,False,0.032745591939546737,0.031745591939546736,3,0.25,
s=-0.0075|signal,-0.0075,signal,MOVE_USDT_PERP,做空,1787371500000,2026-08-22 12:05,0.00853,0.008466025,0.0081888,0.0089565,1787374200000,2026-08-22 12:50,0.0089565,止損,False,False,-0.05793450881612072,-0.05893450881612072,9,0.75,
s=-0.0075|signal,-0.0075,signal,MOVR_USDT_PERP,做空,1786800000000,2026-08-15 21:20,0.985,0.9776125,0.9456,1.0342500000000001,1786800900000,2026-08-15 21:35,0.9456,止盈,False,False,0.032745591939546626,0.031745591939546625,3,0.25,
s=-0.0075|signal,-0.0075,signal,MOVR_USDT_PERP,做空,1787802900000,2026-08-27 11:55,0.799,0.7930075000000001,0.76704,0.8389500000000001,1787803500000,2026-08-27 12:05,0.8389500000000001,止損,False,False,-0.057934508816120944,-0.058934508816120945,2,0.16666666666666666,
s=-0.0075|signal,-0.0075,signal,MOVR_USDT_PERP,做空,1787807400000,2026-08-27 13:10,0.869,0.8624825,0.83424,0.91245,1787807700000,2026-08-27 13:15,0.83424,止盈,False,False,0.032745591939546626,0.031745591939546625,1,0.08333333333333333,
s=-0.0075|signal,-0.0075,signal,MUBARAK_USDT_PERP,做空,1788363600000,2026-09-02 23:40,0.02662,0.026420350000000002,0.0255552,0.027951000000000004,1788364200000,2026-09-02 23:50,0.027951000000000004,止損,False,False,-0.057934508816120944,-0.058934508816120945,2,0.16666666666666666,
s=-0.0075|signal,-0.0075,signal,NAORIS_USDT_PERP,做空,1788591000000,2026-09-05 14:50,0.03141,0.031174425000000002,0.0301536,0.0329805,1788592200000,2026-09-05 15:10,0.0301536,止盈,False,False,0.032745591939546737,0.031745591939546736,4,0.3333333333333333,
s=-0.0075|signal,-0.0075,signal,NAORIS_USDT_PERP,做空,1788691200000,2026-09-06 18:40,0.03484,0.034578700000000004,0.0334464,0.036582,1788696600000,2026-09-06 20:10,0.036582,止損,False,False,-0.057934508816120944,-0.058934508816120945,18,1.5,
s=-0.0075|signal,-0.0075,signal,NOM_USDT_PERP,做空,1788576000000,2026-09-05 10:40,0.001789,0.0017755825000000001,0.00171744,0.00187845,1788577200000,2026-09-05 11:00,0.00187845,止損,False,False,-0.057934508816120944,-0.058934508816120945,4,0.3333333333333333,
s=-0.0075|signal,-0.0075,signal,NOM_USDT_PERP,做空,1788586800000,2026-09-05 13:40,0.002085,0.0020693625,0.0020016,0.0021892500000000002,1788588000000,2026-09-05 14:00,0.0020016,止盈,False,False,0.032745591939546626,0.031745591939546625,4,0.3333333333333333,
s=-0.0075|signal,-0.0075,signal,OG_USDT_PERP,做空,1787472300000,2026-08-23 16:05,3.071,3.0479675000000004,2.94816,3.2245500000000002,1787474100000,2026-08-23 16:35,2.94816,止盈,False,False,0.032745591939546737,0.031745591939546736,6,0.5,
s=-0.0075|signal,-0.0075,signal,ONG_USDT_PERP,做空,1786929900000,2026-08-17 09:25,0.06165,0.06118762500000001,0.059184,0.06473250000000001,1786930200000,2026-08-17 09:30,0.059184,止盈,False,False,0.032745591939546737,0.031745591939546736,1,0.08333333333333333,
s=-0.0075|signal,-0.0075,signal,ONG_USDT_PERP,做空,1787232900000,2026-08-20 21:35,0.06947,0.06894897500000001,0.0666912,0.07294350000000001,1787233500000,2026-08-20 21:45,0.07294350000000001,止損,False,False,-0.057934508816120944,-0.058934508816120945,2,0.16666666666666666,
s=-0.0075|signal,-0.0075,signal,ONG_USDT_PERP,做空,1787237700000,2026-08-20 22:55,0.08127,0.080660475,0.0780192,0.08533349999999999,1787239800000,2026-08-20 23:30,0.0780192,止盈,False,False,0.032745591939546626,0.031745591939546625,7,0.5833333333333334,
s=-0.0075|signal,-0.0075,signal,ONT_USDT_PERP,做空,1787258100000,2026-08-21 04:35,0.0544,0.053992,0.05222399999999999,0.05712,1787258400000,2026-08-21 04:40,0.05712,止損,False,False,-0.057934508816120944,-0.058934508816120945,1,0.08333333333333333,
s=-0.0075|signal,-0.0075,signal,ONT_USDT_PERP,做空,1787262000000,2026-08-21 05:40,0.0513,0.05091525,0.04924799999999999,0.053865,1787270700000,2026-08-21 08:05,0.04924799999999999,止盈,False,False,0.032745591939546737,0.031745591939546736,29,2.4166666666666665,
s=-0.0075|signal,-0.0075,signal,ON_USDT_PERP,做空,1788861900000,2026-09-08 18:05,0.211,0.2094175,0.20256,0.22155,1788862800000,2026-09-08 18:20,0.20256,止盈,False,False,0.032745591939546626,0.031745591939546625,3,0.25,
s=-0.0075|signal,-0.0075,signal,ORCA_USDT_PERP,做空,1788745800000,2026-09-07 09:50,1.642,1.629685,1.57632,1.7241,1788752400000,2026-09-07 11:40,1.57632,止盈,False,False,0.032745591939546626,0.031745591939546625,22,1.8333333333333333,
s=-0.0075|signal,-0.0075,signal,PHA_USDT_PERP,做空,1788972600000,2026-09-10 00:50,0.03342,0.03316935,0.0320832,0.035091,1788973800000,2026-09-10 01:10,0.0320832,止盈,False,False,0.032745591939546626,0.031745591939546625,4,0.3333333333333333,
s=-0.0075|signal,-0.0075,signal,PIEVERSE_USDT_PERP,做空,1787306700000,2026-08-21 18:05,1.1295,1.12102875,1.08432,1.185975,1787310300000,2026-08-21 19:05,1.08432,止盈,False,False,0.032745591939546626,0.031745591939546625,12,1.0,
s=-0.0075|signal,-0.0075,signal,PIEVERSE_USDT_PERP,做空,1788789300000,2026-09-07 21:55,1.3018,1.2920365,1.249728,1.3668900000000002,1788793800000,2026-09-07 23:10,1.249728,止盈,False,False,0.032745591939546626,0.031745591939546625,15,1.25,
s=-0.0075|signal,-0.0075,signal,PIXEL_USDT_PERP,做空,1786865400000,2026-08-16 15:30,0.00611,0.006064175000000001,0.0058655999999999995,0.0064155,1786865700000,2026-08-16 15:35,0.0058655999999999995,止盈,False,False,0.032745591939546737,0.031745591939546736,1,0.08333333333333333,
s=-0.0075|signal,-0.0075,signal,PORTAL_USDT_PERP,做空,1786885200000,2026-08-16 21:00,0.01597,0.015850225000000003,0.015331200000000001,0.016768500000000002,1786886400000,2026-08-16 21:20,0.015331200000000001,止盈,False,False,0.032745591939546626,0.031745591939546625,4,0.3333333333333333,
s=-0.0075|signal,-0.0075,signal,PORTAL_USDT_PERP,做空,1787544900000,2026-08-24 12:15,0.01602,0.01589985,0.015379199999999999,0.016821,1787545500000,2026-08-24 12:25,0.015379199999999999,止盈,False,False,0.032745591939546626,0.031745591939546625,2,0.16666666666666666,
s=-0.0075|signal,-0.0075,signal,PORTAL_USDT_PERP,做空,1787721000000,2026-08-26 13:10,0.01896,0.018817800000000003,0.018201600000000002,0.019908000000000002,1787722200000,2026-08-26 13:30,0.019908000000000002,止損,False,False,-0.057934508816120944,-0.058934508816120945,4,0.3333333333333333,
s=-0.0075|signal,-0.0075,signal,PORTAL_USDT_PERP,做空,1788444900000,2026-09-03 22:15,0.01665,0.016525125,0.015984,0.0174825,1788445200000,2026-09-03 22:20,0.015984,止盈,False,False,0.032745591939546626,0.031745591939546625,1,0.08333333333333333,
s=-0.0075|signal,-0.0075,signal,POWR_USDT_PERP,做空,1789258200000,2026-09-13 08:10,0.06576,0.0652668,0.0631296,0.069048,1789258500000,2026-09-13 08:15,0.069048,止損,False,False,-0.057934508816120944,-0.058934508816120945,1,0.08333333333333333,
s=-0.0075|signal,-0.0075,signal,POWR_USDT_PERP,做空,1789263000000,2026-09-13 09:30,0.0824,0.08178200000000001,0.079104,0.08652,1789263600000,2026-09-13 09:40,0.079104,止盈,False,False,0.032745591939546737,0.031745591939546736,2,0.16666666666666666,
s=-0.0075|signal,-0.0075,signal,POWR_USDT_PERP,做空,1789267800000,2026-09-13 10:50,0.08243,0.081811775,0.0791328,0.0865515,1789268100000,2026-09-13 10:55,0.0791328,止盈,False,False,0.032745591939546626,0.031745591939546625,1,0.08333333333333333,
s=-0.0075|signal,-0.0075,signal,PROMPT_USDT_PERP,做空,1788000900000,2026-08-29 18:55,0.02727,0.027065475000000002,0.0261792,0.0286335,1788001200000,2026-08-29 19:00,0.0261792,止盈,False,False,0.032745591939546737,0.031745591939546736,1,0.08333333333333333,
s=-0.0075|signal,-0.0075,signal,PROS_USDT_PERP,做空,1788927600000,2026-09-09 12:20,0.5005,0.49674624999999994,0.4804799999999999,0.525525,1788929100000,2026-09-09 12:45,0.525525,止損,False,False,-0.057934508816121166,-0.05893450881612117,5,0.4166666666666667,
s=-0.0075|signal,-0.0075,signal,PTB_USDT_PERP,做空,1788529800000,2026-09-04 21:50,0.000816,0.00080988,0.00078336,0.0008568,1788530100000,2026-09-04 21:55,0.00078336,止盈,False,False,0.032745591939546626,0.031745591939546625,1,0.08333333333333333,
s=-0.0075|signal,-0.0075,signal,Q_USDT_PERP,做空,1788496200000,2026-09-04 12:30,0.026302,0.026104735,0.02524992,0.0276171,1788496800000,2026-09-04 12:40,0.02524992,止盈,False,False,0.032745591939546626,0.031745591939546625,2,0.16666666666666666,
s=-0.0075|signal,-0.0075,signal,RATS_USDT_PERP,做空,1787062500000,2026-08-18 22:15,5.136e-05,5.0974800000000005e-05,4.93056e-05,5.3928e-05,1787064900000,2026-08-18 22:55,5.3928e-05,止損,False,False,-0.057934508816120944,-0.058934508816120945,8,0.6666666666666666,
s=-0.0075|signal,-0.0075,signal,RAY_USDT_PERP,做空,1788665400000,2026-09-06 11:30,1.109,1.1006825,1.06464,1.16445,1788666600000,2026-09-06 11:50,1.16445,止損,False,False,-0.057934508816120944,-0.058934508816120945,4,0.3333333333333333,
s=-0.0075|signal,-0.0075,signal,RAY_USDT_PERP,做空,1788670500000,2026-09-06 12:55,1.154,1.145345,1.10784,1.2117,1788676500000,2026-09-06 14:35,1.10784,止盈,False,False,0.032745591939546737,0.031745591939546736,20,1.6666666666666667,
s=-0.0075|signal,-0.0075,signal,REZ_USDT_PERP,做空,1789016700000,2026-09-10 13:05,0.00362,0.0035928500000000003,0.0034752,0.003801,1789017600000,2026-09-10 13:20,0.003801,止損,False,False,-0.057934508816120944,-0.058934508816120945,3,0.25,
s=-0.0075|signal,-0.0075,signal,REZ_USDT_PERP,做空,1789287600000,2026-09-13 16:20,0.003949,0.0039193825000000005,0.0037910400000000003,0.00414645,1789289100000,2026-09-13 16:45,0.0037910400000000003,止盈,False,False,0.032745591939546626,0.031745591939546625,5,0.4166666666666667,
s=-0.0075|signal,-0.0075,signal,RE_USDT_PERP,做空,1787158200000,2026-08-20 00:50,0.4973,0.49357025000000004,0.477408,0.522165,1787166300000,2026-08-20 03:05,0.522165,止損,False,False,-0.05793450881612072,-0.05893450881612072,27,2.25,
s=-0.0075|signal,-0.0075,signal,RE_USDT_PERP,做空,1787363100000,2026-08-22 09:45,0.6057,0.6011572500000001,0.581472,0.635985,1787364600000,2026-08-22 10:10,0.581472,止盈,False,False,0.032745591939546737,0.031745591939546736,5,0.4166666666666667,
s=-0.0075|signal,-0.0075,signal,SAGA_USDT_PERP,做空,1789058100000,2026-09-11 00:35,0.01776,0.0176268,0.0170496,0.018648,1789062600000,2026-09-11 01:50,0.0170496,止盈,False,False,0.032745591939546626,0.031745591939546625,15,1.25,
s=-0.0075|signal,-0.0075,signal,SIREN_USDT_PERP,做空,1787970900000,2026-08-29 10:35,0.03355,0.033298375000000005,0.032208,0.0352275,1787972700000,2026-08-29 11:05,0.032208,止盈,False,False,0.032745591939546737,0.031745591939546736,6,0.5,
s=-0.0075|signal,-0.0075,signal,SKR_USDT_PERP,做空,1787875800000,2026-08-28 08:10,0.011903,0.011813727500000001,0.01142688,0.012498150000000001,1787876700000,2026-08-28 08:25,0.012498150000000001,止損,False,False,-0.057934508816120944,-0.058934508816120945,3,0.25,
s=-0.0075|signal,-0.0075,signal,SKR_USDT_PERP,做空,1787880600000,2026-08-28 09:30,0.011993,0.0119030525,0.011513279999999999,0.01259265,1787882100000,2026-08-28 09:55,0.01259265,止損,False,False,-0.057934508816120944,-0.058934508816120945,5,0.4166666666666667,
s=-0.0075|signal,-0.0075,signal,SKR_USDT_PERP,做空,1788069000000,2026-08-30 13:50,0.013432,0.01333126,0.012894719999999998,0.0141036,1788071700000,2026-08-30 14:35,0.012894719999999998,止盈,False,False,0.032745591939546626,0.031745591939546625,9,0.75,
s=-0.0075|signal,-0.0075,signal,SOLV_USDT_PERP,做空,1788684000000,2026-09-06 16:40,0.00374,0.00371195,0.0035903999999999997,0.003927,1788685800000,2026-09-06 17:10,0.003927,止損,False,False,-0.057934508816120944,-0.058934508816120945,6,0.5,
s=-0.0075|signal,-0.0075,signal,SPK_USDT_PERP,做空,1787292600000,2026-08-21 14:10,0.01886,0.01871855,0.018105599999999996,0.019802999999999998,1787293200000,2026-08-21 14:20,0.018105599999999996,止盈,False,False,0.03274559193954685,0.03174559193954685,2,0.16666666666666666,
s=-0.0075|signal,-0.0075,signal,SPORTFUN_USDT_PERP,做空,1786824600000,2026-08-16 04:10,0.02552,0.025328600000000003,0.0244992,0.026796000000000004,1786825500000,2026-08-16 04:25,0.0244992,止盈,False,False,0.032745591939546737,0.031745591939546736,3,0.25,
s=-0.0075|signal,-0.0075,signal,SPORTFUN_USDT_PERP,做空,1786829400000,2026-08-16 05:30,0.02966,0.02943755,0.028473599999999998,0.031143,1786830300000,2026-08-16 05:45,0.031143,止損,False,False,-0.057934508816120944,-0.058934508816120945,3,0.25,
s=-0.0075|signal,-0.0075,signal,SPORTFUN_USDT_PERP,做空,1786836000000,2026-08-16 07:20,0.03291,0.032663175,0.0315936,0.0345555,1786838100000,2026-08-16 07:55,0.0315936,止盈,False,False,0.032745591939546737,0.031745591939546736,7,0.5833333333333334,
s=-0.0075|signal,-0.0075,signal,SQD_USDT_PERP,做空,1787662500000,2026-08-25 20:55,0.03679,0.03651407500000001,0.0353184,0.038629500000000004,1787664000000,2026-08-25 21:20,0.0353184,止盈,False,False,0.032745591939546737,0.031745591939546736,5,0.4166666666666667,
s=-0.0075|signal,-0.0075,signal,SSV_USDT_PERP,做空,1787297100000,2026-08-21 15:25,2.816,2.79488,2.7033599999999995,2.9568,1787298000000,2026-08-21 15:40,2.9568,止損,False,False,-0.057934508816120944,-0.058934508816120945,3,0.25,
s=-0.0075|signal,-0.0075,signal,SSV_USDT_PERP,做空,1787301600000,2026-08-21 16:40,2.839,2.8177075,2.72544,2.98095,1787316300000,2026-08-21 20:45,2.98095,止損,False,False,-0.057934508816120944,-0.058934508816120945,49,4.083333333333333,
s=-0.0075|signal,-0.0075,signal,STABLE_USDT_PERP,做空,1787265000000,2026-08-21 06:30,0.03199,0.031750075,0.030710399999999995,0.0335895,1787283900000,2026-08-21 11:45,0.030710399999999995,止盈,False,False,0.03274559193954685,0.03174559193954685,63,5.25,
s=-0.0075|signal,-0.0075,signal,STAR_USDT_PERP,做空,1786962600000,2026-08-17 18:30,0.12102,0.12011235,0.1161792,0.12707100000000002,1786969800000,2026-08-17 20:30,0.12707100000000002,止損,False,False,-0.057934508816120944,-0.058934508816120945,24,2.0,
s=-0.0075|signal,-0.0075,signal,STAR_USDT_PERP,做空,1787113200000,2026-08-19 12:20,0.13046,0.12948155,0.12524159999999998,0.136983,1787117400000,2026-08-19 13:30,0.136983,止損,False,False,-0.057934508816120944,-0.058934508816120945,14,1.1666666666666667,
s=-0.0075|signal,-0.0075,signal,STAR_USDT_PERP,做空,1787316900000,2026-08-21 20:55,0.16075,0.15954437500000002,0.15431999999999998,0.1687875,1787317200000,2026-08-21 21:00,0.15431999999999998,止盈,False,False,0.032745591939546737,0.031745591939546736,1,0.08333333333333333,
s=-0.0075|signal,-0.0075,signal,STAR_USDT_PERP,做空,1787565300000,2026-08-24 17:55,0.14315,0.142076375,0.137424,0.1503075,1787566500000,2026-08-24 18:15,0.137424,止盈,False,False,0.032745591939546737,0.031745591939546736,4,0.3333333333333333,
s=-0.0075|signal,-0.0075,signal,SUPER_USDT_PERP,做空,1787577300000,2026-08-24 21:15,0.1293,0.12833025,0.12412799999999999,0.135765,1787577600000,2026-08-24 21:20,0.12412799999999999,止盈,False,False,0.032745591939546737,0.031745591939546736,1,0.08333333333333333,
s=-0.0075|signal,-0.0075,signal,SUPER_USDT_PERP,做空,1787581200000,2026-08-24 22:20,0.1344,0.133392,0.129024,0.14112,1787582400000,2026-08-24 22:40,0.129024,止盈,False,False,0.032745591939546626,0.031745591939546625,4,0.3333333333333333,
s=-0.0075|signal,-0.0075,signal,SUSHI_USDT_PERP,做空,1788630000000,2026-09-06 01:40,0.2401,0.23829925000000002,0.230496,0.252105,1788631200000,2026-09-06 02:00,0.252105,止損,False,False,-0.057934508816120944,-0.058934508816120945,4,0.3333333333333333,
s=-0.0075|signal,-0.0075,signal,SUSHI_USDT_PERP,做空,1788636300000,2026-09-06 03:25,0.2775,0.27541875000000005,0.2664,0.29137500000000005,1788637200000,2026-09-06 03:40,0.2664,止盈,False,False,0.032745591939546626,0.031745591939546625,3,0.25,
s=-0.0075|signal,-0.0075,signal,TAC_USDT_PERP,做空,1787438100000,2026-08-23 06:35,0.001749,0.0017358825,0.00167904,0.0018364499999999999,1787438700000,2026-08-23 06:45,0.00167904,止盈,False,False,0.032745591939546626,0.031745591939546625,2,0.16666666666666666,
s=-0.0075|signal,-0.0075,signal,TA_USDT_PERP,做空,1789214400000,2026-09-12 20:00,0.06008,0.059629400000000006,0.0576768,0.063084,1789241100000,2026-09-13 03:25,0.0576768,止盈,False,False,0.032745591939546737,0.031745591939546736,89,7.416666666666667,
s=-0.0075|signal,-0.0075,signal,TLM_USDT_PERP,做空,1787670300000,2026-08-25 23:05,0.001672,0.0016594600000000002,0.00160512,0.0017556000000000002,1787674200000,2026-08-26 00:10,0.00160512,止盈,False,False,0.032745591939546737,0.031745591939546736,13,1.0833333333333333,
s=-0.0075|signal,-0.0075,signal,TNSR_USDT_PERP,做空,1788096000000,2026-08-30 21:20,0.04212,0.0418041,0.0404352,0.044226,1788096300000,2026-08-30 21:25,0.0404352,止盈,False,False,0.032745591939546626,0.031745591939546625,1,0.08333333333333333,
s=-0.0075|signal,-0.0075,signal,TRADOOR_USDT_PERP,做空,1788592200000,2026-09-05 15:10,0.7411,0.73554175,0.711456,0.778155,1788592500000,2026-09-05 15:15,0.778155,止損,True,False,-0.057934508816120944,-0.058934508816120945,1,0.08333333333333333,同一根同時觸發→保守計止損
s=-0.0075|signal,-0.0075,signal,TRB_USDT_PERP,做空,1787365800000,2026-08-22 10:30,21.825,21.6613125,20.951999999999998,22.91625,1787367600000,2026-08-22 11:00,20.951999999999998,止盈,False,False,0.032745591939546737,0.031745591939546736,6,0.5,
s=-0.0075|signal,-0.0075,signal,TREE_USDT_PERP,做空,1787150100000,2026-08-19 22:35,0.04051,0.040206175,0.038889599999999996,0.0425355,1787152500000,2026-08-19 23:15,0.0425355,止損,False,False,-0.057934508816120944,-0.058934508816120945,8,0.6666666666666666,
s=-0.0075|signal,-0.0075,signal,TREE_USDT_PERP,做空,1787156100000,2026-08-20 00:15,0.04573,0.045387025000000004,0.0439008,0.048016500000000004,1787157300000,2026-08-20 00:35,0.0439008,止盈,False,False,0.032745591939546737,0.031745591939546736,4,0.3333333333333333,
s=-0.0075|signal,-0.0075,signal,TREE_USDT_PERP,做空,1789172400000,2026-09-12 08:20,0.04535,0.045009875000000005,0.043536,0.0476175,1789172700000,2026-09-12 08:25,0.043536,止盈,False,False,0.032745591939546737,0.031745591939546736,1,0.08333333333333333,
s=-0.0075|signal,-0.0075,signal,TRIA_USDT_PERP,做空,1788495300000,2026-09-04 12:15,0.0049,0.00486325,0.004704,0.005145,1788495600000,2026-09-04 12:20,0.004704,止盈,False,False,0.032745591939546737,0.031745591939546736,1,0.08333333333333333,
s=-0.0075|signal,-0.0075,signal,TRIA_USDT_PERP,做空,1788503700000,2026-09-04 14:35,0.00525,0.005210625000000001,0.00504,0.005512500000000001,1788506400000,2026-09-04 15:20,0.00504,止盈,False,False,0.032745591939546737,0.031745591939546736,9,0.75,
s=-0.0075|signal,-0.0075,signal,TRUMP_USDT_PERP,做空,1787175000000,2026-08-20 05:30,1.707,1.6941975000000002,1.63872,1.79235,1787181600000,2026-08-20 07:20,1.79235,止損,False,False,-0.05793450881612072,-0.05893450881612072,22,1.8333333333333333,
s=-0.0075|signal,-0.0075,signal,US_USDT_PERP,做空,1787325300000,2026-08-21 23:15,0.01978,0.01963165,0.018988799999999997,0.020769,1787325600000,2026-08-21 23:20,0.020769,止損,False,False,-0.057934508816120944,-0.058934508816120945,1,0.08333333333333333,
s=-0.0075|signal,-0.0075,signal,US_USDT_PERP,做空,1787329500000,2026-08-22 00:25,0.02225,0.022083125,0.021359999999999997,0.0233625,1787330400000,2026-08-22 00:40,0.0233625,止損,False,False,-0.057934508816120944,-0.058934508816120945,3,0.25,
s=-0.0075|signal,-0.0075,signal,WAL_USDT_PERP,做空,1786788900000,2026-08-15 18:15,0.0272,0.026996,0.026111999999999996,0.02856,1786791000000,2026-08-15 18:50,0.026111999999999996,止盈,False,False,0.032745591939546737,0.031745591939546736,7,0.5833333333333334,
s=-0.0075|signal,-0.0075,signal,XPIN_USDT_PERP,做空,1786950300000,2026-08-17 15:05,0.001551,0.0015393675000000002,0.0014889600000000001,0.00162855,1786951200000,2026-08-17 15:20,0.0014889600000000001,止盈,False,False,0.032745591939546626,0.031745591939546625,3,0.25,
s=-0.0075|signal,-0.0075,signal,XPIN_USDT_PERP,做空,1787291700000,2026-08-21 13:55,0.001328,0.0013180400000000001,0.00127488,0.0013944,1787294700000,2026-08-21 14:45,0.00127488,止盈,False,False,0.032745591939546737,0.031745591939546736,10,0.8333333333333334,
s=-0.0075|signal,-0.0075,signal,XPIN_USDT_PERP,做空,1789367400000,2026-09-14 14:30,0.000886,0.000879355,0.0008505599999999999,0.0009303,1789367700000,2026-09-14 14:35,0.0009303,止損,False,False,-0.057934508816120944,-0.058934508816120945,1,0.08333333333333333,
s=-0.0075|signal,-0.0075,signal,XVG_USDT_PERP,做空,1787370900000,2026-08-22 11:55,0.002919,0.0028971075000000005,0.00280224,0.0030649500000000003,1787371500000,2026-08-22 12:05,0.00280224,止盈,False,False,0.032745591939546737,0.031745591939546736,2,0.16666666666666666,
s=-0.0075|signal,-0.0075,signal,ZEST_USDT_PERP,做空,1787740800000,2026-08-26 18:40,0.16483,0.16359377500000002,0.1582368,0.17307150000000002,1787743500000,2026-08-26 19:25,0.1582368,止盈,False,False,0.032745591939546626,0.031745591939546625,9,0.75,
s=-0.0075|signal,-0.0075,signal,ZEST_USDT_PERP,做空,1788426900000,2026-09-03 17:15,0.15617,0.154998725,0.1499232,0.1639785,1788427200000,2026-09-03 17:20,0.1639785,止損,True,False,-0.057934508816120944,-0.058934508816120945,1,0.08333333333333333,同一根同時觸發→保守計止損
s=-0.0075|signal,-0.0075,signal,ZEST_USDT_PERP,做空,1788433500000,2026-09-03 19:05,0.14801,0.14689992500000001,0.1420896,0.1554105,1788454200000,2026-09-04 00:50,0.1554105,止損,False,False,-0.057934508816120944,-0.058934508816120945,69,5.75,
s=-0.0075|signal,-0.0075,signal,ZKC_USDT_PERP,做空,1788061500000,2026-08-30 11:45,0.049,0.0486325,0.04704,0.05145,1788062100000,2026-08-30 11:55,0.04704,止盈,False,False,0.032745591939546626,0.031745591939546625,2,0.16666666666666666,
s=-0.0075|signal,-0.0075,signal,ZKC_USDT_PERP,做空,1788076200000,2026-08-30 15:50,0.0528,0.052404,0.050688,0.05544,1788081600000,2026-08-30 17:20,0.05544,止損,False,False,-0.057934508816120944,-0.058934508816120945,18,1.5,
s=-0.0075|signal,-0.0075,signal,ZKP_USDT_PERP,做空,1788017400000,2026-08-29 23:30,0.05268,0.0522849,0.050572799999999994,0.055314,1788018000000,2026-08-29 23:40,0.050572799999999994,止盈,False,False,0.032745591939546737,0.031745591939546736,2,0.16666666666666666,
s=-0.0075|signal,-0.0075,signal,ZORA_USDT_PERP,做空,1787316300000,2026-08-21 20:45,0.00687,0.006818475000000001,0.0065952,0.0072135,1787317200000,2026-08-21 21:00,0.0072135,止損,False,False,-0.05793450881612072,-0.05893450881612072,3,0.25,
s=-0.0075|signal,-0.0075,signal,ZORA_USDT_PERP,做空,1787321100000,2026-08-21 22:05,0.00706,0.007007050000000001,0.0067776,0.007413,1787323200000,2026-08-21 22:40,0.0067776,止盈,False,False,0.032745591939546737,0.031745591939546736,7,0.5833333333333334,
s=-0.0075|signal,-0.0075,signal,ZORA_USDT_PERP,做空,1788124200000,2026-08-31 05:10,0.00815,0.008088874999999999,0.007824,0.0085575,1788124800000,2026-08-31 05:20,0.0085575,止損,False,False,-0.057934508816120944,-0.058934508816120945,2,0.16666666666666666,
s=-0.0075|signal,-0.0075,signal,ZRO_USDT_PERP,做空,1787665200000,2026-08-25 21:40,1.2411,1.2317917500000002,1.191456,1.303155,1787665800000,2026-08-25 21:50,1.191456,止盈,False,False,0.032745591939546737,0.031745591939546736,2,0.16666666666666666,
s=-0.0075|signal,-0.0075,signal,ZRO_USDT_PERP,做空,1787669700000,2026-08-25 22:55,1.2125,1.20340625,1.164,1.273125,1787670900000,2026-08-25 23:15,1.164,止盈,False,False,0.032745591939546626,0.031745591939546625,4,0.3333333333333333,
s=-0.0075|signal,-0.0075,signal,哈基米_USDT_PERP,做空,1789068300000,2026-09-11 03:25,0.03622,0.035948350000000004,0.0347712,0.038031,1789069500000,2026-09-11 03:45,0.038031,止損,False,False,-0.057934508816120944,-0.058934508816120945,4,0.3333333333333333,
s=-0.0075|signal,-0.0075,signal,哈基米_USDT_PERP,做空,1789098300000,2026-09-11 11:45,0.0411,0.04079175,0.039456,0.043155,1789099500000,2026-09-11 12:05,0.039456,止盈,False,False,0.032745591939546737,0.031745591939546736,4,0.3333333333333333,
s=-0.0075|signal,-0.0075,signal,哈基米_USDT_PERP,做空,1789103100000,2026-09-11 13:05,0.04118,0.04087115,0.0395328,0.04323900000000001,1789103700000,2026-09-11 13:15,0.0395328,止盈,False,False,0.032745591939546626,0.031745591939546625,2,0.16666666666666666,
s=-0.0075|signal,-0.0075,signal,我踏马来了_USDT_PERP,做空,1788010200000,2026-08-29 21:30,0.014341,0.0142334425,0.01376736,0.01505805,1788010500000,2026-08-29 21:35,0.01376736,止盈,False,False,0.032745591939546626,0.031745591939546625,1,0.08333333333333333,
s=-0.0075|signal,-0.0075,signal,我踏马来了_USDT_PERP,做空,1789083600000,2026-09-11 07:40,0.012087,0.0119963475,0.01160352,0.01269135,1789094100000,2026-09-11 10:35,0.01269135,止損,False,False,-0.057934508816120944,-0.058934508816120945,35,2.9166666666666665,
s=-0.0075|signal,-0.0075,signal,我踏马来了_USDT_PERP,做空,1789190100000,2026-09-12 13:15,0.015,0.0148875,0.0144,0.01575,1789190400000,2026-09-12 13:20,0.0144,止盈,False,False,0.032745591939546626,0.031745591939546625,1,0.08333333333333333,
s=-0.0075|fill,-0.0075,fill,0G_USDT_PERP,做空,1788174300000,2026-08-31 19:05,0.2285,0.22678625000000002,0.2177148,0.23812556250000003,1788177900000,2026-08-31 20:05,0.2177148,止盈,False,False,0.040000000000000036,0.039000000000000035,12,1.0,
s=-0.0075|fill,-0.0075,fill,4_USDT_PERP,做空,1787999100000,2026-08-29 18:25,0.01703,0.016902275,0.016226184,0.017747388750000002,1788000600000,2026-08-29 18:50,0.016226184,止盈,False,False,0.040000000000000036,0.039000000000000035,5,0.4166666666666667,
s=-0.0075|fill,-0.0075,fill,4_USDT_PERP,做空,1788539700000,2026-09-05 00:35,0.01808,0.0179444,0.017226624,0.01884162,1788540300000,2026-09-05 00:45,0.01884162,止損,False,False,-0.050000000000000044,-0.051000000000000045,2,0.16666666666666666,
s=-0.0075|fill,-0.0075,fill,4_USDT_PERP,做空,1788544500000,2026-09-05 01:55,0.02088,0.0207234,0.019894463999999997,0.02175957,1788545700000,2026-09-05 02:15,0.02175957,止損,False,False,-0.050000000000000044,-0.051000000000000045,4,0.3333333333333333,
s=-0.0075|fill,-0.0075,fill,4_USDT_PERP,做空,1788549300000,2026-09-05 03:15,0.02226,0.02209305,0.021209328,0.0231977025,1788552600000,2026-09-05 04:10,0.0231977025,止損,False,False,-0.050000000000000044,-0.051000000000000045,11,0.9166666666666666,
s=-0.0075|fill,-0.0075,fill,4_USDT_PERP,做空,1788777900000,2026-09-07 18:45,0.02664,0.0264402,0.025382592,0.027762210000000002,1788779100000,2026-09-07 19:05,0.025382592,止盈,False,False,0.040000000000000036,0.039000000000000035,4,0.3333333333333333,
s=-0.0075|fill,-0.0075,fill,ACE_USDT_PERP,做空,1788265800000,2026-09-01 20:30,0.18806,0.18664955000000003,0.17918356800000002,0.19598202750000004,1788266700000,2026-09-01 20:45,0.17918356800000002,止盈,False,False,0.040000000000000036,0.039000000000000035,3,0.25,
s=-0.0075|fill,-0.0075,fill,AGT_USDT_PERP,做空,1788193800000,2026-09-01 00:30,0.017237,0.0171077225,0.0164234136,0.017963108624999998,1788194100000,2026-09-01 00:35,0.0164234136,止盈,False,False,0.040000000000000036,0.039000000000000035,1,0.08333333333333333,
s=-0.0075|fill,-0.0075,fill,AGT_USDT_PERP,做空,1788198600000,2026-09-01 01:50,0.017307,0.0171771975,0.0164901096,0.018036057375,1788218100000,2026-09-01 07:15,0.0164901096,止盈,False,False,0.040000000000000036,0.039000000000000035,65,5.416666666666667,
s=-0.0075|fill,-0.0075,fill,AGT_USDT_PERP,做空,1788236400000,2026-09-01 12:20,0.018968,0.01882574,0.0180727104,0.019767027000000003,1788236700000,2026-09-01 12:25,0.0180727104,止盈,False,False,0.040000000000000036,0.039000000000000035,1,0.08333333333333333,
s=-0.0075|fill,-0.0075,fill,AIN_USDT_PERP,做空,1789365000000,2026-09-14 13:50,0.10972,0.1088971,0.10454121599999999,0.114341955,1789365600000,2026-09-14 14:00,0.10454121599999999,止盈,False,False,0.040000000000000036,0.039000000000000035,2,0.16666666666666666,
s=-0.0075|fill,-0.0075,fill,AIN_USDT_PERP,做空,1789369200000,2026-09-14 15:00,0.10454,0.10375595,0.099605712,0.10894374750000001,1789371000000,2026-09-14 15:30,0.099605712,止盈,False,False,0.040000000000000036,0.039000000000000035,6,0.5,
s=-0.0075|fill,-0.0075,fill,ALCH_USDT_PERP,做空,1787734500000,2026-08-26 16:55,0.03262,0.032375350000000004,0.031080336000000004,0.033994117500000004,1787734800000,2026-08-26 17:00,0.031080336000000004,止盈,False,False,0.040000000000000036,0.039000000000000035,1,0.08333333333333333,
s=-0.0075|fill,-0.0075,fill,ANIME_USDT_PERP,做空,1789024500000,2026-09-10 15:15,0.003552,0.0035253600000000004,0.0033843456,0.0037016280000000006,1789025400000,2026-09-10 15:30,0.0033843456,止盈,False,False,0.040000000000000036,0.039000000000000035,3,0.25,
s=-0.0075|fill,-0.0075,fill,APR_USDT_PERP,做空,1787060700000,2026-08-18 21:45,0.2187,0.21705975000000002,0.20837736,0.22791273750000005,1787061300000,2026-08-18 21:55,0.20837736,止盈,False,False,0.040000000000000036,0.039000000000000035,2,0.16666666666666666,
s=-0.0075|fill,-0.0075,fill,APR_USDT_PERP,做空,1788454200000,2026-09-04 00:50,0.269,0.2669825,0.2563032,0.28033162500000003,1788454500000,2026-09-04 00:55,0.2563032,止盈,False,False,0.040000000000000036,0.039000000000000035,1,0.08333333333333333,
s=-0.0075|fill,-0.0075,fill,APR_USDT_PERP,做空,1788463200000,2026-09-04 03:20,0.2691,0.26708175,0.25639848,0.2804358375,1788464100000,2026-09-04 03:35,0.2804358375,止損,False,False,-0.050000000000000044,-0.051000000000000045,3,0.25,
s=-0.0075|fill,-0.0075,fill,APR_USDT_PERP,做空,1788468300000,2026-09-04 04:45,0.27595,0.273880375,0.26292516,0.28757439375000005,1788475800000,2026-09-04 06:50,0.26292516,止盈,False,False,0.040000000000000036,0.039000000000000035,25,2.0833333333333335,
s=-0.0075|fill,-0.0075,fill,ASTR_USDT_PERP,做空,1789434300000,2026-09-15 09:05,0.006865,0.0068135125,0.006540971999999999,0.007154188125,1789434600000,2026-09-15 09:10,0.007154188125,止損,False,False,-0.050000000000000044,-0.051000000000000045,1,0.08333333333333333,
s=-0.0075|fill,-0.0075,fill,ASTR_USDT_PERP,做空,1789438800000,2026-09-15 10:20,0.007216,0.007161880000000001,0.0068754048,0.007519974000000001,1789439100000,2026-09-15 10:25,0.007519974000000001,止損,False,False,-0.050000000000000044,-0.051000000000000045,1,0.08333333333333333,
s=-0.0075|fill,-0.0075,fill,AXL_USDT_PERP,做空,1789452900000,2026-09-15 14:15,0.0529,0.05250325000000001,0.05040312,0.05512841250000001,1789454700000,2026-09-15 14:45,0.05040312,止盈,False,False,0.04000000000000015,0.039000000000000146,6,0.5,
s=-0.0075|fill,-0.0075,fill,BAND_USDT_PERP,做空,1788025200000,2026-08-30 01:40,0.201,0.19949250000000002,0.1915128,0.20946712500000003,1788028500000,2026-08-30 02:35,0.1915128,止盈,False,False,0.040000000000000036,0.039000000000000035,11,0.9166666666666666,
s=-0.0075|fill,-0.0075,fill,BAS_USDT_PERP,做空,1787743500000,2026-08-26 19:25,0.026397,0.026199022500000002,0.0251510616,0.027508973625000002,1787756100000,2026-08-26 22:55,0.0251510616,止盈,False,False,0.040000000000000036,0.039000000000000035,42,3.5,
s=-0.0075|fill,-0.0075,fill,BAS_USDT_PERP,做空,1787912100000,2026-08-28 18:15,0.032049,0.0318086325,0.0305362872,0.033399064125,1787913000000,2026-08-28 18:30,0.0305362872,止盈,False,False,0.040000000000000036,0.039000000000000035,3,0.25,
s=-0.0075|fill,-0.0075,fill,BB_USDT_PERP,做空,1787304300000,2026-08-21 17:25,0.01309,0.012991825,0.012472152,0.013641416250000002,1787304600000,2026-08-21 17:30,0.013641416250000002,止損,False,False,-0.050000000000000044,-0.051000000000000045,1,0.08333333333333333,
s=-0.0075|fill,-0.0075,fill,BEAMX_USDT_PERP,做空,1787821200000,2026-08-27 17:00,0.002139,0.0021229575,0.0020380392000000002,0.002229105375,1787822400000,2026-08-27 17:20,0.0020380392000000002,止盈,False,False,0.039999999999999925,0.038999999999999924,4,0.3333333333333333,
s=-0.0075|fill,-0.0075,fill,BICO_USDT_PERP,做空,1787745600000,2026-08-26 20:00,0.02381,0.023631425,0.022686168,0.024812996250000004,1787746200000,2026-08-26 20:10,0.022686168,止盈,False,False,0.040000000000000036,0.039000000000000035,2,0.16666666666666666,
s=-0.0075|fill,-0.0075,fill,BICO_USDT_PERP,做空,1787757900000,2026-08-26 23:25,0.02631,0.026112675000000002,0.025068168000000002,0.027418308750000002,1787759100000,2026-08-26 23:45,0.025068168000000002,止盈,False,False,0.040000000000000036,0.039000000000000035,4,0.3333333333333333,
s=-0.0075|fill,-0.0075,fill,BLESS_USDT_PERP,做空,1787321700000,2026-08-21 22:15,0.00862,0.00855535,0.008213136,0.0089831175,1787322300000,2026-08-21 22:25,0.008213136,止盈,False,False,0.040000000000000036,0.039000000000000035,2,0.16666666666666666,
s=-0.0075|fill,-0.0075,fill,BLUR_USDT_PERP,做空,1789140000000,2026-09-11 23:20,0.02085,0.020693625,0.01986588,0.021728306250000003,1789143000000,2026-09-12 00:10,0.01986588,止盈,False,False,0.040000000000000036,0.039000000000000035,10,0.8333333333333334,
s=-0.0075|fill,-0.0075,fill,BR_USDT_PERP,做空,1789358100000,2026-09-14 11:55,0.36686,0.36410855000000003,0.349544208,0.38231397750000007,1789358400000,2026-09-14 12:00,0.38231397750000007,止損,False,False,-0.050000000000000044,-0.051000000000000045,1,0.08333333333333333,
s=-0.0075|fill,-0.0075,fill,BTR_USDT_PERP,做空,1787553000000,2026-08-24 14:30,0.03322,0.03297085,0.031652016000000005,0.034619392500000006,1787553900000,2026-08-24 14:45,0.034619392500000006,止損,False,False,-0.050000000000000044,-0.051000000000000045,3,0.25,
s=-0.0075|fill,-0.0075,fill,BTR_USDT_PERP,做空,1787557800000,2026-08-24 15:50,0.03466,0.03440005000000001,0.03302404800000001,0.03612005250000001,1787558700000,2026-08-24 16:05,0.03612005250000001,止損,False,False,-0.050000000000000044,-0.051000000000000045,3,0.25,
s=-0.0075|fill,-0.0075,fill,BTR_USDT_PERP,做空,1787716800000,2026-08-26 12:00,0.04071,0.04040467500000001,0.038788488,0.04242490875000001,1787717100000,2026-08-26 12:05,0.04242490875000001,止損,False,False,-0.050000000000000044,-0.051000000000000045,1,0.08333333333333333,
s=-0.0075|fill,-0.0075,fill,BTW_USDT_PERP,做空,1789302300000,2026-09-13 20:25,0.699394,0.694148545,0.6663826032,0.72885597225,1789303200000,2026-09-13 20:40,0.72885597225,止損,False,False,-0.050000000000000044,-0.051000000000000045,3,0.25,
s=-0.0075|fill,-0.0075,fill,BULLA_USDT_PERP,做空,1787003400000,2026-08-18 05:50,0.02062,0.02046535,0.019646735999999998,0.0214886175,1787004000000,2026-08-18 06:00,0.019646735999999998,止盈,False,False,0.04000000000000015,0.039000000000000146,2,0.16666666666666666,
s=-0.0075|fill,-0.0075,fill,B_USDT_PERP,做空,1788589500000,2026-09-05 14:25,0.2168,0.215174,0.20656704,0.22593270000000001,1788589800000,2026-09-05 14:30,0.20656704,止盈,False,False,0.040000000000000036,0.039000000000000035,1,0.08333333333333333,
s=-0.0075|fill,-0.0075,fill,B_USDT_PERP,做空,1788593400000,2026-09-05 15:30,0.1992,0.197706,0.18979775999999998,0.2075913,1788601200000,2026-09-05 17:40,0.18979775999999998,止盈,False,False,0.040000000000000036,0.039000000000000035,26,2.1666666666666665,
s=-0.0075|fill,-0.0075,fill,CAP_USDT_PERP,做空,1788492000000,2026-09-04 11:20,0.05311,0.052711675,0.050603208,0.05534725875,1788492600000,2026-09-04 11:30,0.050603208,止盈,False,False,0.040000000000000036,0.039000000000000035,2,0.16666666666666666,
s=-0.0075|fill,-0.0075,fill,CAP_USDT_PERP,做空,1788773100000,2026-09-07 17:25,0.04997,0.049595225,0.047611416,0.052074986250000004,1788779400000,2026-09-07 19:10,0.047611416,止盈,False,False,0.040000000000000036,0.039000000000000035,21,1.75,
s=-0.0075|fill,-0.0075,fill,CAP_USDT_PERP,做空,1789388700000,2026-09-14 20:25,0.06824,0.0677282,0.065019072,0.07111461000000001,1789389000000,2026-09-14 20:30,0.065019072,止盈,False,False,0.040000000000000036,0.039000000000000035,1,0.08333333333333333,
s=-0.0075|fill,-0.0075,fill,CASHCAT_USDT_PERP,做空,1789135500000,2026-09-11 22:05,0.1886,0.1871855,0.17969808,0.196544775,1789142100000,2026-09-11 23:55,0.17969808,止盈,False,False,0.039999999999999925,0.038999999999999924,22,1.8333333333333333,
s=-0.0075|fill,-0.0075,fill,CATI_USDT_PERP,做空,1788447000000,2026-09-03 22:50,0.06712,0.0666166,0.063951936,0.06994743,1788453600000,2026-09-04 00:40,0.063951936,止盈,False,False,0.039999999999999925,0.038999999999999924,22,1.8333333333333333,
s=-0.0075|fill,-0.0075,fill,CFG_USDT_PERP,做空,1788751800000,2026-09-07 11:30,0.1336,0.132598,0.12729407999999998,0.1392279,1788754500000,2026-09-07 12:15,0.12729407999999998,止盈,False,False,0.04000000000000015,0.039000000000000146,9,0.75,
s=-0.0075|fill,-0.0075,fill,CHIP_USDT_PERP,做空,1788423300000,2026-09-03 16:15,0.05177,0.051381724999999996,0.049326456,0.05395081125,1788435300000,2026-09-03 19:35,0.049326456,止盈,False,False,0.039999999999999925,0.038999999999999924,40,3.3333333333333335,
s=-0.0075|fill,-0.0075,fill,CLO_USDT_PERP,做空,1787046900000,2026-08-18 17:55,0.1373,0.13627025,0.13081944,0.14308376250000002,1787050200000,2026-08-18 18:50,0.14308376250000002,止損,False,False,-0.050000000000000044,-0.051000000000000045,11,0.9166666666666666,
s=-0.0075|fill,-0.0075,fill,CLO_USDT_PERP,做空,1787970000000,2026-08-29 10:20,0.1143,0.11344275000000001,0.10890504000000001,0.11911488750000002,1787971200000,2026-08-29 10:40,0.11911488750000002,止損,False,False,-0.050000000000000044,-0.051000000000000045,4,0.3333333333333333,
s=-0.0075|fill,-0.0075,fill,CLO_USDT_PERP,做空,1788320100000,2026-09-02 11:35,0.1616,0.160388,0.15397248,0.1684074,1788322200000,2026-09-02 12:10,0.1684074,止損,False,False,-0.050000000000000044,-0.051000000000000045,7,0.5833333333333334,
s=-0.0075|fill,-0.0075,fill,COLLECT_USDT_PERP,做空,1787230800000,2026-08-20 21:00,0.05943,0.058984275,0.056624904000000004,0.06193348875000001,1787232300000,2026-08-20 21:25,0.06193348875000001,止損,False,False,-0.050000000000000044,-0.051000000000000045,5,0.4166666666666667,
s=-0.0075|fill,-0.0075,fill,COLLECT_USDT_PERP,做空,1788603000000,2026-09-05 18:10,0.09433,0.093622525,0.08987762399999999,0.09830365125,1788603300000,2026-09-05 18:15,0.08987762399999999,止盈,False,False,0.04000000000000015,0.039000000000000146,1,0.08333333333333333,
s=-0.0075|fill,-0.0075,fill,COTI_USDT_PERP,做空,1787342100000,2026-08-22 03:55,0.01225,0.012158125,0.0116718,0.01276603125,1787343000000,2026-08-22 04:10,0.01276603125,止損,False,False,-0.050000000000000044,-0.051000000000000045,3,0.25,
s=-0.0075|fill,-0.0075,fill,COTI_USDT_PERP,做空,1788690600000,2026-09-06 18:30,0.01845,0.018311625,0.01757916,0.019227206250000003,1788692700000,2026-09-06 19:05,0.019227206250000003,止損,False,False,-0.050000000000000044,-0.051000000000000045,7,0.5833333333333334,
s=-0.0075|fill,-0.0075,fill,CROSS_USDT_PERP,做空,1786845000000,2026-08-16 09:50,0.10204,0.10127470000000001,0.097223712,0.10633843500000001,1786851600000,2026-08-16 11:40,0.10633843500000001,止損,False,False,-0.050000000000000044,-0.051000000000000045,22,1.8333333333333333,
s=-0.0075|fill,-0.0075,fill,CTR_USDT_PERP,做空,1789280700000,2026-09-13 14:25,0.01166,0.011572550000000001,0.011109648,0.0121511775,1789281000000,2026-09-13 14:30,0.011109648,止盈,False,False,0.04000000000000015,0.039000000000000146,1,0.08333333333333333,
s=-0.0075|fill,-0.0075,fill,CTR_USDT_PERP,做空,1789453200000,2026-09-15 14:20,0.01231,0.012217675,0.011728968000000001,0.012828558750000002,1789455000000,2026-09-15 14:50,0.011728968000000001,止盈,False,False,0.039999999999999925,0.038999999999999924,6,0.5,
s=-0.0075|fill,-0.0075,fill,CYS_USDT_PERP,做空,1789168500000,2026-09-12 07:15,0.1593,0.15810525,0.15178104,0.1660105125,1789170600000,2026-09-12 07:50,0.15178104,止盈,False,False,0.039999999999999925,0.038999999999999924,7,0.5833333333333334,
s=-0.0075|fill,-0.0075,fill,DASH_USDT_PERP,做空,1787367600000,2026-08-22 11:00,46.84,46.48870000000001,44.629152000000005,48.81313500000001,1787371500000,2026-08-22 12:05,44.629152000000005,止盈,False,False,0.040000000000000036,0.039000000000000035,13,1.0833333333333333,
s=-0.0075|fill,-0.0075,fill,DOGS_USDT_PERP,做空,1788200100000,2026-09-01 02:15,4.62e-05,4.58535e-05,4.401936e-05,4.8146175e-05,1788207600000,2026-09-01 04:20,4.401936e-05,止盈,False,False,0.040000000000000036,0.039000000000000035,25,2.0833333333333335,
s=-0.0075|fill,-0.0075,fill,EDEN_USDT_PERP,做空,1786982100000,2026-08-17 23:55,0.05434,0.05393245,0.051775152,0.0566290725,1786983600000,2026-08-18 00:20,0.051775152,止盈,False,False,0.040000000000000036,0.039000000000000035,5,0.4166666666666667,
s=-0.0075|fill,-0.0075,fill,EDGE_USDT_PERP,做空,1787213100000,2026-08-20 16:05,0.364,0.36127000000000004,0.3468192,0.37933350000000005,1787220300000,2026-08-20 18:05,0.3468192,止盈,False,False,0.04000000000000015,0.039000000000000146,24,2.0,
s=-0.0075|fill,-0.0075,fill,ELSA_USDT_PERP,做空,1788569700000,2026-09-05 08:55,0.05706,0.05663205,0.054366768,0.059463652500000005,1788572100000,2026-09-05 09:35,0.054366768,止盈,False,False,0.040000000000000036,0.039000000000000035,8,0.6666666666666666,
s=-0.0075|fill,-0.0075,fill,FF_USDT_PERP,做空,1788270000000,2026-09-01 21:40,0.09488,0.09416840000000001,0.090401664,0.09887682000000002,1788270600000,2026-09-01 21:50,0.09887682000000002,止損,False,False,-0.050000000000000044,-0.051000000000000045,2,0.16666666666666666,
s=-0.0075|fill,-0.0075,fill,FF_USDT_PERP,做空,1788274200000,2026-09-01 22:50,0.10179,0.10102657500000001,0.09698551200000001,0.10607790375000001,1788275700000,2026-09-01 23:15,0.09698551200000001,止盈,False,False,0.039999999999999925,0.038999999999999924,5,0.4166666666666667,
s=-0.0075|fill,-0.0075,fill,FF_USDT_PERP,做空,1789447800000,2026-09-15 12:50,0.15524,0.1540757,0.147912672,0.16177948500000003,1789448100000,2026-09-15 12:55,0.147912672,止盈,False,False,0.04000000000000015,0.039000000000000146,1,0.08333333333333333,
s=-0.0075|fill,-0.0075,fill,FHE_USDT_PERP,做空,1786983300000,2026-08-18 00:15,0.03218,0.03193865,0.030661103999999998,0.0335355825,1786983600000,2026-08-18 00:20,0.030661103999999998,止盈,False,False,0.040000000000000036,0.039000000000000035,1,0.08333333333333333,
s=-0.0075|fill,-0.0075,fill,FLUID_USDT_PERP,做空,1787715900000,2026-08-26 11:45,1.535,1.5234875,1.462548,1.5996618750000002,1787717400000,2026-08-26 12:10,1.5996618750000002,止損,False,False,-0.050000000000000044,-0.051000000000000045,5,0.4166666666666667,
s=-0.0075|fill,-0.0075,fill,FLUID_USDT_PERP,做空,1787721000000,2026-08-26 13:10,1.522,1.510585,1.4501616,1.58611425,1787736300000,2026-08-26 17:25,1.4501616,止盈,False,False,0.040000000000000036,0.039000000000000035,51,4.25,
s=-0.0075|fill,-0.0075,fill,GPS_USDT_PERP,做空,1786941600000,2026-08-17 12:40,0.014967,0.0148547475,0.0142605576,0.015597484875,1786942800000,2026-08-17 13:00,0.0142605576,止盈,False,False,0.040000000000000036,0.039000000000000035,4,0.3333333333333333,
s=-0.0075|fill,-0.0075,fill,GRIFFAIN_USDT_PERP,做空,1789197900000,2026-09-12 15:25,0.01287,0.012773475,0.012262536,0.01341214875,1789199100000,2026-09-12 15:45,0.01341214875,止損,False,False,-0.050000000000000044,-0.051000000000000045,4,0.3333333333333333,
s=-0.0075|fill,-0.0075,fill,GRIFFAIN_USDT_PERP,做空,1789202700000,2026-09-12 16:45,0.01472,0.0146096,0.014025216,0.01534008,1789203900000,2026-09-12 17:05,0.014025216,止盈,False,False,0.040000000000000036,0.039000000000000035,4,0.3333333333333333,
s=-0.0075|fill,-0.0075,fill,GWEI_USDT_PERP,做空,1787277300000,2026-08-21 09:55,0.02519,0.025001075,0.024001032,0.02625112875,1787278500000,2026-08-21 10:15,0.02625112875,止損,False,False,-0.050000000000000044,-0.051000000000000045,4,0.3333333333333333,
s=-0.0075|fill,-0.0075,fill,HAEDAL_USDT_PERP,做空,1788856200000,2026-09-08 16:30,0.02249,0.022321325,0.021428471999999997,0.02343739125,1788856800000,2026-09-08 16:40,0.02343739125,止損,False,False,-0.050000000000000044,-0.051000000000000045,2,0.16666666666666666,
s=-0.0075|fill,-0.0075,fill,HANA_USDT_PERP,做空,1787647500000,2026-08-25 16:45,0.02054,0.02038595,0.019570511999999998,0.021405247500000002,1787650200000,2026-08-25 17:30,0.021405247500000002,止損,False,False,-0.050000000000000044,-0.051000000000000045,9,0.75,
s=-0.0075|fill,-0.0075,fill,HEMI_USDT_PERP,做空,1787831400000,2026-08-27 19:50,0.00913,0.009061524999999999,0.008699064,0.00951460125,1787832300000,2026-08-27 20:05,0.008699064,止盈,False,False,0.039999999999999925,0.038999999999999924,3,0.25,
s=-0.0075|fill,-0.0075,fill,HEMI_USDT_PERP,做空,1787858400000,2026-08-28 03:20,0.01009,0.010014325000000001,0.009613752000000001,0.010515041250000001,1787864100000,2026-08-28 04:55,0.009613752000000001,止盈,False,False,0.039999999999999925,0.038999999999999924,19,1.5833333333333333,
s=-0.0075|fill,-0.0075,fill,HEMI_USDT_PERP,做空,1789403400000,2026-09-15 00:30,0.00705,0.006997125,0.006717239999999999,0.0073469812500000006,1789403700000,2026-09-15 00:35,0.006717239999999999,止盈,False,False,0.040000000000000036,0.039000000000000035,1,0.08333333333333333,
s=-0.0075|fill,-0.0075,fill,IDOL_USDT_PERP,做空,1789473300000,2026-09-15 19:55,0.01197,0.011880225,0.011405015999999999,0.01247423625,1789473900000,2026-09-15 20:05,0.011405015999999999,止盈,False,False,0.040000000000000036,0.039000000000000035,2,0.16666666666666666,
s=-0.0075|fill,-0.0075,fill,IDOL_USDT_PERP,做空,1789478400000,2026-09-15 21:20,0.0114,0.011314500000000002,0.01086192,0.011880225000000003,1789479000000,2026-09-15 21:30,0.01086192,止盈,False,False,0.040000000000000036,0.039000000000000035,2,0.16666666666666666,
s=-0.0075|fill,-0.0075,fill,IOST_USDT_PERP,做空,1788763500000,2026-09-07 14:45,0.000892,0.00088531,0.0008498976,0.0009295755,1788766800000,2026-09-07 15:40,0.0008498976,止盈,False,False,0.040000000000000036,0.039000000000000035,11,0.9166666666666666,
s=-0.0075|fill,-0.0075,fill,KAT_USDT_PERP,做空,1788925200000,2026-09-09 11:40,0.006139,0.006092957500000001,0.005849239200000001,0.006397605375000001,1788926700000,2026-09-09 12:05,0.005849239200000001,止盈,False,False,0.040000000000000036,0.039000000000000035,5,0.4166666666666667,
s=-0.0075|fill,-0.0075,fill,KERNEL_USDT_PERP,做空,1787824800000,2026-08-27 18:00,0.04664,0.046290200000000004,0.044438592,0.04860471,1787825100000,2026-08-27 18:05,0.044438592,止盈,False,False,0.04000000000000015,0.039000000000000146,1,0.08333333333333333,
s=-0.0075|fill,-0.0075,fill,LAB_USDT_PERP,做空,1789122000000,2026-09-11 18:20,0.05873,0.058289525,0.055957944,0.06120400125000001,1789123200000,2026-09-11 18:40,0.06120400125000001,止損,False,False,-0.050000000000000044,-0.051000000000000045,4,0.3333333333333333,
s=-0.0075|fill,-0.0075,fill,LAYER_USDT_PERP,做空,1788710400000,2026-09-07 00:00,0.0881,0.08743925,0.08394167999999999,0.0918112125,1788711300000,2026-09-07 00:15,0.08394167999999999,止盈,False,False,0.040000000000000036,0.039000000000000035,3,0.25,
s=-0.0075|fill,-0.0075,fill,LA_USDT_PERP,做空,1788312300000,2026-09-02 09:25,0.06491,0.064423175,0.061846248,0.06764433375000001,1788319500000,2026-09-02 11:25,0.061846248,止盈,False,False,0.040000000000000036,0.039000000000000035,24,2.0,
s=-0.0075|fill,-0.0075,fill,LIGHT_USDT_PERP,做空,1787730600000,2026-08-26 15:50,0.1766,0.17527550000000003,0.16826448000000002,0.18403927500000003,1787739000000,2026-08-26 18:10,0.16826448000000002,止盈,False,False,0.040000000000000036,0.039000000000000035,28,2.3333333333333335,
s=-0.0075|fill,-0.0075,fill,LIGHT_USDT_PERP,做空,1787909400000,2026-08-28 17:30,0.2318,0.23006150000000003,0.22085904000000003,0.24156457500000003,1787910600000,2026-08-28 17:50,0.24156457500000003,止損,False,False,-0.050000000000000044,-0.051000000000000045,4,0.3333333333333333,
s=-0.0075|fill,-0.0075,fill,LSK_USDT_PERP,做空,1787754600000,2026-08-26 22:30,0.112,0.11116000000000001,0.1067136,0.11671800000000002,1787755200000,2026-08-26 22:40,0.1067136,止盈,False,False,0.040000000000000036,0.039000000000000035,2,0.16666666666666666,
s=-0.0075|fill,-0.0075,fill,LUNA2_USDT_PERP,做空,1788782700000,2026-09-07 20:05,0.05437,0.053962225,0.051803736,0.056660336250000005,1788784800000,2026-09-07 20:40,0.051803736,止盈,False,False,0.040000000000000036,0.039000000000000035,7,0.5833333333333334,
s=-0.0075|fill,-0.0075,fill,MAGMA_USDT_PERP,做空,1787344200000,2026-08-22 04:30,0.32043,0.318026775,0.30530570399999996,0.33392811375,1787347800000,2026-08-22 05:30,0.30530570399999996,止盈,False,False,0.040000000000000036,0.039000000000000035,12,1.0,
s=-0.0075|fill,-0.0075,fill,MAGMA_USDT_PERP,做空,1789323300000,2026-09-14 02:15,0.26632,0.2643226,0.253749696,0.27753873,1789324500000,2026-09-14 02:35,0.27753873,止損,False,False,-0.050000000000000044,-0.051000000000000045,4,0.3333333333333333,
s=-0.0075|fill,-0.0075,fill,MANTRA_USDT_PERP,做空,1787903400000,2026-08-28 15:50,0.00476,0.004724300000000001,0.004535328000000001,0.004960515000000001,1787908200000,2026-08-28 17:10,0.004535328000000001,止盈,False,False,0.039999999999999925,0.038999999999999924,16,1.3333333333333333,
s=-0.0075|fill,-0.0075,fill,MELANIA_USDT_PERP,做空,1787371800000,2026-08-22 12:10,0.1263,0.12535275,0.12033864000000001,0.13162038750000002,1787373300000,2026-08-22 12:35,0.13162038750000002,止損,False,False,-0.050000000000000044,-0.051000000000000045,5,0.4166666666666667,
s=-0.0075|fill,-0.0075,fill,MOODENG_USDT_PERP,做空,1788629100000,2026-09-06 01:25,0.04783,0.047471275,0.045572424,0.04984483875,1788630300000,2026-09-06 01:45,0.045572424,止盈,False,False,0.040000000000000036,0.039000000000000035,4,0.3333333333333333,
s=-0.0075|fill,-0.0075,fill,MOODENG_USDT_PERP,做空,1789621200000,2026-09-17 13:00,0.04393,0.043600525,0.041856504,0.04578055125,1789622400000,2026-09-17 13:20,0.041856504,止盈,False,False,0.039999999999999925,0.038999999999999924,4,0.3333333333333333,
s=-0.0075|fill,-0.0075,fill,MOVE_USDT_PERP,做空,1787371500000,2026-08-22 12:05,0.00853,0.008466025,0.008127384,0.008889326250000001,1787373000000,2026-08-22 12:30,0.008889326250000001,止損,False,False,-0.050000000000000044,-0.051000000000000045,5,0.4166666666666667,
s=-0.0075|fill,-0.0075,fill,MOVR_USDT_PERP,做空,1786800000000,2026-08-15 21:20,0.985,0.9776125,0.938508,1.026493125,1786800900000,2026-08-15 21:35,0.938508,止盈,False,False,0.040000000000000036,0.039000000000000035,3,0.25,
s=-0.0075|fill,-0.0075,fill,MOVR_USDT_PERP,做空,1787802900000,2026-08-27 11:55,0.799,0.7930075000000001,0.7612872,0.8326578750000001,1787803500000,2026-08-27 12:05,0.8326578750000001,止損,False,False,-0.050000000000000044,-0.051000000000000045,2,0.16666666666666666,
s=-0.0075|fill,-0.0075,fill,MOVR_USDT_PERP,做空,1787807400000,2026-08-27 13:10,0.869,0.8624825,0.8279832,0.9056066250000001,1787807700000,2026-08-27 13:15,0.8279832,止盈,False,False,0.040000000000000036,0.039000000000000035,1,0.08333333333333333,
s=-0.0075|fill,-0.0075,fill,MUBARAK_USDT_PERP,做空,1788363600000,2026-09-02 23:40,0.02662,0.026420350000000002,0.025363536000000002,0.027741367500000003,1788364200000,2026-09-02 23:50,0.027741367500000003,止損,False,False,-0.050000000000000044,-0.051000000000000045,2,0.16666666666666666,
s=-0.0075|fill,-0.0075,fill,NAORIS_USDT_PERP,做空,1788591000000,2026-09-05 14:50,0.03141,0.031174425000000002,0.029927448000000002,0.032733146250000004,1788592200000,2026-09-05 15:10,0.029927448000000002,止盈,False,False,0.040000000000000036,0.039000000000000035,4,0.3333333333333333,
s=-0.0075|fill,-0.0075,fill,NAORIS_USDT_PERP,做空,1788691200000,2026-09-06 18:40,0.03484,0.034578700000000004,0.033195552,0.036307635000000005,1788695100000,2026-09-06 19:45,0.036307635000000005,止損,False,False,-0.050000000000000044,-0.051000000000000045,13,1.0833333333333333,
s=-0.0075|fill,-0.0075,fill,NOM_USDT_PERP,做空,1788576000000,2026-09-05 10:40,0.001789,0.0017755825000000001,0.0017045592,0.0018643616250000002,1788576900000,2026-09-05 10:55,0.0018643616250000002,止損,False,False,-0.050000000000000044,-0.051000000000000045,3,0.25,
s=-0.0075|fill,-0.0075,fill,NOM_USDT_PERP,做空,1788586800000,2026-09-05 13:40,0.002085,0.0020693625,0.001986588,0.0021728306250000003,1788588000000,2026-09-05 14:00,0.001986588,止盈,False,False,0.040000000000000036,0.039000000000000035,4,0.3333333333333333,
s=-0.0075|fill,-0.0075,fill,OG_USDT_PERP,做空,1787472300000,2026-08-23 16:05,3.071,3.0479675000000004,2.9260488000000002,3.2003658750000006,1787474100000,2026-08-23 16:35,2.9260488000000002,止盈,False,False,0.040000000000000036,0.039000000000000035,6,0.5,
s=-0.0075|fill,-0.0075,fill,ONG_USDT_PERP,做空,1786929900000,2026-08-17 09:25,0.06165,0.06118762500000001,0.05874012000000001,0.06424700625000002,1786930200000,2026-08-17 09:30,0.05874012000000001,止盈,False,False,0.040000000000000036,0.039000000000000035,1,0.08333333333333333,
s=-0.0075|fill,-0.0075,fill,ONG_USDT_PERP,做空,1787232900000,2026-08-20 21:35,0.06947,0.06894897500000001,0.066191016,0.07239642375000001,1787233500000,2026-08-20 21:45,0.07239642375000001,止損,False,False,-0.050000000000000044,-0.051000000000000045,2,0.16666666666666666,
s=-0.0075|fill,-0.0075,fill,ONG_USDT_PERP,做空,1787237700000,2026-08-20 22:55,0.08127,0.080660475,0.07743405599999999,0.08469349875,1787239800000,2026-08-20 23:30,0.07743405599999999,止盈,False,False,0.04000000000000015,0.039000000000000146,7,0.5833333333333334,
s=-0.0075|fill,-0.0075,fill,ONT_USDT_PERP,做空,1787258100000,2026-08-21 04:35,0.0544,0.053992,0.051832319999999994,0.0566916,1787258400000,2026-08-21 04:40,0.0566916,止損,False,False,-0.050000000000000044,-0.051000000000000045,1,0.08333333333333333,
s=-0.0075|fill,-0.0075,fill,ONT_USDT_PERP,做空,1787262000000,2026-08-21 05:40,0.0513,0.05091525,0.04887864,0.0534610125,1787270700000,2026-08-21 08:05,0.04887864,止盈,False,False,0.040000000000000036,0.039000000000000035,29,2.4166666666666665,
s=-0.0075|fill,-0.0075,fill,ON_USDT_PERP,做空,1788861900000,2026-09-08 18:05,0.211,0.2094175,0.2010408,0.21988837500000002,1788864600000,2026-09-08 18:50,0.2010408,止盈,False,False,0.040000000000000036,0.039000000000000035,9,0.75,
s=-0.0075|fill,-0.0075,fill,ORCA_USDT_PERP,做空,1788745800000,2026-09-07 09:50,1.642,1.629685,1.5644976,1.7111692500000002,1788752700000,2026-09-07 11:45,1.5644976,止盈,False,False,0.040000000000000036,0.039000000000000035,23,1.9166666666666667,
s=-0.0075|fill,-0.0075,fill,PHA_USDT_PERP,做空,1788972600000,2026-09-10 00:50,0.03342,0.03316935,0.031842576,0.034827817500000004,1788973200000,2026-09-10 01:00,0.034827817500000004,止損,False,False,-0.050000000000000044,-0.051000000000000045,2,0.16666666666666666,
s=-0.0075|fill,-0.0075,fill,PIEVERSE_USDT_PERP,做空,1787306700000,2026-08-21 18:05,1.1295,1.12102875,1.0761876,1.1770801875,1787310300000,2026-08-21 19:05,1.0761876,止盈,False,False,0.04000000000000015,0.039000000000000146,12,1.0,
s=-0.0075|fill,-0.0075,fill,PIEVERSE_USDT_PERP,做空,1788789300000,2026-09-07 21:55,1.3018,1.2920365,1.24035504,1.356638325,1788793800000,2026-09-07 23:10,1.24035504,止盈,False,False,0.039999999999999925,0.038999999999999924,15,1.25,
s=-0.0075|fill,-0.0075,fill,PIXEL_USDT_PERP,做空,1786865400000,2026-08-16 15:30,0.00611,0.006064175000000001,0.005821608000000001,0.006367383750000001,1786866300000,2026-08-16 15:45,0.005821608000000001,止盈,False,False,0.040000000000000036,0.039000000000000035,3,0.25,
s=-0.0075|fill,-0.0075,fill,PORTAL_USDT_PERP,做空,1786885200000,2026-08-16 21:00,0.01597,0.015850225000000003,0.015216216000000001,0.016642736250000005,1786886400000,2026-08-16 21:20,0.015216216000000001,止盈,False,False,0.040000000000000036,0.039000000000000035,4,0.3333333333333333,
s=-0.0075|fill,-0.0075,fill,PORTAL_USDT_PERP,做空,1787544900000,2026-08-24 12:15,0.01602,0.01589985,0.015263856,0.0166948425,1787546100000,2026-08-24 12:35,0.015263856,止盈,False,False,0.040000000000000036,0.039000000000000035,4,0.3333333333333333,
s=-0.0075|fill,-0.0075,fill,PORTAL_USDT_PERP,做空,1787721000000,2026-08-26 13:10,0.01896,0.018817800000000003,0.018065088000000003,0.019758690000000002,1787722200000,2026-08-26 13:30,0.019758690000000002,止損,False,False,-0.050000000000000044,-0.051000000000000045,4,0.3333333333333333,
s=-0.0075|fill,-0.0075,fill,PORTAL_USDT_PERP,做空,1788444900000,2026-09-03 22:15,0.01665,0.016525125,0.015864120000000002,0.017351381250000002,1788445200000,2026-09-03 22:20,0.015864120000000002,止盈,False,False,0.039999999999999925,0.038999999999999924,1,0.08333333333333333,
s=-0.0075|fill,-0.0075,fill,POWR_USDT_PERP,做空,1789258200000,2026-09-13 08:10,0.06576,0.0652668,0.06265612799999999,0.06853014,1789258500000,2026-09-13 08:15,0.06853014,止損,False,False,-0.050000000000000044,-0.051000000000000045,1,0.08333333333333333,
s=-0.0075|fill,-0.0075,fill,POWR_USDT_PERP,做空,1789263000000,2026-09-13 09:30,0.0824,0.08178200000000001,0.07851072,0.0858711,1789263600000,2026-09-13 09:40,0.07851072,止盈,False,False,0.040000000000000036,0.039000000000000035,2,0.16666666666666666,
s=-0.0075|fill,-0.0075,fill,POWR_USDT_PERP,做空,1789267800000,2026-09-13 10:50,0.08243,0.081811775,0.078539304,0.08590236375,1789268100000,2026-09-13 10:55,0.078539304,止盈,False,False,0.040000000000000036,0.039000000000000035,1,0.08333333333333333,
s=-0.0075|fill,-0.0075,fill,PROMPT_USDT_PERP,做空,1788000900000,2026-08-29 18:55,0.02727,0.027065475000000002,0.025982856000000002,0.028418748750000004,1788001200000,2026-08-29 19:00,0.025982856000000002,止盈,False,False,0.040000000000000036,0.039000000000000035,1,0.08333333333333333,
s=-0.0075|fill,-0.0075,fill,PROS_USDT_PERP,做空,1788927600000,2026-09-09 12:20,0.5005,0.49674624999999994,0.4768763999999999,0.5215835624999999,1788929100000,2026-09-09 12:45,0.5215835624999999,止損,False,False,-0.050000000000000044,-0.051000000000000045,5,0.4166666666666667,
s=-0.0075|fill,-0.0075,fill,PTB_USDT_PERP,做空,1788529800000,2026-09-04 21:50,0.000816,0.00080988,0.0007774848,0.0008503740000000001,1788530100000,2026-09-04 21:55,0.0007774848,止盈,False,False,0.040000000000000036,0.039000000000000035,1,0.08333333333333333,
s=-0.0075|fill,-0.0075,fill,Q_USDT_PERP,做空,1788496200000,2026-09-04 12:30,0.026302,0.026104735,0.0250605456,0.02740997175,1788496800000,2026-09-04 12:40,0.0250605456,止盈,False,False,0.039999999999999925,0.038999999999999924,2,0.16666666666666666,
s=-0.0075|fill,-0.0075,fill,RATS_USDT_PERP,做空,1787062500000,2026-08-18 22:15,5.136e-05,5.0974800000000005e-05,4.8935808e-05,5.3523540000000006e-05,1787063400000,2026-08-18 22:30,5.3523540000000006e-05,止損,False,False,-0.050000000000000044,-0.051000000000000045,3,0.25,
s=-0.0075|fill,-0.0075,fill,RAY_USDT_PERP,做空,1788665400000,2026-09-06 11:30,1.109,1.1006825,1.0566552,1.1557166250000002,1788666600000,2026-09-06 11:50,1.1557166250000002,止損,False,False,-0.050000000000000044,-0.051000000000000045,4,0.3333333333333333,
s=-0.0075|fill,-0.0075,fill,RAY_USDT_PERP,做空,1788670500000,2026-09-06 12:55,1.154,1.145345,1.0995312,1.20261225,1788676500000,2026-09-06 14:35,1.0995312,止盈,False,False,0.04000000000000015,0.039000000000000146,20,1.6666666666666667,
s=-0.0075|fill,-0.0075,fill,REZ_USDT_PERP,做空,1789016700000,2026-09-10 13:05,0.00362,0.0035928500000000003,0.003449136,0.0037724925000000003,1789017600000,2026-09-10 13:20,0.0037724925000000003,止損,False,False,-0.050000000000000044,-0.051000000000000045,3,0.25,
s=-0.0075|fill,-0.0075,fill,REZ_USDT_PERP,做空,1789287600000,2026-09-13 16:20,0.003949,0.0039193825000000005,0.0037626072000000003,0.004115351625000001,1789289400000,2026-09-13 16:50,0.0037626072000000003,止盈,False,False,0.040000000000000036,0.039000000000000035,6,0.5,
s=-0.0075|fill,-0.0075,fill,RE_USDT_PERP,做空,1787158200000,2026-08-20 00:50,0.4973,0.49357025000000004,0.47382744000000004,0.5182487625000001,1787166300000,2026-08-20 03:05,0.5182487625000001,止損,False,False,-0.050000000000000044,-0.051000000000000045,27,2.25,
s=-0.0075|fill,-0.0075,fill,RE_USDT_PERP,做空,1787363100000,2026-08-22 09:45,0.6057,0.6011572500000001,0.5771109600000001,0.6312151125000001,1787374500000,2026-08-22 12:55,0.5771109600000001,止盈,False,False,0.040000000000000036,0.039000000000000035,38,3.1666666666666665,
s=-0.0075|fill,-0.0075,fill,SAGA_USDT_PERP,做空,1789058100000,2026-09-11 00:35,0.01776,0.0176268,0.016921728,0.018508140000000003,1789060200000,2026-09-11 01:10,0.018508140000000003,止損,False,False,-0.050000000000000044,-0.051000000000000045,7,0.5833333333333334,
s=-0.0075|fill,-0.0075,fill,SIREN_USDT_PERP,做空,1787970900000,2026-08-29 10:35,0.03355,0.033298375000000005,0.031966440000000006,0.034963293750000006,1787972700000,2026-08-29 11:05,0.031966440000000006,止盈,False,False,0.039999999999999925,0.038999999999999924,6,0.5,
s=-0.0075|fill,-0.0075,fill,SKR_USDT_PERP,做空,1787875800000,2026-08-28 08:10,0.011903,0.011813727500000001,0.0113411784,0.012404413875,1787876700000,2026-08-28 08:25,0.012404413875,止損,False,False,-0.050000000000000044,-0.051000000000000045,3,0.25,
s=-0.0075|fill,-0.0075,fill,SKR_USDT_PERP,做空,1787880600000,2026-08-28 09:30,0.011993,0.0119030525,0.0114269304,0.012498205125000002,1787882100000,2026-08-28 09:55,0.012498205125000002,止損,False,False,-0.050000000000000044,-0.051000000000000045,5,0.4166666666666667,
s=-0.0075|fill,-0.0075,fill,SKR_USDT_PERP,做空,1788069000000,2026-08-30 13:50,0.013432,0.01333126,0.012798009599999998,0.013997823,1788071700000,2026-08-30 14:35,0.012798009599999998,止盈,False,False,0.040000000000000036,0.039000000000000035,9,0.75,
s=-0.0075|fill,-0.0075,fill,SOLV_USDT_PERP,做空,1788684000000,2026-09-06 16:40,0.00374,0.00371195,0.003563472,0.0038975475,1788685500000,2026-09-06 17:05,0.0038975475,止損,False,False,-0.050000000000000044,-0.051000000000000045,5,0.4166666666666667,
s=-0.0075|fill,-0.0075,fill,SPK_USDT_PERP,做空,1787292600000,2026-08-21 14:10,0.01886,0.01871855,0.017969808,0.0196544775,1787293200000,2026-08-21 14:20,0.017969808,止盈,False,False,0.040000000000000036,0.039000000000000035,2,0.16666666666666666,
s=-0.0075|fill,-0.0075,fill,SPORTFUN_USDT_PERP,做空,1786824600000,2026-08-16 04:10,0.02552,0.025328600000000003,0.024315456000000003,0.026595030000000006,1786826100000,2026-08-16 04:35,0.026595030000000006,止損,False,False,-0.050000000000000044,-0.051000000000000045,5,0.4166666666666667,
s=-0.0075|fill,-0.0075,fill,SPORTFUN_USDT_PERP,做空,1786829700000,2026-08-16 05:35,0.02981,0.029586425,0.028402967999999997,0.03106574625,1786830300000,2026-08-16 05:45,0.03106574625,止損,False,False,-0.050000000000000044,-0.051000000000000045,2,0.16666666666666666,
s=-0.0075|fill,-0.0075,fill,SPORTFUN_USDT_PERP,做空,1786836000000,2026-08-16 07:20,0.03291,0.032663175,0.031356648,0.034296333750000005,1786838100000,2026-08-16 07:55,0.031356648,止盈,False,False,0.040000000000000036,0.039000000000000035,7,0.5833333333333334,
s=-0.0075|fill,-0.0075,fill,SQD_USDT_PERP,做空,1787662500000,2026-08-25 20:55,0.03679,0.03651407500000001,0.035053512,0.03833977875000001,1787664000000,2026-08-25 21:20,0.035053512,止盈,False,False,0.04000000000000015,0.039000000000000146,5,0.4166666666666667,
s=-0.0075|fill,-0.0075,fill,SSV_USDT_PERP,做空,1787297100000,2026-08-21 15:25,2.816,2.79488,2.6830848,2.9346240000000003,1787298000000,2026-08-21 15:40,2.9346240000000003,止損,False,False,-0.050000000000000044,-0.051000000000000045,3,0.25,
s=-0.0075|fill,-0.0075,fill,SSV_USDT_PERP,做空,1787301600000,2026-08-21 16:40,2.839,2.8177075,2.7049992,2.9585928750000003,1787313300000,2026-08-21 19:55,2.9585928750000003,止損,False,False,-0.050000000000000044,-0.051000000000000045,39,3.25,
s=-0.0075|fill,-0.0075,fill,STABLE_USDT_PERP,做空,1787265000000,2026-08-21 06:30,0.03199,0.031750075,0.030480072,0.033337578750000006,1787351100000,2026-08-22 06:25,0.033337578750000006,止損,False,False,-0.050000000000000044,-0.051000000000000045,287,23.916666666666668,
s=-0.0075|fill,-0.0075,fill,STAR_USDT_PERP,做空,1786962600000,2026-08-17 18:30,0.12102,0.12011235,0.115307856,0.1261179675,1786969800000,2026-08-17 20:30,0.1261179675,止損,False,False,-0.050000000000000044,-0.051000000000000045,24,2.0,
s=-0.0075|fill,-0.0075,fill,STAR_USDT_PERP,做空,1787113200000,2026-08-19 12:20,0.13046,0.12948155,0.124302288,0.1359556275,1787117400000,2026-08-19 13:30,0.1359556275,止損,False,False,-0.050000000000000044,-0.051000000000000045,14,1.1666666666666667,
s=-0.0075|fill,-0.0075,fill,STAR_USDT_PERP,做空,1787316900000,2026-08-21 20:55,0.16075,0.15954437500000002,0.1531626,0.16752159375000003,1787317200000,2026-08-21 21:00,0.1531626,止盈,False,False,0.040000000000000036,0.039000000000000035,1,0.08333333333333333,
s=-0.0075|fill,-0.0075,fill,STAR_USDT_PERP,做空,1787565300000,2026-08-24 17:55,0.14315,0.142076375,0.13639332,0.14918019375000002,1787573700000,2026-08-24 20:15,0.13639332,止盈,False,False,0.039999999999999925,0.038999999999999924,28,2.3333333333333335,
s=-0.0075|fill,-0.0075,fill,SUPER_USDT_PERP,做空,1787577300000,2026-08-24 21:15,0.1293,0.12833025,0.12319704000000001,0.1347467625,1787577900000,2026-08-24 21:25,0.12319704000000001,止盈,False,False,0.040000000000000036,0.039000000000000035,2,0.16666666666666666,
s=-0.0075|fill,-0.0075,fill,SUSHI_USDT_PERP,做空,1788630000000,2026-09-06 01:40,0.2401,0.23829925000000002,0.22876728000000002,0.25021421250000003,1788631200000,2026-09-06 02:00,0.25021421250000003,止損,False,False,-0.050000000000000044,-0.051000000000000045,4,0.3333333333333333,
s=-0.0075|fill,-0.0075,fill,SUSHI_USDT_PERP,做空,1788636300000,2026-09-06 03:25,0.2775,0.27541875000000005,0.264402,0.28918968750000007,1788637200000,2026-09-06 03:40,0.264402,止盈,False,False,0.040000000000000036,0.039000000000000035,3,0.25,
s=-0.0075|fill,-0.0075,fill,TAC_USDT_PERP,做空,1787438100000,2026-08-23 06:35,0.001749,0.0017358825,0.0016664472,0.001822676625,1787439000000,2026-08-23 06:50,0.0016664472,止盈,False,False,0.039999999999999925,0.038999999999999924,3,0.25,
s=-0.0075|fill,-0.0075,fill,TA_USDT_PERP,做空,1789214400000,2026-09-12 20:00,0.06008,0.059629400000000006,0.057244224,0.06261087000000001,1789222800000,2026-09-12 22:20,0.06261087000000001,止損,False,False,-0.050000000000000044,-0.051000000000000045,28,2.3333333333333335,
s=-0.0075|fill,-0.0075,fill,TLM_USDT_PERP,做空,1787670300000,2026-08-25 23:05,0.001672,0.0016594600000000002,0.0015930816,0.0017424330000000003,1787674200000,2026-08-26 00:10,0.0015930816,止盈,False,False,0.040000000000000036,0.039000000000000035,13,1.0833333333333333,
s=-0.0075|fill,-0.0075,fill,TNSR_USDT_PERP,做空,1788096000000,2026-08-30 21:20,0.04212,0.0418041,0.04013193599999999,0.043894305,1788097500000,2026-08-30 21:45,0.043894305,止損,False,False,-0.050000000000000044,-0.051000000000000045,5,0.4166666666666667,
s=-0.0075|fill,-0.0075,fill,TRADOOR_USDT_PERP,做空,1788592200000,2026-09-05 15:10,0.7411,0.73554175,0.7061200799999999,0.7723188375000001,1788592500000,2026-09-05 15:15,0.7723188375000001,止損,True,False,-0.050000000000000044,-0.051000000000000045,1,0.08333333333333333,同一根同時觸發→保守計止損
s=-0.0075|fill,-0.0075,fill,TRB_USDT_PERP,做空,1787365800000,2026-08-22 10:30,21.825,21.6613125,20.79486,22.744378125,1787366100000,2026-08-22 10:35,22.744378125,止損,False,False,-0.050000000000000044,-0.051000000000000045,1,0.08333333333333333,
s=-0.0075|fill,-0.0075,fill,TREE_USDT_PERP,做空,1787150100000,2026-08-19 22:35,0.04051,0.040206175,0.038597928,0.04221648375,1787152500000,2026-08-19 23:15,0.04221648375,止損,False,False,-0.050000000000000044,-0.051000000000000045,8,0.6666666666666666,
s=-0.0075|fill,-0.0075,fill,TREE_USDT_PERP,做空,1787156100000,2026-08-20 00:15,0.04573,0.045387025000000004,0.043571544000000004,0.04765637625000001,1787157300000,2026-08-20 00:35,0.043571544000000004,止盈,False,False,0.040000000000000036,0.039000000000000035,4,0.3333333333333333,
s=-0.0075|fill,-0.0075,fill,TREE_USDT_PERP,做空,1789172400000,2026-09-12 08:20,0.04535,0.045009875000000005,0.04320948,0.047260368750000004,1789173000000,2026-09-12 08:30,0.04320948,止盈,False,False,0.040000000000000036,0.039000000000000035,2,0.16666666666666666,
s=-0.0075|fill,-0.0075,fill,TRIA_USDT_PERP,做空,1788495300000,2026-09-04 12:15,0.0049,0.00486325,0.00466872,0.005106412500000001,1788495600000,2026-09-04 12:20,0.00466872,止盈,False,False,0.040000000000000036,0.039000000000000035,1,0.08333333333333333,
s=-0.0075|fill,-0.0075,fill,TRIA_USDT_PERP,做空,1788503700000,2026-09-04 14:35,0.00525,0.005210625000000001,0.005002200000000001,0.005471156250000001,1788506400000,2026-09-04 15:20,0.005002200000000001,止盈,False,False,0.040000000000000036,0.039000000000000035,9,0.75,
s=-0.0075|fill,-0.0075,fill,TRUMP_USDT_PERP,做空,1787175000000,2026-08-20 05:30,1.707,1.6941975000000002,1.6264296000000003,1.7789073750000004,1787181300000,2026-08-20 07:15,1.7789073750000004,止損,False,False,-0.050000000000000044,-0.051000000000000045,21,1.75,
s=-0.0075|fill,-0.0075,fill,US_USDT_PERP,做空,1787325300000,2026-08-21 23:15,0.01978,0.01963165,0.018846384,0.020613232500000002,1787325600000,2026-08-21 23:20,0.020613232500000002,止損,False,False,-0.050000000000000044,-0.051000000000000045,1,0.08333333333333333,
s=-0.0075|fill,-0.0075,fill,US_USDT_PERP,做空,1787329500000,2026-08-22 00:25,0.02225,0.022083125,0.021199799999999998,0.02318728125,1787330100000,2026-08-22 00:35,0.02318728125,止損,False,False,-0.050000000000000044,-0.051000000000000045,2,0.16666666666666666,
s=-0.0075|fill,-0.0075,fill,WAL_USDT_PERP,做空,1786788900000,2026-08-15 18:15,0.0272,0.026996,0.025916159999999997,0.0283458,1786791000000,2026-08-15 18:50,0.025916159999999997,止盈,False,False,0.040000000000000036,0.039000000000000035,7,0.5833333333333334,
s=-0.0075|fill,-0.0075,fill,XPIN_USDT_PERP,做空,1786950300000,2026-08-17 15:05,0.001551,0.0015393675000000002,0.0014777928000000002,0.0016163358750000002,1786951200000,2026-08-17 15:20,0.0014777928000000002,止盈,False,False,0.040000000000000036,0.039000000000000035,3,0.25,
s=-0.0075|fill,-0.0075,fill,XPIN_USDT_PERP,做空,1787291700000,2026-08-21 13:55,0.001328,0.0013180400000000001,0.0012653184,0.0013839420000000002,1787294700000,2026-08-21 14:45,0.0012653184,止盈,False,False,0.04000000000000015,0.039000000000000146,10,0.8333333333333334,
s=-0.0075|fill,-0.0075,fill,XPIN_USDT_PERP,做空,1789367400000,2026-09-14 14:30,0.000886,0.000879355,0.0008441807999999999,0.00092332275,1789367700000,2026-09-14 14:35,0.00092332275,止損,False,False,-0.050000000000000044,-0.051000000000000045,1,0.08333333333333333,
s=-0.0075|fill,-0.0075,fill,XVG_USDT_PERP,做空,1787370900000,2026-08-22 11:55,0.002919,0.0028971075000000005,0.0027812232000000003,0.0030419628750000005,1787372100000,2026-08-22 12:15,0.0027812232000000003,止盈,False,False,0.040000000000000036,0.039000000000000035,4,0.3333333333333333,
s=-0.0075|fill,-0.0075,fill,ZEST_USDT_PERP,做空,1787740800000,2026-08-26 18:40,0.16483,0.16359377500000002,0.157050024,0.17177346375000002,1787743500000,2026-08-26 19:25,0.157050024,止盈,False,False,0.040000000000000036,0.039000000000000035,9,0.75,
s=-0.0075|fill,-0.0075,fill,ZEST_USDT_PERP,做空,1788426900000,2026-09-03 17:15,0.15617,0.154998725,0.148798776,0.16274866125,1788427200000,2026-09-03 17:20,0.16274866125,止損,True,False,-0.050000000000000044,-0.051000000000000045,1,0.08333333333333333,同一根同時觸發→保守計止損
s=-0.0075|fill,-0.0075,fill,ZEST_USDT_PERP,做空,1788433500000,2026-09-03 19:05,0.14801,0.14689992500000001,0.14102392800000002,0.15424492125000003,1788454200000,2026-09-04 00:50,0.15424492125000003,止損,False,False,-0.050000000000000044,-0.051000000000000045,69,5.75,
s=-0.0075|fill,-0.0075,fill,ZKC_USDT_PERP,做空,1788061500000,2026-08-30 11:45,0.049,0.0486325,0.0466872,0.051064125,1788062400000,2026-08-30 12:00,0.0466872,止盈,False,False,0.040000000000000036,0.039000000000000035,3,0.25,
s=-0.0075|fill,-0.0075,fill,ZKC_USDT_PERP,做空,1788076200000,2026-08-30 15:50,0.0528,0.052404,0.05030784,0.0550242,1788081600000,2026-08-30 17:20,0.0550242,止損,False,False,-0.050000000000000044,-0.051000000000000045,18,1.5,
s=-0.0075|fill,-0.0075,fill,ZKP_USDT_PERP,做空,1788017400000,2026-08-29 23:30,0.05268,0.0522849,0.050193504,0.054899145,1788018000000,2026-08-29 23:40,0.050193504,止盈,False,False,0.040000000000000036,0.039000000000000035,2,0.16666666666666666,
s=-0.0075|fill,-0.0075,fill,ZORA_USDT_PERP,做空,1787316300000,2026-08-21 20:45,0.00687,0.006818475000000001,0.006545736000000001,0.007159398750000001,1787317200000,2026-08-21 21:00,0.007159398750000001,止損,False,False,-0.050000000000000044,-0.051000000000000045,3,0.25,
s=-0.0075|fill,-0.0075,fill,ZORA_USDT_PERP,做空,1787321100000,2026-08-21 22:05,0.00706,0.007007050000000001,0.006726768,0.007357402500000001,1787323800000,2026-08-21 22:50,0.006726768,止盈,False,False,0.040000000000000036,0.039000000000000035,9,0.75,
s=-0.0075|fill,-0.0075,fill,ZORA_USDT_PERP,做空,1788124200000,2026-08-31 05:10,0.00815,0.008088874999999999,0.007765319999999998,0.00849331875,1788124500000,2026-08-31 05:15,0.00849331875,止損,False,False,-0.050000000000000044,-0.051000000000000045,1,0.08333333333333333,
s=-0.0075|fill,-0.0075,fill,ZRO_USDT_PERP,做空,1787665200000,2026-08-25 21:40,1.2411,1.2317917500000002,1.1825200800000002,1.2933813375000003,1787665800000,2026-08-25 21:50,1.1825200800000002,止盈,False,False,0.040000000000000036,0.039000000000000035,2,0.16666666666666666,
s=-0.0075|fill,-0.0075,fill,ZRO_USDT_PERP,做空,1787669700000,2026-08-25 22:55,1.2125,1.20340625,1.15527,1.2635765625000002,1787673000000,2026-08-25 23:50,1.2635765625000002,止損,False,False,-0.050000000000000044,-0.051000000000000045,11,0.9166666666666666,
s=-0.0075|fill,-0.0075,fill,哈基米_USDT_PERP,做空,1789068300000,2026-09-11 03:25,0.03622,0.035948350000000004,0.034510416,0.037745767500000006,1789068900000,2026-09-11 03:35,0.037745767500000006,止損,False,False,-0.050000000000000044,-0.051000000000000045,2,0.16666666666666666,
s=-0.0075|fill,-0.0075,fill,哈基米_USDT_PERP,做空,1789098300000,2026-09-11 11:45,0.0411,0.04079175,0.03916008,0.042831337500000004,1789099500000,2026-09-11 12:05,0.03916008,止盈,False,False,0.040000000000000036,0.039000000000000035,4,0.3333333333333333,
s=-0.0075|fill,-0.0075,fill,哈基米_USDT_PERP,做空,1789103100000,2026-09-11 13:05,0.04118,0.04087115,0.039236304,0.0429147075,1789103700000,2026-09-11 13:15,0.039236304,止盈,False,False,0.040000000000000036,0.039000000000000035,2,0.16666666666666666,
s=-0.0075|fill,-0.0075,fill,我踏马来了_USDT_PERP,做空,1788010200000,2026-08-29 21:30,0.014341,0.0142334425,0.0136641048,0.014945114625,1788010500000,2026-08-29 21:35,0.0136641048,止盈,False,False,0.040000000000000036,0.039000000000000035,1,0.08333333333333333,
s=-0.0075|fill,-0.0075,fill,我踏马来了_USDT_PERP,做空,1789083600000,2026-09-11 07:40,0.012087,0.0119963475,0.0115164936,0.012596164875000001,1789094100000,2026-09-11 10:35,0.012596164875000001,止損,False,False,-0.050000000000000044,-0.051000000000000045,35,2.9166666666666665,
s=-0.0075|fill,-0.0075,fill,我踏马来了_USDT_PERP,做空,1789190100000,2026-09-12 13:15,0.015,0.0148875,0.014292,0.015631875,1789190400000,2026-09-12 13:20,0.014292,止盈,False,False,0.040000000000000036,0.039000000000000035,1,0.08333333333333333,
s=-0.0100|signal,-0.01,signal,0G_USDT_PERP,做空,1788174300000,2026-08-31 19:05,0.2285,0.226215,0.21936,0.23992500000000003,1788177900000,2026-08-31 20:05,0.21936,止盈,False,False,0.030303030303030276,0.029303030303030275,12,1.0,
s=-0.0100|signal,-0.01,signal,4_USDT_PERP,做空,1787999100000,2026-08-29 18:25,0.01703,0.0168597,0.0163488,0.0178815,1788000600000,2026-08-29 18:50,0.0163488,止盈,False,False,0.030303030303030165,0.029303030303030164,5,0.4166666666666667,
s=-0.0100|signal,-0.01,signal,4_USDT_PERP,做空,1788539700000,2026-09-05 00:35,0.01808,0.017899199999999997,0.0173568,0.018984,1788540300000,2026-09-05 00:45,0.018984,止損,False,False,-0.060606060606060774,-0.061606060606060775,2,0.16666666666666666,
s=-0.0100|signal,-0.01,signal,4_USDT_PERP,做空,1788544500000,2026-09-05 01:55,0.02088,0.0206712,0.020044799999999998,0.021924,1788545700000,2026-09-05 02:15,0.021924,止損,False,False,-0.06060606060606055,-0.06160606060606055,4,0.3333333333333333,
s=-0.0100|signal,-0.01,signal,4_USDT_PERP,做空,1788549300000,2026-09-05 03:15,0.02226,0.0220374,0.0213696,0.023372999999999998,1788550200000,2026-09-05 03:30,0.0213696,止盈,False,False,0.030303030303030276,0.029303030303030275,3,0.25,
s=-0.0100|signal,-0.01,signal,4_USDT_PERP,做空,1788777900000,2026-09-07 18:45,0.02664,0.0263736,0.0255744,0.027972,1788779100000,2026-09-07 19:05,0.0255744,止盈,False,False,0.030303030303030276,0.029303030303030275,4,0.3333333333333333,
s=-0.0100|signal,-0.01,signal,ACE_USDT_PERP,做空,1788265800000,2026-09-01 20:30,0.18806,0.1861794,0.1805376,0.19746300000000003,1788266700000,2026-09-01 20:45,0.1805376,止盈,False,False,0.030303030303030276,0.029303030303030275,3,0.25,
s=-0.0100|signal,-0.01,signal,AGT_USDT_PERP,做空,1788193800000,2026-09-01 00:30,0.017237,0.017064629999999997,0.01654752,0.01809885,1788194100000,2026-09-01 00:35,0.01654752,止盈,False,False,0.030303030303030165,0.029303030303030164,1,0.08333333333333333,
s=-0.0100|signal,-0.01,signal,AGT_USDT_PERP,做空,1788198600000,2026-09-01 01:50,0.017307,0.01713393,0.01661472,0.01817235,1788212100000,2026-09-01 05:35,0.01661472,止盈,False,False,0.030303030303030276,0.029303030303030275,45,3.75,
s=-0.0100|signal,-0.01,signal,AGT_USDT_PERP,做空,1788236400000,2026-09-01 12:20,0.018968,0.018778319999999998,0.018209279999999998,0.0199164,1788236700000,2026-09-01 12:25,0.018209279999999998,止盈,False,False,0.030303030303030276,0.029303030303030275,1,0.08333333333333333,
s=-0.0100|signal,-0.01,signal,AIN_USDT_PERP,做空,1789365000000,2026-09-14 13:50,0.10972,0.10862279999999999,0.1053312,0.115206,1789365600000,2026-09-14 14:00,0.1053312,止盈,False,False,0.030303030303030276,0.029303030303030275,2,0.16666666666666666,
s=-0.0100|signal,-0.01,signal,AIN_USDT_PERP,做空,1789369200000,2026-09-14 15:00,0.10454,0.10349459999999999,0.10035839999999999,0.109767,1789371000000,2026-09-14 15:30,0.10035839999999999,止盈,False,False,0.030303030303030387,0.029303030303030386,6,0.5,
s=-0.0100|signal,-0.01,signal,ALCH_USDT_PERP,做空,1787734500000,2026-08-26 16:55,0.03262,0.032293800000000004,0.0313152,0.034251000000000004,1787734800000,2026-08-26 17:00,0.0313152,止盈,False,False,0.030303030303030387,0.029303030303030386,1,0.08333333333333333,
s=-0.0100|signal,-0.01,signal,ANIME_USDT_PERP,做空,1789024500000,2026-09-10 15:15,0.003552,0.00351648,0.00340992,0.0037296,1789025400000,2026-09-10 15:30,0.00340992,止盈,False,False,0.030303030303030387,0.029303030303030386,3,0.25,
s=-0.0100|signal,-0.01,signal,APR_USDT_PERP,做空,1787060700000,2026-08-18 21:45,0.2187,0.216513,0.209952,0.229635,1787061300000,2026-08-18 21:55,0.209952,止盈,False,False,0.030303030303030387,0.029303030303030386,2,0.16666666666666666,
s=-0.0100|signal,-0.01,signal,APR_USDT_PERP,做空,1788454200000,2026-09-04 00:50,0.269,0.26631,0.25824,0.28245000000000003,1788454500000,2026-09-04 00:55,0.25824,止盈,False,False,0.030303030303030165,0.029303030303030164,1,0.08333333333333333,
s=-0.0100|signal,-0.01,signal,APR_USDT_PERP,做空,1788463200000,2026-09-04 03:20,0.2691,0.266409,0.258336,0.282555,1788464100000,2026-09-04 03:35,0.282555,止損,False,False,-0.06060606060606055,-0.06160606060606055,3,0.25,
s=-0.0100|signal,-0.01,signal,APR_USDT_PERP,做空,1788468300000,2026-09-04 04:45,0.27595,0.27319049999999995,0.264912,0.2897475,1788475200000,2026-09-04 06:40,0.264912,止盈,False,False,0.030303030303030165,0.029303030303030164,23,1.9166666666666667,
s=-0.0100|signal,-0.01,signal,ASTR_USDT_PERP,做空,1789434300000,2026-09-15 09:05,0.006865,0.00679635,0.0065904,0.00720825,1789434600000,2026-09-15 09:10,0.00720825,止損,False,False,-0.060606060606060774,-0.061606060606060775,1,0.08333333333333333,
s=-0.0100|signal,-0.01,signal,ASTR_USDT_PERP,做空,1789438800000,2026-09-15 10:20,0.007216,0.00714384,0.00692736,0.007576800000000001,1789439100000,2026-09-15 10:25,0.007576800000000001,止損,False,False,-0.060606060606060774,-0.061606060606060775,1,0.08333333333333333,
s=-0.0100|signal,-0.01,signal,AXL_USDT_PERP,做空,1789452900000,2026-09-15 14:15,0.0529,0.052371,0.050784,0.055545000000000004,1789453500000,2026-09-15 14:25,0.050784,止盈,False,False,0.030303030303030276,0.029303030303030275,2,0.16666666666666666,
s=-0.0100|signal,-0.01,signal,BAND_USDT_PERP,做空,1788025200000,2026-08-30 01:40,0.201,0.19899,0.19296,0.21105000000000002,1788028500000,2026-08-30 02:35,0.19296,止盈,False,False,0.030303030303030387,0.029303030303030386,11,0.9166666666666666,
s=-0.0100|signal,-0.01,signal,BAS_USDT_PERP,做空,1787743500000,2026-08-26 19:25,0.026397,0.02613303,0.025341119999999998,0.02771685,1787753700000,2026-08-26 22:15,0.025341119999999998,止盈,False,False,0.030303030303030387,0.029303030303030386,34,2.8333333333333335,
s=-0.0100|signal,-0.01,signal,BAS_USDT_PERP,做空,1787912100000,2026-08-28 18:15,0.032049,0.03172851,0.03076704,0.03365145,1787912700000,2026-08-28 18:25,0.03076704,止盈,False,False,0.030303030303030387,0.029303030303030386,2,0.16666666666666666,
s=-0.0100|signal,-0.01,signal,BB_USDT_PERP,做空,1787304300000,2026-08-21 17:25,0.01309,0.0129591,0.012566399999999998,0.0137445,1787304600000,2026-08-21 17:30,0.0137445,止損,False,False,-0.06060606060606055,-0.06160606060606055,1,0.08333333333333333,
s=-0.0100|signal,-0.01,signal,BEAMX_USDT_PERP,做空,1787821200000,2026-08-27 17:00,0.002139,0.00211761,0.0020534399999999997,0.00224595,1787822100000,2026-08-27 17:15,0.0020534399999999997,止盈,False,False,0.030303030303030387,0.029303030303030386,3,0.25,
s=-0.0100|signal,-0.01,signal,BICO_USDT_PERP,做空,1787745600000,2026-08-26 20:00,0.02381,0.0235719,0.0228576,0.025000500000000002,1787745900000,2026-08-26 20:05,0.0228576,止盈,False,False,0.030303030303030387,0.029303030303030386,1,0.08333333333333333,
s=-0.0100|signal,-0.01,signal,BICO_USDT_PERP,做空,1787757900000,2026-08-26 23:25,0.02631,0.0260469,0.025257599999999998,0.0276255,1787758800000,2026-08-26 23:40,0.025257599999999998,止盈,False,False,0.030303030303030387,0.029303030303030386,3,0.25,
s=-0.0100|signal,-0.01,signal,BLESS_USDT_PERP,做空,1787321700000,2026-08-21 22:15,0.00862,0.0085338,0.008275199999999998,0.009051,1787322300000,2026-08-21 22:25,0.008275199999999998,止盈,False,False,0.030303030303030498,0.029303030303030497,2,0.16666666666666666,
s=-0.0100|signal,-0.01,signal,BLUR_USDT_PERP,做空,1789140000000,2026-09-11 23:20,0.02085,0.0206415,0.020016,0.021892500000000002,1789140900000,2026-09-11 23:35,0.020016,止盈,False,False,0.030303030303030387,0.029303030303030386,3,0.25,
s=-0.0100|signal,-0.01,signal,BR_USDT_PERP,做空,1789358100000,2026-09-14 11:55,0.36686,0.3631914,0.3521856,0.385203,1789358400000,2026-09-14 12:00,0.385203,止損,False,False,-0.06060606060606055,-0.06160606060606055,1,0.08333333333333333,
s=-0.0100|signal,-0.01,signal,BTR_USDT_PERP,做空,1787553000000,2026-08-24 14:30,0.03322,0.0328878,0.0318912,0.034881,1787553900000,2026-08-24 14:45,0.034881,止損,False,False,-0.06060606060606055,-0.06160606060606055,3,0.25,
s=-0.0100|signal,-0.01,signal,BTR_USDT_PERP,做空,1787557800000,2026-08-24 15:50,0.03466,0.0343134,0.0332736,0.036393,1787559000000,2026-08-24 16:10,0.036393,止損,False,False,-0.06060606060606055,-0.06160606060606055,4,0.3333333333333333,
s=-0.0100|signal,-0.01,signal,BTR_USDT_PERP,做空,1787716800000,2026-08-26 12:00,0.04071,0.0403029,0.0390816,0.042745500000000006,1787717100000,2026-08-26 12:05,0.042745500000000006,止損,False,False,-0.060606060606060774,-0.061606060606060775,1,0.08333333333333333,
s=-0.0100|signal,-0.01,signal,BTW_USDT_PERP,做空,1789302300000,2026-09-13 20:25,0.699394,0.69240006,0.6714182399999999,0.7343637,1789303800000,2026-09-13 20:50,0.6714182399999999,止盈,False,False,0.030303030303030387,0.029303030303030386,5,0.4166666666666667,
s=-0.0100|signal,-0.01,signal,BULLA_USDT_PERP,做空,1787003400000,2026-08-18 05:50,0.02062,0.0204138,0.0197952,0.021651,1787003700000,2026-08-18 05:55,0.0197952,止盈,False,False,0.030303030303030276,0.029303030303030275,1,0.08333333333333333,
s=-0.0100|signal,-0.01,signal,B_USDT_PERP,做空,1788589500000,2026-09-05 14:25,0.2168,0.214632,0.20812799999999998,0.22764,1788589800000,2026-09-05 14:30,0.20812799999999998,止盈,False,False,0.030303030303030387,0.029303030303030386,1,0.08333333333333333,
s=-0.0100|signal,-0.01,signal,B_USDT_PERP,做空,1788593400000,2026-09-05 15:30,0.1992,0.197208,0.19123199999999999,0.20915999999999998,1788601200000,2026-09-05 17:40,0.19123199999999999,止盈,False,False,0.030303030303030387,0.029303030303030386,26,2.1666666666666665,
s=-0.0100|signal,-0.01,signal,CAP_USDT_PERP,做空,1788492000000,2026-09-04 11:20,0.05311,0.0525789,0.0509856,0.0557655,1788492600000,2026-09-04 11:30,0.0509856,止盈,False,False,0.030303030303030276,0.029303030303030275,2,0.16666666666666666,
s=-0.0100|signal,-0.01,signal,CAP_USDT_PERP,做空,1788773100000,2026-09-07 17:25,0.04997,0.0494703,0.0479712,0.0524685,1788779100000,2026-09-07 19:05,0.0479712,止盈,False,False,0.030303030303030387,0.029303030303030386,20,1.6666666666666667,
s=-0.0100|signal,-0.01,signal,CAP_USDT_PERP,做空,1789388700000,2026-09-14 20:25,0.06824,0.0675576,0.0655104,0.071652,1789389000000,2026-09-14 20:30,0.0655104,止盈,False,False,0.030303030303030276,0.029303030303030275,1,0.08333333333333333,
s=-0.0100|signal,-0.01,signal,CASHCAT_USDT_PERP,做空,1789135500000,2026-09-11 22:05,0.1886,0.186714,0.181056,0.19803,1789142100000,2026-09-11 23:55,0.181056,止盈,False,False,0.030303030303030276,0.029303030303030275,22,1.8333333333333333,
s=-0.0100|signal,-0.01,signal,CATI_USDT_PERP,做空,1788447000000,2026-09-03 22:50,0.06712,0.0664488,0.0644352,0.070476,1788453600000,2026-09-04 00:40,0.0644352,止盈,False,False,0.030303030303030387,0.029303030303030386,22,1.8333333333333333,
s=-0.0100|signal,-0.01,signal,CFG_USDT_PERP,做空,1788751800000,2026-09-07 11:30,0.1336,0.132264,0.12825599999999998,0.14028000000000002,1788753000000,2026-09-07 11:50,0.12825599999999998,止盈,False,False,0.030303030303030387,0.029303030303030386,4,0.3333333333333333,
s=-0.0100|signal,-0.01,signal,CHIP_USDT_PERP,做空,1788423300000,2026-09-03 16:15,0.05177,0.051252299999999994,0.04969919999999999,0.0543585,1788434400000,2026-09-03 19:20,0.04969919999999999,止盈,False,False,0.030303030303030387,0.029303030303030386,37,3.0833333333333335,
s=-0.0100|signal,-0.01,signal,CLO_USDT_PERP,做空,1787046900000,2026-08-18 17:55,0.1373,0.135927,0.131808,0.14416500000000002,1787054100000,2026-08-18 19:55,0.14416500000000002,止損,False,False,-0.060606060606060774,-0.061606060606060775,24,2.0,
s=-0.0100|signal,-0.01,signal,CLO_USDT_PERP,做空,1787970000000,2026-08-29 10:20,0.1143,0.113157,0.10972799999999999,0.12001500000000001,1787972400000,2026-08-29 11:00,0.12001500000000001,止損,False,False,-0.060606060606060774,-0.061606060606060775,8,0.6666666666666666,
s=-0.0100|signal,-0.01,signal,CLO_USDT_PERP,做空,1788320100000,2026-09-02 11:35,0.1616,0.159984,0.155136,0.16968,1788322800000,2026-09-02 12:20,0.16968,止損,False,False,-0.060606060606060774,-0.061606060606060775,9,0.75,
s=-0.0100|signal,-0.01,signal,COLLECT_USDT_PERP,做空,1787230800000,2026-08-20 21:00,0.05943,0.0588357,0.057052799999999994,0.0624015,1787232300000,2026-08-20 21:25,0.0624015,止損,False,False,-0.06060606060606055,-0.06160606060606055,5,0.4166666666666667,
s=-0.0100|signal,-0.01,signal,COLLECT_USDT_PERP,做空,1788603000000,2026-09-05 18:10,0.09433,0.0933867,0.09055679999999999,0.0990465,1788603300000,2026-09-05 18:15,0.09055679999999999,止盈,False,False,0.030303030303030387,0.029303030303030386,1,0.08333333333333333,
s=-0.0100|signal,-0.01,signal,COTI_USDT_PERP,做空,1787342100000,2026-08-22 03:55,0.01225,0.012127500000000001,0.01176,0.0128625,1787343000000,2026-08-22 04:10,0.0128625,止損,False,False,-0.06060606060606055,-0.06160606060606055,3,0.25,
s=-0.0100|signal,-0.01,signal,COTI_USDT_PERP,做空,1788690600000,2026-09-06 18:30,0.01845,0.0182655,0.017712000000000002,0.0193725,1788694200000,2026-09-06 19:30,0.017712000000000002,止盈,False,False,0.030303030303030165,0.029303030303030164,12,1.0,
s=-0.0100|signal,-0.01,signal,CROSS_USDT_PERP,做空,1786845000000,2026-08-16 09:50,0.10204,0.1010196,0.0979584,0.10714200000000002,1786851900000,2026-08-16 11:45,0.10714200000000002,止損,False,False,-0.060606060606060774,-0.061606060606060775,23,1.9166666666666667,
s=-0.0100|signal,-0.01,signal,CTR_USDT_PERP,做空,1789280700000,2026-09-13 14:25,0.01166,0.0115434,0.0111936,0.012243,1789281000000,2026-09-13 14:30,0.0111936,止盈,False,False,0.030303030303030387,0.029303030303030386,1,0.08333333333333333,
s=-0.0100|signal,-0.01,signal,CTR_USDT_PERP,做空,1789453200000,2026-09-15 14:20,0.01231,0.0121869,0.0118176,0.0129255,1789454400000,2026-09-15 14:40,0.0118176,止盈,False,False,0.030303030303030387,0.029303030303030386,4,0.3333333333333333,
s=-0.0100|signal,-0.01,signal,CYS_USDT_PERP,做空,1789168500000,2026-09-12 07:15,0.1593,0.15770699999999999,0.15292799999999998,0.167265,1789170000000,2026-09-12 07:40,0.15292799999999998,止盈,False,False,0.030303030303030387,0.029303030303030386,5,0.4166666666666667,
s=-0.0100|signal,-0.01,signal,DASH_USDT_PERP,做空,1787367600000,2026-08-22 11:00,46.84,46.3716,44.9664,49.182,1787370900000,2026-08-22 11:55,44.9664,止盈,False,False,0.030303030303030276,0.029303030303030275,11,0.9166666666666666,
s=-0.0100|signal,-0.01,signal,DOGS_USDT_PERP,做空,1788200100000,2026-09-01 02:15,4.62e-05,4.5737999999999995e-05,4.4352e-05,4.851e-05,1788207600000,2026-09-01 04:20,4.4352e-05,止盈,False,False,0.030303030303030276,0.029303030303030275,25,2.0833333333333335,
s=-0.0100|signal,-0.01,signal,EDEN_USDT_PERP,做空,1786982100000,2026-08-17 23:55,0.05434,0.0537966,0.052166399999999995,0.057057000000000004,1786982700000,2026-08-18 00:05,0.052166399999999995,止盈,False,False,0.030303030303030387,0.029303030303030386,2,0.16666666666666666,
s=-0.0100|signal,-0.01,signal,EDGE_USDT_PERP,做空,1787213100000,2026-08-20 16:05,0.364,0.36036,0.34944,0.3822,1787219700000,2026-08-20 17:55,0.34944,止盈,False,False,0.030303030303030387,0.029303030303030386,22,1.8333333333333333,
s=-0.0100|signal,-0.01,signal,ELSA_USDT_PERP,做空,1788569700000,2026-09-05 08:55,0.05706,0.0564894,0.054777599999999996,0.059913,1788571800000,2026-09-05 09:30,0.054777599999999996,止盈,False,False,0.030303030303030387,0.029303030303030386,7,0.5833333333333334,
s=-0.0100|signal,-0.01,signal,FF_USDT_PERP,做空,1788270000000,2026-09-01 21:40,0.09488,0.0939312,0.09108480000000001,0.099624,1788270600000,2026-09-01 21:50,0.099624,止損,False,False,-0.06060606060606055,-0.06160606060606055,2,0.16666666666666666,
s=-0.0100|signal,-0.01,signal,FF_USDT_PERP,做空,1788274200000,2026-09-01 22:50,0.10179,0.1007721,0.0977184,0.10687950000000002,1788275700000,2026-09-01 23:15,0.0977184,止盈,False,False,0.030303030303030387,0.029303030303030386,5,0.4166666666666667,
s=-0.0100|signal,-0.01,signal,FF_USDT_PERP,做空,1789447800000,2026-09-15 12:50,0.15524,0.15368759999999998,0.14903039999999998,0.163002,1789448100000,2026-09-15 12:55,0.14903039999999998,止盈,False,False,0.030303030303030276,0.029303030303030275,1,0.08333333333333333,
s=-0.0100|signal,-0.01,signal,FHE_USDT_PERP,做空,1786983300000,2026-08-18 00:15,0.03218,0.0318582,0.030892799999999998,0.033789,1786983600000,2026-08-18 00:20,0.030892799999999998,止盈,False,False,0.030303030303030498,0.029303030303030497,1,0.08333333333333333,
s=-0.0100|signal,-0.01,signal,FLUID_USDT_PERP,做空,1787715900000,2026-08-26 11:45,1.535,1.51965,1.4735999999999998,1.61175,1787719200000,2026-08-26 12:40,1.61175,止損,False,False,-0.06060606060606055,-0.06160606060606055,11,0.9166666666666666,
s=-0.0100|signal,-0.01,signal,GPS_USDT_PERP,做空,1786941600000,2026-08-17 12:40,0.014967,0.01481733,0.014368319999999999,0.01571535,1786942800000,2026-08-17 13:00,0.014368319999999999,止盈,False,False,0.030303030303030387,0.029303030303030386,4,0.3333333333333333,
s=-0.0100|signal,-0.01,signal,GRIFFAIN_USDT_PERP,做空,1789197900000,2026-09-12 15:25,0.01287,0.012741299999999999,0.012355199999999998,0.0135135,1789201500000,2026-09-12 16:25,0.0135135,止損,False,False,-0.060606060606060774,-0.061606060606060775,12,1.0,
s=-0.0100|signal,-0.01,signal,GWEI_USDT_PERP,做空,1787277300000,2026-08-21 09:55,0.02519,0.0249381,0.0241824,0.0264495,1787278500000,2026-08-21 10:15,0.0264495,止損,False,False,-0.06060606060606055,-0.06160606060606055,4,0.3333333333333333,
s=-0.0100|signal,-0.01,signal,HAEDAL_USDT_PERP,做空,1788856200000,2026-09-08 16:30,0.02249,0.0222651,0.0215904,0.0236145,1788859800000,2026-09-08 17:30,0.0215904,止盈,False,False,0.030303030303030276,0.029303030303030275,12,1.0,
s=-0.0100|signal,-0.01,signal,HANA_USDT_PERP,做空,1787647500000,2026-08-25 16:45,0.02054,0.020334599999999998,0.019718399999999997,0.021567,1787650200000,2026-08-25 17:30,0.021567,止損,False,False,-0.060606060606060774,-0.061606060606060775,9,0.75,
s=-0.0100|signal,-0.01,signal,HEMI_USDT_PERP,做空,1787831400000,2026-08-27 19:50,0.00913,0.009038699999999998,0.0087648,0.0095865,1787832300000,2026-08-27 20:05,0.0087648,止盈,False,False,0.030303030303030165,0.029303030303030164,3,0.25,
s=-0.0100|signal,-0.01,signal,HEMI_USDT_PERP,做空,1787858400000,2026-08-28 03:20,0.01009,0.0099891,0.0096864,0.0105945,1787864100000,2026-08-28 04:55,0.0096864,止盈,False,False,0.030303030303030387,0.029303030303030386,19,1.5833333333333333,
s=-0.0100|signal,-0.01,signal,HEMI_USDT_PERP,做空,1789403400000,2026-09-15 00:30,0.00705,0.0069795,0.006768,0.0074025,1789403700000,2026-09-15 00:35,0.006768,止盈,False,False,0.030303030303030276,0.029303030303030275,1,0.08333333333333333,
s=-0.0100|signal,-0.01,signal,IDOL_USDT_PERP,做空,1789473300000,2026-09-15 19:55,0.01197,0.0118503,0.0114912,0.0125685,1789473900000,2026-09-15 20:05,0.0114912,止盈,False,False,0.030303030303030276,0.029303030303030275,2,0.16666666666666666,
s=-0.0100|signal,-0.01,signal,IDOL_USDT_PERP,做空,1789478400000,2026-09-15 21:20,0.0114,0.011286000000000001,0.010944,0.011970000000000001,1789479000000,2026-09-15 21:30,0.010944,止盈,False,False,0.030303030303030276,0.029303030303030275,2,0.16666666666666666,
s=-0.0100|signal,-0.01,signal,IOST_USDT_PERP,做空,1788763500000,2026-09-07 14:45,0.000892,0.00088308,0.0008563199999999999,0.0009366,1788764100000,2026-09-07 14:55,0.0008563199999999999,止盈,False,False,0.030303030303030276,0.029303030303030275,2,0.16666666666666666,
s=-0.0100|signal,-0.01,signal,KAT_USDT_PERP,做空,1788925200000,2026-09-09 11:40,0.006139,0.006077610000000001,0.00589344,0.006445950000000001,1788926700000,2026-09-09 12:05,0.00589344,止盈,False,False,0.030303030303030387,0.029303030303030386,5,0.4166666666666667,
s=-0.0100|signal,-0.01,signal,KERNEL_USDT_PERP,做空,1787824800000,2026-08-27 18:00,0.04664,0.0461736,0.0447744,0.048972,1787825100000,2026-08-27 18:05,0.0447744,止盈,False,False,0.030303030303030387,0.029303030303030386,1,0.08333333333333333,
s=-0.0100|signal,-0.01,signal,LAB_USDT_PERP,做空,1789122000000,2026-09-11 18:20,0.05873,0.0581427,0.056380799999999995,0.0616665,1789123500000,2026-09-11 18:45,0.0616665,止損,False,False,-0.06060606060606055,-0.06160606060606055,5,0.4166666666666667,
s=-0.0100|signal,-0.01,signal,LAYER_USDT_PERP,做空,1788710400000,2026-09-07 00:00,0.0881,0.08721899999999999,0.084576,0.092505,1788711300000,2026-09-07 00:15,0.084576,止盈,False,False,0.030303030303030276,0.029303030303030275,3,0.25,
s=-0.0100|signal,-0.01,signal,LA_USDT_PERP,做空,1788312300000,2026-09-02 09:25,0.06491,0.0642609,0.0623136,0.0681555,1788319200000,2026-09-02 11:20,0.0623136,止盈,False,False,0.030303030303030276,0.029303030303030275,23,1.9166666666666667,
s=-0.0100|signal,-0.01,signal,LIGHT_USDT_PERP,做空,1787730600000,2026-08-26 15:50,0.1766,0.17483400000000002,0.169536,0.18543,1787736300000,2026-08-26 17:25,0.169536,止盈,False,False,0.030303030303030387,0.029303030303030386,19,1.5833333333333333,
s=-0.0100|signal,-0.01,signal,LIGHT_USDT_PERP,做空,1787909400000,2026-08-28 17:30,0.2318,0.229482,0.222528,0.24339000000000002,1787911500000,2026-08-28 18:05,0.222528,止盈,False,False,0.030303030303030276,0.029303030303030275,7,0.5833333333333334,
s=-0.0100|signal,-0.01,signal,LSK_USDT_PERP,做空,1787754600000,2026-08-26 22:30,0.112,0.11088,0.10752,0.11760000000000001,1787755200000,2026-08-26 22:40,0.10752,止盈,False,False,0.030303030303030276,0.029303030303030275,2,0.16666666666666666,
s=-0.0100|signal,-0.01,signal,LUNA2_USDT_PERP,做空,1788782700000,2026-09-07 20:05,0.05437,0.0538263,0.0521952,0.05708850000000001,1788784500000,2026-09-07 20:35,0.0521952,止盈,False,False,0.030303030303030387,0.029303030303030386,6,0.5,
s=-0.0100|signal,-0.01,signal,MAGMA_USDT_PERP,做空,1787344200000,2026-08-22 04:30,0.32043,0.3172257,0.30761279999999996,0.3364515,1787347800000,2026-08-22 05:30,0.30761279999999996,止盈,False,False,0.030303030303030387,0.029303030303030386,12,1.0,
s=-0.0100|signal,-0.01,signal,MAGMA_USDT_PERP,做空,1789323300000,2026-09-14 02:15,0.26632,0.2636568,0.2556672,0.279636,1789324500000,2026-09-14 02:35,0.279636,止損,False,False,-0.06060606060606055,-0.06160606060606055,4,0.3333333333333333,
s=-0.0100|signal,-0.01,signal,MANTRA_USDT_PERP,做空,1787903400000,2026-08-28 15:50,0.00476,0.0047124,0.0045696,0.004998000000000001,1787905500000,2026-08-28 16:25,0.0045696,止盈,False,False,0.030303030303030387,0.029303030303030386,7,0.5833333333333334,
s=-0.0100|signal,-0.01,signal,MELANIA_USDT_PERP,做空,1787371800000,2026-08-22 12:10,0.1263,0.12503699999999998,0.121248,0.132615,1787373300000,2026-08-22 12:35,0.132615,止損,False,False,-0.060606060606060774,-0.061606060606060775,5,0.4166666666666667,
s=-0.0100|signal,-0.01,signal,MOODENG_USDT_PERP,做空,1788629100000,2026-09-06 01:25,0.04783,0.0473517,0.045916799999999994,0.0502215,1788630300000,2026-09-06 01:45,0.045916799999999994,止盈,False,False,0.030303030303030387,0.029303030303030386,4,0.3333333333333333,
s=-0.0100|signal,-0.01,signal,MOODENG_USDT_PERP,做空,1789621200000,2026-09-17 13:00,0.04393,0.04349069999999999,0.042172799999999996,0.0461265,1789622100000,2026-09-17 13:15,0.042172799999999996,止盈,False,False,0.030303030303030276,0.029303030303030275,3,0.25,
s=-0.0100|signal,-0.01,signal,MOVE_USDT_PERP,做空,1787371500000,2026-08-22 12:05,0.00853,0.0084447,0.0081888,0.0089565,1787374200000,2026-08-22 12:50,0.0089565,止損,False,False,-0.06060606060606055,-0.06160606060606055,9,0.75,
s=-0.0100|signal,-0.01,signal,MOVR_USDT_PERP,做空,1786800000000,2026-08-15 21:20,0.985,0.97515,0.9456,1.0342500000000001,1786800900000,2026-08-15 21:35,0.9456,止盈,False,False,0.030303030303030276,0.029303030303030275,3,0.25,
s=-0.0100|signal,-0.01,signal,MOVR_USDT_PERP,做空,1787802900000,2026-08-27 11:55,0.799,0.79101,0.76704,0.8389500000000001,1787803500000,2026-08-27 12:05,0.8389500000000001,止損,False,False,-0.060606060606060774,-0.061606060606060775,2,0.16666666666666666,
s=-0.0100|signal,-0.01,signal,MOVR_USDT_PERP,做空,1787807400000,2026-08-27 13:10,0.869,0.86031,0.83424,0.91245,1787807700000,2026-08-27 13:15,0.83424,止盈,False,False,0.030303030303030387,0.029303030303030386,1,0.08333333333333333,
s=-0.0100|signal,-0.01,signal,MUBARAK_USDT_PERP,做空,1788363600000,2026-09-02 23:40,0.02662,0.0263538,0.0255552,0.027951000000000004,1788364200000,2026-09-02 23:50,0.027951000000000004,止損,False,False,-0.060606060606060774,-0.061606060606060775,2,0.16666666666666666,
s=-0.0100|signal,-0.01,signal,NAORIS_USDT_PERP,做空,1788591000000,2026-09-05 14:50,0.03141,0.0310959,0.0301536,0.0329805,1788592200000,2026-09-05 15:10,0.0301536,止盈,False,False,0.030303030303030276,0.029303030303030275,4,0.3333333333333333,
s=-0.0100|signal,-0.01,signal,NAORIS_USDT_PERP,做空,1788691200000,2026-09-06 18:40,0.03484,0.034491600000000004,0.0334464,0.036582,1788696600000,2026-09-06 20:10,0.036582,止損,False,False,-0.06060606060606055,-0.06160606060606055,18,1.5,
s=-0.0100|signal,-0.01,signal,NOM_USDT_PERP,做空,1788576000000,2026-09-05 10:40,0.001789,0.00177111,0.00171744,0.00187845,1788577200000,2026-09-05 11:00,0.00187845,止損,False,False,-0.06060606060606055,-0.06160606060606055,4,0.3333333333333333,
s=-0.0100|signal,-0.01,signal,NOM_USDT_PERP,做空,1788586800000,2026-09-05 13:40,0.002085,0.00206415,0.0020016,0.0021892500000000002,1788588000000,2026-09-05 14:00,0.0020016,止盈,False,False,0.030303030303030165,0.029303030303030164,4,0.3333333333333333,
s=-0.0100|signal,-0.01,signal,OG_USDT_PERP,做空,1787472300000,2026-08-23 16:05,3.071,3.04029,2.94816,3.2245500000000002,1787474100000,2026-08-23 16:35,2.94816,止盈,False,False,0.030303030303030276,0.029303030303030275,6,0.5,
s=-0.0100|signal,-0.01,signal,ONG_USDT_PERP,做空,1786929900000,2026-08-17 09:25,0.06165,0.061033500000000004,0.059184,0.06473250000000001,1786930200000,2026-08-17 09:30,0.059184,止盈,False,False,0.030303030303030387,0.029303030303030386,1,0.08333333333333333,
s=-0.0100|signal,-0.01,signal,ONG_USDT_PERP,做空,1787232900000,2026-08-20 21:35,0.06947,0.0687753,0.0666912,0.07294350000000001,1787233500000,2026-08-20 21:45,0.07294350000000001,止損,False,False,-0.060606060606060774,-0.061606060606060775,2,0.16666666666666666,
s=-0.0100|signal,-0.01,signal,ONG_USDT_PERP,做空,1787237700000,2026-08-20 22:55,0.08127,0.0804573,0.0780192,0.08533349999999999,1787239800000,2026-08-20 23:30,0.0780192,止盈,False,False,0.030303030303030276,0.029303030303030275,7,0.5833333333333334,
s=-0.0100|signal,-0.01,signal,ONT_USDT_PERP,做空,1787258100000,2026-08-21 04:35,0.0544,0.053855999999999994,0.05222399999999999,0.05712,1787258400000,2026-08-21 04:40,0.05712,止損,False,False,-0.060606060606060774,-0.061606060606060775,1,0.08333333333333333,
s=-0.0100|signal,-0.01,signal,ONT_USDT_PERP,做空,1787262000000,2026-08-21 05:40,0.0513,0.050787,0.04924799999999999,0.053865,1787270700000,2026-08-21 08:05,0.04924799999999999,止盈,False,False,0.030303030303030387,0.029303030303030386,29,2.4166666666666665,
s=-0.0100|signal,-0.01,signal,ON_USDT_PERP,做空,1788861900000,2026-09-08 18:05,0.211,0.20889,0.20256,0.22155,1788862800000,2026-09-08 18:20,0.20256,止盈,False,False,0.030303030303030276,0.029303030303030275,3,0.25,
s=-0.0100|signal,-0.01,signal,ORCA_USDT_PERP,做空,1788745800000,2026-09-07 09:50,1.642,1.6255799999999998,1.57632,1.7241,1788752400000,2026-09-07 11:40,1.57632,止盈,False,False,0.030303030303030165,0.029303030303030164,22,1.8333333333333333,
s=-0.0100|signal,-0.01,signal,PHA_USDT_PERP,做空,1788972600000,2026-09-10 00:50,0.03342,0.0330858,0.0320832,0.035091,1788973800000,2026-09-10 01:10,0.0320832,止盈,False,False,0.030303030303030276,0.029303030303030275,4,0.3333333333333333,
s=-0.0100|signal,-0.01,signal,PIEVERSE_USDT_PERP,做空,1787306700000,2026-08-21 18:05,1.1295,1.118205,1.08432,1.185975,1787310300000,2026-08-21 19:05,1.08432,止盈,False,False,0.030303030303030276,0.029303030303030275,12,1.0,
s=-0.0100|signal,-0.01,signal,PIEVERSE_USDT_PERP,做空,1788789300000,2026-09-07 21:55,1.3018,1.288782,1.249728,1.3668900000000002,1788793800000,2026-09-07 23:10,1.249728,止盈,False,False,0.030303030303030387,0.029303030303030386,15,1.25,
s=-0.0100|signal,-0.01,signal,PIXEL_USDT_PERP,做空,1786865400000,2026-08-16 15:30,0.00611,0.0060489,0.0058655999999999995,0.0064155,1786865700000,2026-08-16 15:35,0.0058655999999999995,止盈,False,False,0.030303030303030387,0.029303030303030386,1,0.08333333333333333,
s=-0.0100|signal,-0.01,signal,PORTAL_USDT_PERP,做空,1786885200000,2026-08-16 21:00,0.01597,0.015810300000000003,0.015331200000000001,0.016768500000000002,1786886400000,2026-08-16 21:20,0.015331200000000001,止盈,False,False,0.030303030303030387,0.029303030303030386,4,0.3333333333333333,
s=-0.0100|signal,-0.01,signal,PORTAL_USDT_PERP,做空,1787544900000,2026-08-24 12:15,0.01602,0.0158598,0.015379199999999999,0.016821,1787545500000,2026-08-24 12:25,0.015379199999999999,止盈,False,False,0.030303030303030387,0.029303030303030386,2,0.16666666666666666,
s=-0.0100|signal,-0.01,signal,PORTAL_USDT_PERP,做空,1787721000000,2026-08-26 13:10,0.01896,0.0187704,0.018201600000000002,0.019908000000000002,1787722200000,2026-08-26 13:30,0.019908000000000002,止損,False,False,-0.060606060606060774,-0.061606060606060775,4,0.3333333333333333,
s=-0.0100|signal,-0.01,signal,PORTAL_USDT_PERP,做空,1788444900000,2026-09-03 22:15,0.01665,0.0164835,0.015984,0.0174825,1788445200000,2026-09-03 22:20,0.015984,止盈,False,False,0.030303030303030276,0.029303030303030275,1,0.08333333333333333,
s=-0.0100|signal,-0.01,signal,POWR_USDT_PERP,做空,1789258200000,2026-09-13 08:10,0.06576,0.0651024,0.0631296,0.069048,1789258500000,2026-09-13 08:15,0.069048,止損,False,False,-0.06060606060606055,-0.06160606060606055,1,0.08333333333333333,
s=-0.0100|signal,-0.01,signal,POWR_USDT_PERP,做空,1789263000000,2026-09-13 09:30,0.0824,0.081576,0.079104,0.08652,1789263600000,2026-09-13 09:40,0.079104,止盈,False,False,0.030303030303030276,0.029303030303030275,2,0.16666666666666666,
s=-0.0100|signal,-0.01,signal,POWR_USDT_PERP,做空,1789267800000,2026-09-13 10:50,0.08243,0.0816057,0.0791328,0.0865515,1789268100000,2026-09-13 10:55,0.0791328,止盈,False,False,0.030303030303030276,0.029303030303030275,1,0.08333333333333333,
s=-0.0100|signal,-0.01,signal,PROMPT_USDT_PERP,做空,1788000900000,2026-08-29 18:55,0.02727,0.0269973,0.0261792,0.0286335,1788001200000,2026-08-29 19:00,0.0261792,止盈,False,False,0.030303030303030276,0.029303030303030275,1,0.08333333333333333,
s=-0.0100|signal,-0.01,signal,PROS_USDT_PERP,做空,1788927600000,2026-09-09 12:20,0.5005,0.49549499999999996,0.4804799999999999,0.525525,1788929100000,2026-09-09 12:45,0.525525,止損,False,False,-0.060606060606060774,-0.061606060606060775,5,0.4166666666666667,
s=-0.0100|signal,-0.01,signal,PTB_USDT_PERP,做空,1788529800000,2026-09-04 21:50,0.000816,0.00080784,0.00078336,0.0008568,1788530100000,2026-09-04 21:55,0.00078336,止盈,False,False,0.030303030303030276,0.029303030303030275,1,0.08333333333333333,
s=-0.0100|signal,-0.01,signal,Q_USDT_PERP,做空,1788496200000,2026-09-04 12:30,0.026302,0.02603898,0.02524992,0.0276171,1788496800000,2026-09-04 12:40,0.02524992,止盈,False,False,0.030303030303030387,0.029303030303030386,2,0.16666666666666666,
s=-0.0100|signal,-0.01,signal,RATS_USDT_PERP,做空,1787062500000,2026-08-18 22:15,5.136e-05,5.08464e-05,4.93056e-05,5.3928e-05,1787064900000,2026-08-18 22:55,5.3928e-05,止損,False,False,-0.06060606060606055,-0.06160606060606055,8,0.6666666666666666,
s=-0.0100|signal,-0.01,signal,RAY_USDT_PERP,做空,1788665400000,2026-09-06 11:30,1.109,1.09791,1.06464,1.16445,1788666600000,2026-09-06 11:50,1.16445,止損,False,False,-0.06060606060606055,-0.06160606060606055,4,0.3333333333333333,
s=-0.0100|signal,-0.01,signal,RAY_USDT_PERP,做空,1788670500000,2026-09-06 12:55,1.154,1.1424599999999998,1.10784,1.2117,1788676500000,2026-09-06 14:35,1.10784,止盈,False,False,0.030303030303030165,0.029303030303030164,20,1.6666666666666667,
s=-0.0100|signal,-0.01,signal,REZ_USDT_PERP,做空,1789016700000,2026-09-10 13:05,0.00362,0.0035838,0.0034752,0.003801,1789017600000,2026-09-10 13:20,0.003801,止損,False,False,-0.060606060606060774,-0.061606060606060775,3,0.25,
s=-0.0100|signal,-0.01,signal,REZ_USDT_PERP,做空,1789287600000,2026-09-13 16:20,0.003949,0.003909510000000001,0.0037910400000000003,0.00414645,1789289100000,2026-09-13 16:45,0.0037910400000000003,止盈,False,False,0.030303030303030387,0.029303030303030386,5,0.4166666666666667,
s=-0.0100|signal,-0.01,signal,RE_USDT_PERP,做空,1787158200000,2026-08-20 00:50,0.4973,0.492327,0.477408,0.522165,1787166300000,2026-08-20 03:05,0.522165,止損,False,False,-0.06060606060606055,-0.06160606060606055,27,2.25,
s=-0.0100|signal,-0.01,signal,RE_USDT_PERP,做空,1787363100000,2026-08-22 09:45,0.6057,0.599643,0.581472,0.635985,1787364600000,2026-08-22 10:10,0.581472,止盈,False,False,0.030303030303030387,0.029303030303030386,5,0.4166666666666667,
s=-0.0100|signal,-0.01,signal,SAGA_USDT_PERP,做空,1789058100000,2026-09-11 00:35,0.01776,0.0175824,0.0170496,0.018648,1789062600000,2026-09-11 01:50,0.0170496,止盈,False,False,0.030303030303030276,0.029303030303030275,15,1.25,
s=-0.0100|signal,-0.01,signal,SIREN_USDT_PERP,做空,1787970900000,2026-08-29 10:35,0.03355,0.0332145,0.032208,0.0352275,1787972700000,2026-08-29 11:05,0.032208,止盈,False,False,0.030303030303030276,0.029303030303030275,6,0.5,
s=-0.0100|signal,-0.01,signal,SKR_USDT_PERP,做空,1787875800000,2026-08-28 08:10,0.011903,0.01178397,0.01142688,0.012498150000000001,1787876700000,2026-08-28 08:25,0.012498150000000001,止損,False,False,-0.060606060606060774,-0.061606060606060775,3,0.25,
s=-0.0100|signal,-0.01,signal,SKR_USDT_PERP,做空,1787880600000,2026-08-28 09:30,0.011993,0.01187307,0.011513279999999999,0.01259265,1787882100000,2026-08-28 09:55,0.01259265,止損,False,False,-0.060606060606060774,-0.061606060606060775,5,0.4166666666666667,
s=-0.0100|signal,-0.01,signal,SKR_USDT_PERP,做空,1788069000000,2026-08-30 13:50,0.013432,0.01329768,0.012894719999999998,0.0141036,1788071700000,2026-08-30 14:35,0.012894719999999998,止盈,False,False,0.030303030303030387,0.029303030303030386,9,0.75,
s=-0.0100|signal,-0.01,signal,SOLV_USDT_PERP,做空,1788684000000,2026-09-06 16:40,0.00374,0.0037026,0.0035903999999999997,0.003927,1788685800000,2026-09-06 17:10,0.003927,止損,False,False,-0.06060606060606055,-0.06160606060606055,6,0.5,
s=-0.0100|signal,-0.01,signal,SPK_USDT_PERP,做空,1787292600000,2026-08-21 14:10,0.01886,0.018671399999999998,0.018105599999999996,0.019802999999999998,1787293200000,2026-08-21 14:20,0.018105599999999996,止盈,False,False,0.030303030303030387,0.029303030303030386,2,0.16666666666666666,
s=-0.0100|signal,-0.01,signal,SPORTFUN_USDT_PERP,做空,1786824600000,2026-08-16 04:10,0.02552,0.0252648,0.0244992,0.026796000000000004,1786825500000,2026-08-16 04:25,0.0244992,止盈,False,False,0.030303030303030387,0.029303030303030386,3,0.25,
s=-0.0100|signal,-0.01,signal,SPORTFUN_USDT_PERP,做空,1786829400000,2026-08-16 05:30,0.02966,0.029363399999999998,0.028473599999999998,0.031143,1786830300000,2026-08-16 05:45,0.031143,止損,False,False,-0.060606060606060774,-0.061606060606060775,3,0.25,
s=-0.0100|signal,-0.01,signal,SPORTFUN_USDT_PERP,做空,1786836000000,2026-08-16 07:20,0.03291,0.0325809,0.0315936,0.0345555,1786838100000,2026-08-16 07:55,0.0315936,止盈,False,False,0.030303030303030387,0.029303030303030386,7,0.5833333333333334,
s=-0.0100|signal,-0.01,signal,SQD_USDT_PERP,做空,1787662500000,2026-08-25 20:55,0.03679,0.036422100000000006,0.0353184,0.038629500000000004,1787664000000,2026-08-25 21:20,0.0353184,止盈,False,False,0.030303030303030498,0.029303030303030497,5,0.4166666666666667,
s=-0.0100|signal,-0.01,signal,SSV_USDT_PERP,做空,1787297100000,2026-08-21 15:25,2.816,2.7878399999999997,2.7033599999999995,2.9568,1787298000000,2026-08-21 15:40,2.9568,止損,False,False,-0.060606060606060774,-0.061606060606060775,3,0.25,
s=-0.0100|signal,-0.01,signal,SSV_USDT_PERP,做空,1787301600000,2026-08-21 16:40,2.839,2.81061,2.72544,2.98095,1787316300000,2026-08-21 20:45,2.98095,止損,False,False,-0.06060606060606055,-0.06160606060606055,49,4.083333333333333,
s=-0.0100|signal,-0.01,signal,STABLE_USDT_PERP,做空,1787265000000,2026-08-21 06:30,0.03199,0.0316701,0.030710399999999995,0.0335895,1787283900000,2026-08-21 11:45,0.030710399999999995,止盈,False,False,0.030303030303030387,0.029303030303030386,63,5.25,
s=-0.0100|signal,-0.01,signal,STAR_USDT_PERP,做空,1786962600000,2026-08-17 18:30,0.12102,0.11980980000000001,0.1161792,0.12707100000000002,1786969800000,2026-08-17 20:30,0.12707100000000002,止損,False,False,-0.060606060606060774,-0.061606060606060775,24,2.0,
s=-0.0100|signal,-0.01,signal,STAR_USDT_PERP,做空,1787113200000,2026-08-19 12:20,0.13046,0.1291554,0.12524159999999998,0.136983,1787117400000,2026-08-19 13:30,0.136983,止損,False,False,-0.06060606060606055,-0.06160606060606055,14,1.1666666666666667,
s=-0.0100|signal,-0.01,signal,STAR_USDT_PERP,做空,1787316900000,2026-08-21 20:55,0.16075,0.1591425,0.15431999999999998,0.1687875,1787317200000,2026-08-21 21:00,0.15431999999999998,止盈,False,False,0.030303030303030387,0.029303030303030386,1,0.08333333333333333,
s=-0.0100|signal,-0.01,signal,STAR_USDT_PERP,做空,1787565300000,2026-08-24 17:55,0.14315,0.1417185,0.137424,0.1503075,1787566500000,2026-08-24 18:15,0.137424,止盈,False,False,0.030303030303030387,0.029303030303030386,4,0.3333333333333333,
s=-0.0100|signal,-0.01,signal,SUPER_USDT_PERP,做空,1787577300000,2026-08-24 21:15,0.1293,0.128007,0.12412799999999999,0.135765,1787577600000,2026-08-24 21:20,0.12412799999999999,止盈,False,False,0.030303030303030498,0.029303030303030497,1,0.08333333333333333,
s=-0.0100|signal,-0.01,signal,SUPER_USDT_PERP,做空,1787581200000,2026-08-24 22:20,0.1344,0.13305599999999998,0.129024,0.14112,1787582400000,2026-08-24 22:40,0.129024,止盈,False,False,0.030303030303030165,0.029303030303030164,4,0.3333333333333333,
s=-0.0100|signal,-0.01,signal,SUSHI_USDT_PERP,做空,1788630000000,2026-09-06 01:40,0.2401,0.237699,0.230496,0.252105,1788631200000,2026-09-06 02:00,0.252105,止損,False,False,-0.060606060606060774,-0.061606060606060775,4,0.3333333333333333,
s=-0.0100|signal,-0.01,signal,SUSHI_USDT_PERP,做空,1788636300000,2026-09-06 03:25,0.2775,0.274725,0.2664,0.29137500000000005,1788637200000,2026-09-06 03:40,0.2664,止盈,False,False,0.030303030303030165,0.029303030303030164,3,0.25,
s=-0.0100|signal,-0.01,signal,TAC_USDT_PERP,做空,1787438100000,2026-08-23 06:35,0.001749,0.00173151,0.00167904,0.0018364499999999999,1787438700000,2026-08-23 06:45,0.00167904,止盈,False,False,0.030303030303030276,0.029303030303030275,2,0.16666666666666666,
s=-0.0100|signal,-0.01,signal,TA_USDT_PERP,做空,1789214400000,2026-09-12 20:00,0.06008,0.0594792,0.0576768,0.063084,1789241100000,2026-09-13 03:25,0.0576768,止盈,False,False,0.030303030303030387,0.029303030303030386,89,7.416666666666667,
s=-0.0100|signal,-0.01,signal,TLM_USDT_PERP,做空,1787670300000,2026-08-25 23:05,0.001672,0.00165528,0.00160512,0.0017556000000000002,1787674200000,2026-08-26 00:10,0.00160512,止盈,False,False,0.030303030303030276,0.029303030303030275,13,1.0833333333333333,
s=-0.0100|signal,-0.01,signal,TNSR_USDT_PERP,做空,1788096000000,2026-08-30 21:20,0.04212,0.041698799999999994,0.0404352,0.044226,1788096300000,2026-08-30 21:25,0.0404352,止盈,False,False,0.030303030303030276,0.029303030303030275,1,0.08333333333333333,
s=-0.0100|signal,-0.01,signal,TRADOOR_USDT_PERP,做空,1788592200000,2026-09-05 15:10,0.7411,0.7336889999999999,0.711456,0.778155,1788592500000,2026-09-05 15:15,0.778155,止損,True,False,-0.060606060606060774,-0.061606060606060775,1,0.08333333333333333,同一根同時觸發→保守計止損
s=-0.0100|signal,-0.01,signal,TRB_USDT_PERP,做空,1787365800000,2026-08-22 10:30,21.825,21.606749999999998,20.951999999999998,22.91625,1787367600000,2026-08-22 11:00,20.951999999999998,止盈,False,False,0.030303030303030276,0.029303030303030275,6,0.5,
s=-0.0100|signal,-0.01,signal,TREE_USDT_PERP,做空,1787150100000,2026-08-19 22:35,0.04051,0.0401049,0.038889599999999996,0.0425355,1787152500000,2026-08-19 23:15,0.0425355,止損,False,False,-0.06060606060606055,-0.06160606060606055,8,0.6666666666666666,
s=-0.0100|signal,-0.01,signal,TREE_USDT_PERP,做空,1787156100000,2026-08-20 00:15,0.04573,0.0452727,0.0439008,0.048016500000000004,1787157300000,2026-08-20 00:35,0.0439008,止盈,False,False,0.030303030303030387,0.029303030303030386,4,0.3333333333333333,
s=-0.0100|signal,-0.01,signal,TREE_USDT_PERP,做空,1789172400000,2026-09-12 08:20,0.04535,0.0448965,0.043536,0.0476175,1789172700000,2026-09-12 08:25,0.043536,止盈,False,False,0.030303030303030276,0.029303030303030275,1,0.08333333333333333,
s=-0.0100|signal,-0.01,signal,TRIA_USDT_PERP,做空,1788495300000,2026-09-04 12:15,0.0049,0.004850999999999999,0.004704,0.005145,1788495600000,2026-09-04 12:20,0.004704,止盈,False,False,0.030303030303030165,0.029303030303030164,1,0.08333333333333333,
s=-0.0100|signal,-0.01,signal,TRIA_USDT_PERP,做空,1788503700000,2026-09-04 14:35,0.00525,0.0051975,0.00504,0.005512500000000001,1788506400000,2026-09-04 15:20,0.00504,止盈,False,False,0.030303030303030276,0.029303030303030275,9,0.75,
s=-0.0100|signal,-0.01,signal,TRUMP_USDT_PERP,做空,1787175000000,2026-08-20 05:30,1.707,1.6899300000000002,1.63872,1.79235,1787181600000,2026-08-20 07:20,1.79235,止損,False,False,-0.06060606060606055,-0.06160606060606055,22,1.8333333333333333,
s=-0.0100|signal,-0.01,signal,US_USDT_PERP,做空,1787325300000,2026-08-21 23:15,0.01978,0.019582199999999998,0.018988799999999997,0.020769,1787325600000,2026-08-21 23:20,0.020769,止損,False,False,-0.060606060606060774,-0.061606060606060775,1,0.08333333333333333,
s=-0.0100|signal,-0.01,signal,US_USDT_PERP,做空,1787329500000,2026-08-22 00:25,0.02225,0.0220275,0.021359999999999997,0.0233625,1787330400000,2026-08-22 00:40,0.0233625,止損,False,False,-0.060606060606060774,-0.061606060606060775,3,0.25,
s=-0.0100|signal,-0.01,signal,WAL_USDT_PERP,做空,1786788900000,2026-08-15 18:15,0.0272,0.026927999999999997,0.026111999999999996,0.02856,1786791000000,2026-08-15 18:50,0.026111999999999996,止盈,False,False,0.030303030303030387,0.029303030303030386,7,0.5833333333333334,
s=-0.0100|signal,-0.01,signal,XPIN_USDT_PERP,做空,1786950300000,2026-08-17 15:05,0.001551,0.00153549,0.0014889600000000001,0.00162855,1786951200000,2026-08-17 15:20,0.0014889600000000001,止盈,False,False,0.030303030303030276,0.029303030303030275,3,0.25,
s=-0.0100|signal,-0.01,signal,XPIN_USDT_PERP,做空,1787291700000,2026-08-21 13:55,0.001328,0.00131472,0.00127488,0.0013944,1787294700000,2026-08-21 14:45,0.00127488,止盈,False,False,0.030303030303030276,0.029303030303030275,10,0.8333333333333334,
s=-0.0100|signal,-0.01,signal,XPIN_USDT_PERP,做空,1789367400000,2026-09-14 14:30,0.000886,0.00087714,0.0008505599999999999,0.0009303,1789367700000,2026-09-14 14:35,0.0009303,止損,False,False,-0.06060606060606055,-0.06160606060606055,1,0.08333333333333333,
s=-0.0100|signal,-0.01,signal,XVG_USDT_PERP,做空,1787370900000,2026-08-22 11:55,0.002919,0.00288981,0.00280224,0.0030649500000000003,1787371500000,2026-08-22 12:05,0.00280224,止盈,False,False,0.030303030303030276,0.029303030303030275,2,0.16666666666666666,
s=-0.0100|signal,-0.01,signal,ZEST_USDT_PERP,做空,1787740800000,2026-08-26 18:40,0.16483,0.1631817,0.1582368,0.17307150000000002,1787743500000,2026-08-26 19:25,0.1582368,止盈,False,False,0.030303030303030276,0.029303030303030275,9,0.75,
s=-0.0100|signal,-0.01,signal,ZEST_USDT_PERP,做空,1788426900000,2026-09-03 17:15,0.15617,0.1546083,0.1499232,0.1639785,1788427200000,2026-09-03 17:20,0.1639785,止損,True,False,-0.06060606060606055,-0.06160606060606055,1,0.08333333333333333,同一根同時觸發→保守計止損
s=-0.0100|signal,-0.01,signal,ZEST_USDT_PERP,做空,1788433500000,2026-09-03 19:05,0.14801,0.1465299,0.1420896,0.1554105,1788454200000,2026-09-04 00:50,0.1554105,止損,False,False,-0.060606060606060774,-0.061606060606060775,69,5.75,
s=-0.0100|signal,-0.01,signal,ZKC_USDT_PERP,做空,1788061500000,2026-08-30 11:45,0.049,0.048510000000000005,0.04704,0.05145,1788062100000,2026-08-30 11:55,0.04704,止盈,False,False,0.030303030303030387,0.029303030303030386,2,0.16666666666666666,
s=-0.0100|signal,-0.01,signal,ZKC_USDT_PERP,做空,1788076200000,2026-08-30 15:50,0.0528,0.052272,0.050688,0.05544,1788081600000,2026-08-30 17:20,0.05544,止損,False,False,-0.060606060606060774,-0.061606060606060775,18,1.5,
s=-0.0100|signal,-0.01,signal,ZKP_USDT_PERP,做空,1788017400000,2026-08-29 23:30,0.05268,0.0521532,0.050572799999999994,0.055314,1788018000000,2026-08-29 23:40,0.050572799999999994,止盈,False,False,0.030303030303030387,0.029303030303030386,2,0.16666666666666666,
s=-0.0100|signal,-0.01,signal,ZORA_USDT_PERP,做空,1787316300000,2026-08-21 20:45,0.00687,0.006801300000000001,0.0065952,0.0072135,1787317200000,2026-08-21 21:00,0.0072135,止損,False,False,-0.06060606060606055,-0.06160606060606055,3,0.25,
s=-0.0100|signal,-0.01,signal,ZORA_USDT_PERP,做空,1787321100000,2026-08-21 22:05,0.00706,0.006989400000000001,0.0067776,0.007413,1787323200000,2026-08-21 22:40,0.0067776,止盈,False,False,0.030303030303030387,0.029303030303030386,7,0.5833333333333334,
s=-0.0100|signal,-0.01,signal,ZORA_USDT_PERP,做空,1788124200000,2026-08-31 05:10,0.00815,0.0080685,0.007824,0.0085575,1788124800000,2026-08-31 05:20,0.0085575,止損,False,False,-0.06060606060606055,-0.06160606060606055,2,0.16666666666666666,
s=-0.0100|signal,-0.01,signal,ZRO_USDT_PERP,做空,1787665200000,2026-08-25 21:40,1.2411,1.2286890000000001,1.191456,1.303155,1787665800000,2026-08-25 21:50,1.191456,止盈,False,False,0.030303030303030387,0.029303030303030386,2,0.16666666666666666,
s=-0.0100|signal,-0.01,signal,ZRO_USDT_PERP,做空,1787669700000,2026-08-25 22:55,1.2125,1.200375,1.164,1.273125,1787670900000,2026-08-25 23:15,1.164,止盈,False,False,0.030303030303030387,0.029303030303030386,4,0.3333333333333333,
s=-0.0100|signal,-0.01,signal,哈基米_USDT_PERP,做空,1789068300000,2026-09-11 03:25,0.03622,0.0358578,0.0347712,0.038031,1789069500000,2026-09-11 03:45,0.038031,止損,False,False,-0.06060606060606055,-0.06160606060606055,4,0.3333333333333333,
s=-0.0100|signal,-0.01,signal,哈基米_USDT_PERP,做空,1789098300000,2026-09-11 11:45,0.0411,0.040688999999999996,0.039456,0.043155,1789099500000,2026-09-11 12:05,0.039456,止盈,False,False,0.030303030303030276,0.029303030303030275,4,0.3333333333333333,
s=-0.0100|signal,-0.01,signal,哈基米_USDT_PERP,做空,1789103100000,2026-09-11 13:05,0.04118,0.0407682,0.0395328,0.04323900000000001,1789103700000,2026-09-11 13:15,0.0395328,止盈,False,False,0.030303030303030276,0.029303030303030275,2,0.16666666666666666,
s=-0.0100|signal,-0.01,signal,我踏马来了_USDT_PERP,做空,1788010200000,2026-08-29 21:30,0.014341,0.01419759,0.01376736,0.01505805,1788010500000,2026-08-29 21:35,0.01376736,止盈,False,False,0.030303030303030276,0.029303030303030275,1,0.08333333333333333,
s=-0.0100|signal,-0.01,signal,我踏马来了_USDT_PERP,做空,1789083600000,2026-09-11 07:40,0.012087,0.01196613,0.01160352,0.01269135,1789094100000,2026-09-11 10:35,0.01269135,止損,False,False,-0.06060606060606055,-0.06160606060606055,35,2.9166666666666665,
s=-0.0100|signal,-0.01,signal,我踏马来了_USDT_PERP,做空,1789190100000,2026-09-12 13:15,0.015,0.014849999999999999,0.0144,0.01575,1789190400000,2026-09-12 13:20,0.0144,止盈,False,False,0.030303030303030276,0.029303030303030275,1,0.08333333333333333,
s=-0.0100|fill,-0.01,fill,0G_USDT_PERP,做空,1788174300000,2026-08-31 19:05,0.2285,0.226215,0.21716639999999998,0.23752575,1788177900000,2026-08-31 20:05,0.21716639999999998,止盈,False,False,0.040000000000000036,0.039000000000000035,12,1.0,
s=-0.0100|fill,-0.01,fill,4_USDT_PERP,做空,1787999100000,2026-08-29 18:25,0.01703,0.0168597,0.016185311999999997,0.017702685,1788000600000,2026-08-29 18:50,0.016185311999999997,止盈,False,False,0.040000000000000036,0.039000000000000035,5,0.4166666666666667,
s=-0.0100|fill,-0.01,fill,4_USDT_PERP,做空,1788539700000,2026-09-05 00:35,0.01808,0.017899199999999997,0.017183231999999996,0.018794159999999997,1788540300000,2026-09-05 00:45,0.018794159999999997,止損,False,False,-0.050000000000000044,-0.051000000000000045,2,0.16666666666666666,
s=-0.0100|fill,-0.01,fill,4_USDT_PERP,做空,1788544500000,2026-09-05 01:55,0.02088,0.0206712,0.019844352,0.02170476,1788545700000,2026-09-05 02:15,0.02170476,止損,False,False,-0.050000000000000044,-0.051000000000000045,4,0.3333333333333333,
s=-0.0100|fill,-0.01,fill,4_USDT_PERP,做空,1788549300000,2026-09-05 03:15,0.02226,0.0220374,0.021155903999999996,0.02313927,1788552600000,2026-09-05 04:10,0.02313927,止損,False,False,-0.050000000000000044,-0.051000000000000045,11,0.9166666666666666,
s=-0.0100|fill,-0.01,fill,4_USDT_PERP,做空,1788777900000,2026-09-07 18:45,0.02664,0.0263736,0.025318656,0.027692280000000003,1788779100000,2026-09-07 19:05,0.025318656,止盈,False,False,0.040000000000000036,0.039000000000000035,4,0.3333333333333333,
s=-0.0100|fill,-0.01,fill,ACE_USDT_PERP,做空,1788265800000,2026-09-01 20:30,0.18806,0.1861794,0.178732224,0.19548837,1788266700000,2026-09-01 20:45,0.178732224,止盈,False,False,0.040000000000000036,0.039000000000000035,3,0.25,
s=-0.0100|fill,-0.01,fill,AGT_USDT_PERP,做空,1788193800000,2026-09-01 00:30,0.017237,0.017064629999999997,0.016382044799999995,0.017917861499999996,1788194100000,2026-09-01 00:35,0.016382044799999995,止盈,False,False,0.04000000000000015,0.039000000000000146,1,0.08333333333333333,
s=-0.0100|fill,-0.01,fill,AGT_USDT_PERP,做空,1788198600000,2026-09-01 01:50,0.017307,0.01713393,0.0164485728,0.0179906265,1788218400000,2026-09-01 07:20,0.0164485728,止盈,False,False,0.040000000000000036,0.039000000000000035,66,5.5,
s=-0.0100|fill,-0.01,fill,AGT_USDT_PERP,做空,1788236400000,2026-09-01 12:20,0.018968,0.018778319999999998,0.018027187199999996,0.019717236,1788236700000,2026-09-01 12:25,0.018027187199999996,止盈,False,False,0.04000000000000015,0.039000000000000146,1,0.08333333333333333,
s=-0.0100|fill,-0.01,fill,AIN_USDT_PERP,做空,1789365000000,2026-09-14 13:50,0.10972,0.10862279999999999,0.10427788799999999,0.11405393999999999,1789365600000,2026-09-14 14:00,0.10427788799999999,止盈,False,False,0.040000000000000036,0.039000000000000035,2,0.16666666666666666,
s=-0.0100|fill,-0.01,fill,AIN_USDT_PERP,做空,1789369200000,2026-09-14 15:00,0.10454,0.10349459999999999,0.09935481599999998,0.10866933,1789371000000,2026-09-14 15:30,0.09935481599999998,止盈,False,False,0.040000000000000036,0.039000000000000035,6,0.5,
s=-0.0100|fill,-0.01,fill,ALCH_USDT_PERP,做空,1787734500000,2026-08-26 16:55,0.03262,0.032293800000000004,0.031002048000000004,0.033908490000000006,1787734800000,2026-08-26 17:00,0.031002048000000004,止盈,False,False,0.040000000000000036,0.039000000000000035,1,0.08333333333333333,
s=-0.0100|fill,-0.01,fill,ANIME_USDT_PERP,做空,1789024500000,2026-09-10 15:15,0.003552,0.00351648,0.0033758208,0.0036923040000000004,1789025700000,2026-09-10 15:35,0.0033758208,止盈,False,False,0.040000000000000036,0.039000000000000035,4,0.3333333333333333,
s=-0.0100|fill,-0.01,fill,APR_USDT_PERP,做空,1787060700000,2026-08-18 21:45,0.2187,0.216513,0.20785248,0.22733865000000003,1787061300000,2026-08-18 21:55,0.20785248,止盈,False,False,0.040000000000000036,0.039000000000000035,2,0.16666666666666666,
s=-0.0100|fill,-0.01,fill,APR_USDT_PERP,做空,1788454200000,2026-09-04 00:50,0.269,0.26631,0.2556576,0.2796255,1788454500000,2026-09-04 00:55,0.2556576,止盈,False,False,0.040000000000000036,0.039000000000000035,1,0.08333333333333333,
s=-0.0100|fill,-0.01,fill,APR_USDT_PERP,做空,1788463200000,2026-09-04 03:20,0.2691,0.266409,0.25575264,0.27972945000000005,1788463800000,2026-09-04 03:30,0.27972945000000005,止損,False,False,-0.050000000000000044,-0.051000000000000045,2,0.16666666666666666,
s=-0.0100|fill,-0.01,fill,APR_USDT_PERP,做空,1788468300000,2026-09-04 04:45,0.27595,0.27319049999999995,0.2622628799999999,0.28685002499999995,1788475800000,2026-09-04 06:50,0.2622628799999999,止盈,False,False,0.04000000000000015,0.039000000000000146,25,2.0833333333333335,
s=-0.0100|fill,-0.01,fill,ASTR_USDT_PERP,做空,1789434300000,2026-09-15 09:05,0.006865,0.00679635,0.006524495999999999,0.0071361675,1789434600000,2026-09-15 09:10,0.0071361675,止損,False,False,-0.050000000000000044,-0.051000000000000045,1,0.08333333333333333,
s=-0.0100|fill,-0.01,fill,ASTR_USDT_PERP,做空,1789438800000,2026-09-15 10:20,0.007216,0.00714384,0.0068580864,0.007501032,1789439100000,2026-09-15 10:25,0.007501032,止損,False,False,-0.050000000000000044,-0.051000000000000045,1,0.08333333333333333,
s=-0.0100|fill,-0.01,fill,AXL_USDT_PERP,做空,1789452900000,2026-09-15 14:15,0.0529,0.052371,0.05027616,0.054989550000000005,1789454700000,2026-09-15 14:45,0.05027616,止盈,False,False,0.040000000000000036,0.039000000000000035,6,0.5,
s=-0.0100|fill,-0.01,fill,BAND_USDT_PERP,做空,1788025200000,2026-08-30 01:40,0.201,0.19899,0.1910304,0.2089395,1788028500000,2026-08-30 02:35,0.1910304,止盈,False,False,0.040000000000000036,0.039000000000000035,11,0.9166666666666666,
s=-0.0100|fill,-0.01,fill,BAS_USDT_PERP,做空,1787743500000,2026-08-26 19:25,0.026397,0.02613303,0.0250877088,0.027439681500000004,1787756100000,2026-08-26 22:55,0.0250877088,止盈,False,False,0.040000000000000036,0.039000000000000035,42,3.5,
s=-0.0100|fill,-0.01,fill,BAS_USDT_PERP,做空,1787912100000,2026-08-28 18:15,0.032049,0.03172851,0.0304593696,0.033314935500000004,1787913000000,2026-08-28 18:30,0.0304593696,止盈,False,False,0.040000000000000036,0.039000000000000035,3,0.25,
s=-0.0100|fill,-0.01,fill,BB_USDT_PERP,做空,1787304300000,2026-08-21 17:25,0.01309,0.0129591,0.012440735999999999,0.013607055,1787304600000,2026-08-21 17:30,0.013607055,止損,False,False,-0.050000000000000044,-0.051000000000000045,1,0.08333333333333333,
s=-0.0100|fill,-0.01,fill,BEAMX_USDT_PERP,做空,1787821200000,2026-08-27 17:00,0.002139,0.00211761,0.0020329055999999996,0.0022234905,1787822400000,2026-08-27 17:20,0.0020329055999999996,止盈,False,False,0.04000000000000015,0.039000000000000146,4,0.3333333333333333,
s=-0.0100|fill,-0.01,fill,BICO_USDT_PERP,做空,1787745600000,2026-08-26 20:00,0.02381,0.0235719,0.022629023999999998,0.024750495,1787746200000,2026-08-26 20:10,0.022629023999999998,止盈,False,False,0.04000000000000015,0.039000000000000146,2,0.16666666666666666,
s=-0.0100|fill,-0.01,fill,BICO_USDT_PERP,做空,1787757900000,2026-08-26 23:25,0.02631,0.0260469,0.025005024,0.027349245,1787759100000,2026-08-26 23:45,0.025005024,止盈,False,False,0.040000000000000036,0.039000000000000035,4,0.3333333333333333,
s=-0.0100|fill,-0.01,fill,BLESS_USDT_PERP,做空,1787321700000,2026-08-21 22:15,0.00862,0.0085338,0.008192448,0.00896049,1787322300000,2026-08-21 22:25,0.008192448,止盈,False,False,0.039999999999999925,0.038999999999999924,2,0.16666666666666666,
s=-0.0100|fill,-0.01,fill,BLUR_USDT_PERP,做空,1789140000000,2026-09-11 23:20,0.02085,0.0206415,0.019815839999999998,0.021673575,1789143300000,2026-09-12 00:15,0.019815839999999998,止盈,False,False,0.04000000000000015,0.039000000000000146,11,0.9166666666666666,
s=-0.0100|fill,-0.01,fill,BR_USDT_PERP,做空,1789358100000,2026-09-14 11:55,0.36686,0.3631914,0.348663744,0.38135097,1789358400000,2026-09-14 12:00,0.38135097,止損,False,False,-0.050000000000000044,-0.051000000000000045,1,0.08333333333333333,
s=-0.0100|fill,-0.01,fill,BTR_USDT_PERP,做空,1787553000000,2026-08-24 14:30,0.03322,0.0328878,0.031572288000000004,0.034532190000000004,1787553900000,2026-08-24 14:45,0.034532190000000004,止損,False,False,-0.050000000000000044,-0.051000000000000045,3,0.25,
s=-0.0100|fill,-0.01,fill,BTR_USDT_PERP,做空,1787557800000,2026-08-24 15:50,0.03466,0.0343134,0.032940864,0.03602907,1787558700000,2026-08-24 16:05,0.03602907,止損,False,False,-0.050000000000000044,-0.051000000000000045,3,0.25,
s=-0.0100|fill,-0.01,fill,BTR_USDT_PERP,做空,1787716800000,2026-08-26 12:00,0.04071,0.0403029,0.038690784,0.042318045000000006,1787717100000,2026-08-26 12:05,0.042318045000000006,止損,False,False,-0.050000000000000044,-0.051000000000000045,1,0.08333333333333333,
s=-0.0100|fill,-0.01,fill,BTW_USDT_PERP,做空,1789302300000,2026-09-13 20:25,0.699394,0.69240006,0.6647040576,0.727020063,1789302900000,2026-09-13 20:35,0.727020063,止損,False,False,-0.050000000000000044,-0.051000000000000045,2,0.16666666666666666,
s=-0.0100|fill,-0.01,fill,BULLA_USDT_PERP,做空,1787003400000,2026-08-18 05:50,0.02062,0.0204138,0.019597247999999998,0.02143449,1787004300000,2026-08-18 06:05,0.019597247999999998,止盈,False,False,0.040000000000000036,0.039000000000000035,3,0.25,
s=-0.0100|fill,-0.01,fill,B_USDT_PERP,做空,1788589500000,2026-09-05 14:25,0.2168,0.214632,0.20604672,0.2253636,1788589800000,2026-09-05 14:30,0.20604672,止盈,False,False,0.040000000000000036,0.039000000000000035,1,0.08333333333333333,
s=-0.0100|fill,-0.01,fill,B_USDT_PERP,做空,1788593400000,2026-09-05 15:30,0.1992,0.197208,0.18931968,0.2070684,1788601200000,2026-09-05 17:40,0.18931968,止盈,False,False,0.040000000000000036,0.039000000000000035,26,2.1666666666666665,
s=-0.0100|fill,-0.01,fill,CAP_USDT_PERP,做空,1788492000000,2026-09-04 11:20,0.05311,0.0525789,0.050475743999999996,0.055207845,1788492600000,2026-09-04 11:30,0.050475743999999996,止盈,False,False,0.040000000000000036,0.039000000000000035,2,0.16666666666666666,
s=-0.0100|fill,-0.01,fill,CAP_USDT_PERP,做空,1788773100000,2026-09-07 17:25,0.04997,0.0494703,0.047491488,0.051943815000000004,1788779400000,2026-09-07 19:10,0.047491488,止盈,False,False,0.040000000000000036,0.039000000000000035,21,1.75,
s=-0.0100|fill,-0.01,fill,CAP_USDT_PERP,做空,1789388700000,2026-09-14 20:25,0.06824,0.0675576,0.06485529599999999,0.07093548,1789389000000,2026-09-14 20:30,0.06485529599999999,止盈,False,False,0.040000000000000036,0.039000000000000035,1,0.08333333333333333,
s=-0.0100|fill,-0.01,fill,CASHCAT_USDT_PERP,做空,1789135500000,2026-09-11 22:05,0.1886,0.186714,0.17924543999999998,0.1960497,1789142100000,2026-09-11 23:55,0.17924543999999998,止盈,False,False,0.040000000000000036,0.039000000000000035,22,1.8333333333333333,
s=-0.0100|fill,-0.01,fill,CATI_USDT_PERP,做空,1788447000000,2026-09-03 22:50,0.06712,0.0664488,0.063790848,0.06977124000000001,1788453600000,2026-09-04 00:40,0.063790848,止盈,False,False,0.040000000000000036,0.039000000000000035,22,1.8333333333333333,
s=-0.0100|fill,-0.01,fill,CFG_USDT_PERP,做空,1788751800000,2026-09-07 11:30,0.1336,0.132264,0.12697344,0.1388772,1788754500000,2026-09-07 12:15,0.12697344,止盈,False,False,0.040000000000000036,0.039000000000000035,9,0.75,
s=-0.0100|fill,-0.01,fill,CHIP_USDT_PERP,做空,1788423300000,2026-09-03 16:15,0.05177,0.051252299999999994,0.04920220799999999,0.053814915,1788440100000,2026-09-03 20:55,0.053814915,止損,False,False,-0.050000000000000044,-0.051000000000000045,56,4.666666666666667,
s=-0.0100|fill,-0.01,fill,CLO_USDT_PERP,做空,1787046900000,2026-08-18 17:55,0.1373,0.135927,0.13048991999999998,0.14272335,1787049000000,2026-08-18 18:30,0.14272335,止損,False,False,-0.050000000000000044,-0.051000000000000045,7,0.5833333333333334,
s=-0.0100|fill,-0.01,fill,CLO_USDT_PERP,做空,1787970000000,2026-08-29 10:20,0.1143,0.113157,0.10863071999999999,0.11881485,1787971200000,2026-08-29 10:40,0.11881485,止損,False,False,-0.050000000000000044,-0.051000000000000045,4,0.3333333333333333,
s=-0.0100|fill,-0.01,fill,CLO_USDT_PERP,做空,1788320100000,2026-09-02 11:35,0.1616,0.159984,0.15358464,0.1679832,1788322200000,2026-09-02 12:10,0.1679832,止損,False,False,-0.050000000000000044,-0.051000000000000045,7,0.5833333333333334,
s=-0.0100|fill,-0.01,fill,COLLECT_USDT_PERP,做空,1787230800000,2026-08-20 21:00,0.05943,0.0588357,0.05648227199999999,0.061777485,1787232300000,2026-08-20 21:25,0.061777485,止損,False,False,-0.050000000000000044,-0.051000000000000045,5,0.4166666666666667,
s=-0.0100|fill,-0.01,fill,COLLECT_USDT_PERP,做空,1788603000000,2026-09-05 18:10,0.09433,0.0933867,0.089651232,0.09805603500000001,1788603300000,2026-09-05 18:15,0.089651232,止盈,False,False,0.040000000000000036,0.039000000000000035,1,0.08333333333333333,
s=-0.0100|fill,-0.01,fill,COTI_USDT_PERP,做空,1787342100000,2026-08-22 03:55,0.01225,0.012127500000000001,0.0116424,0.012733875000000002,1787343000000,2026-08-22 04:10,0.012733875000000002,止損,False,False,-0.050000000000000044,-0.051000000000000045,3,0.25,
s=-0.0100|fill,-0.01,fill,COTI_USDT_PERP,做空,1788690600000,2026-09-06 18:30,0.01845,0.0182655,0.01753488,0.019178775000000002,1788692700000,2026-09-06 19:05,0.019178775000000002,止損,False,False,-0.050000000000000044,-0.051000000000000045,7,0.5833333333333334,
s=-0.0100|fill,-0.01,fill,CROSS_USDT_PERP,做空,1786845000000,2026-08-16 09:50,0.10204,0.1010196,0.096978816,0.10607058000000001,1786851600000,2026-08-16 11:40,0.10607058000000001,止損,False,False,-0.050000000000000044,-0.051000000000000045,22,1.8333333333333333,
s=-0.0100|fill,-0.01,fill,CTR_USDT_PERP,做空,1789280700000,2026-09-13 14:25,0.01166,0.0115434,0.011081664,0.01212057,1789281000000,2026-09-13 14:30,0.011081664,止盈,False,False,0.040000000000000036,0.039000000000000035,1,0.08333333333333333,
s=-0.0100|fill,-0.01,fill,CTR_USDT_PERP,做空,1789453200000,2026-09-15 14:20,0.01231,0.0121869,0.011699424,0.012796245000000001,1789455000000,2026-09-15 14:50,0.011699424,止盈,False,False,0.040000000000000036,0.039000000000000035,6,0.5,
s=-0.0100|fill,-0.01,fill,CYS_USDT_PERP,做空,1789168500000,2026-09-12 07:15,0.1593,0.15770699999999999,0.15139872,0.16559235,1789171500000,2026-09-12 08:05,0.15139872,止盈,False,False,0.040000000000000036,0.039000000000000035,10,0.8333333333333334,
s=-0.0100|fill,-0.01,fill,DASH_USDT_PERP,做空,1787367600000,2026-08-22 11:00,46.84,46.3716,44.516736,48.690180000000005,1787371800000,2026-08-22 12:10,44.516736,止盈,False,False,0.040000000000000036,0.039000000000000035,14,1.1666666666666667,
s=-0.0100|fill,-0.01,fill,DOGS_USDT_PERP,做空,1788200100000,2026-09-01 02:15,4.62e-05,4.5737999999999995e-05,4.390847999999999e-05,4.8024899999999995e-05,1788207600000,2026-09-01 04:20,4.390847999999999e-05,止盈,False,False,0.040000000000000036,0.039000000000000035,25,2.0833333333333335,
s=-0.0100|fill,-0.01,fill,EDEN_USDT_PERP,做空,1786982100000,2026-08-17 23:55,0.05434,0.0537966,0.051644736,0.056486430000000004,1786983600000,2026-08-18 00:20,0.051644736,止盈,False,False,0.040000000000000036,0.039000000000000035,5,0.4166666666666667,
s=-0.0100|fill,-0.01,fill,EDGE_USDT_PERP,做空,1787213100000,2026-08-20 16:05,0.364,0.36036,0.3459456,0.37837800000000005,1787220300000,2026-08-20 18:05,0.3459456,止盈,False,False,0.040000000000000036,0.039000000000000035,24,2.0,
s=-0.0100|fill,-0.01,fill,ELSA_USDT_PERP,做空,1788569700000,2026-09-05 08:55,0.05706,0.0564894,0.054229824,0.059313870000000005,1788572100000,2026-09-05 09:35,0.054229824,止盈,False,False,0.040000000000000036,0.039000000000000035,8,0.6666666666666666,
s=-0.0100|fill,-0.01,fill,FF_USDT_PERP,做空,1788270000000,2026-09-01 21:40,0.09488,0.0939312,0.090173952,0.09862776000000001,1788270600000,2026-09-01 21:50,0.09862776000000001,止損,False,False,-0.050000000000000044,-0.051000000000000045,2,0.16666666666666666,
s=-0.0100|fill,-0.01,fill,FF_USDT_PERP,做空,1788274200000,2026-09-01 22:50,0.10179,0.1007721,0.096741216,0.105810705,1788275700000,2026-09-01 23:15,0.096741216,止盈,False,False,0.040000000000000036,0.039000000000000035,5,0.4166666666666667,
s=-0.0100|fill,-0.01,fill,FF_USDT_PERP,做空,1789447800000,2026-09-15 12:50,0.15524,0.15368759999999998,0.14754009599999998,0.16137198,1789448100000,2026-09-15 12:55,0.14754009599999998,止盈,False,False,0.040000000000000036,0.039000000000000035,1,0.08333333333333333,
s=-0.0100|fill,-0.01,fill,FHE_USDT_PERP,做空,1786983300000,2026-08-18 00:15,0.03218,0.0318582,0.030583872,0.033451110000000006,1786983600000,2026-08-18 00:20,0.030583872,止盈,False,False,0.040000000000000036,0.039000000000000035,1,0.08333333333333333,
s=-0.0100|fill,-0.01,fill,FLUID_USDT_PERP,做空,1787715900000,2026-08-26 11:45,1.535,1.51965,1.458864,1.5956325,1787717400000,2026-08-26 12:10,1.5956325,止損,False,False,-0.050000000000000044,-0.051000000000000045,5,0.4166666666666667,
s=-0.0100|fill,-0.01,fill,FLUID_USDT_PERP,做空,1787721000000,2026-08-26 13:10,1.522,1.50678,1.4465088,1.582119,1787736300000,2026-08-26 17:25,1.4465088,止盈,False,False,0.040000000000000036,0.039000000000000035,51,4.25,
s=-0.0100|fill,-0.01,fill,GPS_USDT_PERP,做空,1786941600000,2026-08-17 12:40,0.014967,0.01481733,0.014224636799999999,0.015558196500000001,1786942800000,2026-08-17 13:00,0.014224636799999999,止盈,False,False,0.040000000000000036,0.039000000000000035,4,0.3333333333333333,
s=-0.0100|fill,-0.01,fill,GRIFFAIN_USDT_PERP,做空,1789197900000,2026-09-12 15:25,0.01287,0.012741299999999999,0.012231647999999998,0.013378365,1789199100000,2026-09-12 15:45,0.013378365,止損,False,False,-0.050000000000000044,-0.051000000000000045,4,0.3333333333333333,
s=-0.0100|fill,-0.01,fill,GRIFFAIN_USDT_PERP,做空,1789202700000,2026-09-12 16:45,0.01472,0.0145728,0.013989888,0.015301440000000001,1789203900000,2026-09-12 17:05,0.013989888,止盈,False,False,0.039999999999999925,0.038999999999999924,4,0.3333333333333333,
s=-0.0100|fill,-0.01,fill,GWEI_USDT_PERP,做空,1787277300000,2026-08-21 09:55,0.02519,0.0249381,0.023940576,0.026185005,1787278500000,2026-08-21 10:15,0.026185005,止損,False,False,-0.050000000000000044,-0.051000000000000045,4,0.3333333333333333,
s=-0.0100|fill,-0.01,fill,HAEDAL_USDT_PERP,做空,1788856200000,2026-09-08 16:30,0.02249,0.0222651,0.021374496,0.023378355,1788856800000,2026-09-08 16:40,0.023378355,止損,False,False,-0.050000000000000044,-0.051000000000000045,2,0.16666666666666666,
s=-0.0100|fill,-0.01,fill,HANA_USDT_PERP,做空,1787647500000,2026-08-25 16:45,0.02054,0.020334599999999998,0.019521215999999997,0.021351329999999998,1787650200000,2026-08-25 17:30,0.021351329999999998,止損,False,False,-0.050000000000000044,-0.051000000000000045,9,0.75,
s=-0.0100|fill,-0.01,fill,HEMI_USDT_PERP,做空,1787831400000,2026-08-27 19:50,0.00913,0.009038699999999998,0.008677151999999999,0.009490634999999999,1787832300000,2026-08-27 20:05,0.008677151999999999,止盈,False,False,0.039999999999999925,0.038999999999999924,3,0.25,
s=-0.0100|fill,-0.01,fill,HEMI_USDT_PERP,做空,1787858400000,2026-08-28 03:20,0.01009,0.0099891,0.009589536000000001,0.010488555000000002,1787864100000,2026-08-28 04:55,0.009589536000000001,止盈,False,False,0.039999999999999925,0.038999999999999924,19,1.5833333333333333,
s=-0.0100|fill,-0.01,fill,HEMI_USDT_PERP,做空,1789403400000,2026-09-15 00:30,0.00705,0.0069795,0.006700319999999999,0.007328475,1789403700000,2026-09-15 00:35,0.006700319999999999,止盈,False,False,0.040000000000000036,0.039000000000000035,1,0.08333333333333333,
s=-0.0100|fill,-0.01,fill,IDOL_USDT_PERP,做空,1789473300000,2026-09-15 19:55,0.01197,0.0118503,0.011376287999999998,0.012442815,1789473900000,2026-09-15 20:05,0.011376287999999998,止盈,False,False,0.04000000000000015,0.039000000000000146,2,0.16666666666666666,
s=-0.0100|fill,-0.01,fill,IDOL_USDT_PERP,做空,1789478400000,2026-09-15 21:20,0.0114,0.011286000000000001,0.01083456,0.011850300000000001,1789479000000,2026-09-15 21:30,0.01083456,止盈,False,False,0.040000000000000036,0.039000000000000035,2,0.16666666666666666,
s=-0.0100|fill,-0.01,fill,IOST_USDT_PERP,做空,1788763500000,2026-09-07 14:45,0.000892,0.00088308,0.0008477567999999999,0.000927234,1788766800000,2026-09-07 15:40,0.0008477567999999999,止盈,False,False,0.040000000000000036,0.039000000000000035,11,0.9166666666666666,
s=-0.0100|fill,-0.01,fill,KAT_USDT_PERP,做空,1788925200000,2026-09-09 11:40,0.006139,0.006077610000000001,0.0058345056000000005,0.006381490500000001,1788930300000,2026-09-09 13:05,0.0058345056000000005,止盈,False,False,0.040000000000000036,0.039000000000000035,17,1.4166666666666667,
s=-0.0100|fill,-0.01,fill,KERNEL_USDT_PERP,做空,1787824800000,2026-08-27 18:00,0.04664,0.0461736,0.044326656,0.04848228,1787825100000,2026-08-27 18:05,0.044326656,止盈,False,False,0.040000000000000036,0.039000000000000035,1,0.08333333333333333,
s=-0.0100|fill,-0.01,fill,LAB_USDT_PERP,做空,1789122000000,2026-09-11 18:20,0.05873,0.0581427,0.055816991999999996,0.061049835000000004,1789122300000,2026-09-11 18:25,0.061049835000000004,止損,False,False,-0.050000000000000044,-0.051000000000000045,1,0.08333333333333333,
s=-0.0100|fill,-0.01,fill,LAYER_USDT_PERP,做空,1788710400000,2026-09-07 00:00,0.0881,0.08721899999999999,0.08373023999999998,0.09157995,1788711300000,2026-09-07 00:15,0.08373023999999998,止盈,False,False,0.040000000000000036,0.039000000000000035,3,0.25,
s=-0.0100|fill,-0.01,fill,LA_USDT_PERP,做空,1788312300000,2026-09-02 09:25,0.06491,0.0642609,0.061690463999999993,0.067473945,1788321000000,2026-09-02 11:50,0.061690463999999993,止盈,False,False,0.040000000000000036,0.039000000000000035,29,2.4166666666666665,
s=-0.0100|fill,-0.01,fill,LIGHT_USDT_PERP,做空,1787730600000,2026-08-26 15:50,0.1766,0.17483400000000002,0.16784064,0.18357570000000004,1787796300000,2026-08-27 10:05,0.18357570000000004,止損,False,False,-0.050000000000000044,-0.051000000000000045,219,18.25,
s=-0.0100|fill,-0.01,fill,LIGHT_USDT_PERP,做空,1787909400000,2026-08-28 17:30,0.2318,0.229482,0.22030271999999998,0.2409561,1787910600000,2026-08-28 17:50,0.2409561,止損,False,False,-0.050000000000000044,-0.051000000000000045,4,0.3333333333333333,
s=-0.0100|fill,-0.01,fill,LSK_USDT_PERP,做空,1787754600000,2026-08-26 22:30,0.112,0.11088,0.1064448,0.11642400000000001,1787755200000,2026-08-26 22:40,0.1064448,止盈,False,False,0.040000000000000036,0.039000000000000035,2,0.16666666666666666,
s=-0.0100|fill,-0.01,fill,LUNA2_USDT_PERP,做空,1788782700000,2026-09-07 20:05,0.05437,0.0538263,0.051673248,0.056517615,1788784800000,2026-09-07 20:40,0.051673248,止盈,False,False,0.040000000000000036,0.039000000000000035,7,0.5833333333333334,
s=-0.0100|fill,-0.01,fill,MAGMA_USDT_PERP,做空,1787344200000,2026-08-22 04:30,0.32043,0.3172257,0.304536672,0.333086985,1787347800000,2026-08-22 05:30,0.304536672,止盈,False,False,0.039999999999999925,0.038999999999999924,12,1.0,
s=-0.0100|fill,-0.01,fill,MAGMA_USDT_PERP,做空,1789323300000,2026-09-14 02:15,0.26632,0.2636568,0.253110528,0.27683964000000005,1789324500000,2026-09-14 02:35,0.27683964000000005,止損,False,False,-0.050000000000000044,-0.051000000000000045,4,0.3333333333333333,
s=-0.0100|fill,-0.01,fill,MANTRA_USDT_PERP,做空,1787903400000,2026-08-28 15:50,0.00476,0.0047124,0.0045239040000000005,0.004948020000000001,1787908500000,2026-08-28 17:15,0.0045239040000000005,止盈,False,False,0.039999999999999925,0.038999999999999924,17,1.4166666666666667,
s=-0.0100|fill,-0.01,fill,MELANIA_USDT_PERP,做空,1787371800000,2026-08-22 12:10,0.1263,0.12503699999999998,0.12003551999999998,0.13128884999999998,1787372400000,2026-08-22 12:20,0.13128884999999998,止損,False,False,-0.050000000000000044,-0.051000000000000045,2,0.16666666666666666,
s=-0.0100|fill,-0.01,fill,MOODENG_USDT_PERP,做空,1788629100000,2026-09-06 01:25,0.04783,0.0473517,0.045457632,0.049719285,1788630300000,2026-09-06 01:45,0.045457632,止盈,False,False,0.039999999999999925,0.038999999999999924,4,0.3333333333333333,
s=-0.0100|fill,-0.01,fill,MOODENG_USDT_PERP,做空,1789621200000,2026-09-17 13:00,0.04393,0.04349069999999999,0.04175107199999999,0.04566523499999999,1789623900000,2026-09-17 13:45,0.04175107199999999,止盈,False,False,0.040000000000000036,0.039000000000000035,9,0.75,
s=-0.0100|fill,-0.01,fill,MOVE_USDT_PERP,做空,1787371500000,2026-08-22 12:05,0.00853,0.0084447,0.008106911999999999,0.008866935,1787373000000,2026-08-22 12:30,0.008866935,止損,False,False,-0.050000000000000044,-0.051000000000000045,5,0.4166666666666667,
s=-0.0100|fill,-0.01,fill,MOVR_USDT_PERP,做空,1786800000000,2026-08-15 21:20,0.985,0.97515,0.936144,1.0239075,1786800900000,2026-08-15 21:35,0.936144,止盈,False,False,0.040000000000000036,0.039000000000000035,3,0.25,
s=-0.0100|fill,-0.01,fill,MOVR_USDT_PERP,做空,1787802900000,2026-08-27 11:55,0.799,0.79101,0.7593696,0.8305605,1787803200000,2026-08-27 12:00,0.8305605,止損,False,False,-0.050000000000000044,-0.051000000000000045,1,0.08333333333333333,
s=-0.0100|fill,-0.01,fill,MOVR_USDT_PERP,做空,1787807400000,2026-08-27 13:10,0.869,0.86031,0.8258976,0.9033255,1787807700000,2026-08-27 13:15,0.8258976,止盈,False,False,0.040000000000000036,0.039000000000000035,1,0.08333333333333333,
s=-0.0100|fill,-0.01,fill,MUBARAK_USDT_PERP,做空,1788363600000,2026-09-02 23:40,0.02662,0.0263538,0.025299647999999997,0.02767149,1788364200000,2026-09-02 23:50,0.02767149,止損,False,False,-0.050000000000000044,-0.051000000000000045,2,0.16666666666666666,
s=-0.0100|fill,-0.01,fill,NAORIS_USDT_PERP,做空,1788591000000,2026-09-05 14:50,0.03141,0.0310959,0.029852063999999998,0.032650695,1788592200000,2026-09-05 15:10,0.029852063999999998,止盈,False,False,0.040000000000000036,0.039000000000000035,4,0.3333333333333333,
s=-0.0100|fill,-0.01,fill,NAORIS_USDT_PERP,做空,1788691200000,2026-09-06 18:40,0.03484,0.034491600000000004,0.033111936,0.03621618000000001,1788695100000,2026-09-06 19:45,0.03621618000000001,止損,False,False,-0.050000000000000044,-0.051000000000000045,13,1.0833333333333333,
s=-0.0100|fill,-0.01,fill,NOM_USDT_PERP,做空,1788576000000,2026-09-05 10:40,0.001789,0.00177111,0.0017002655999999998,0.0018596655,1788576900000,2026-09-05 10:55,0.0018596655,止損,False,False,-0.050000000000000044,-0.051000000000000045,3,0.25,
s=-0.0100|fill,-0.01,fill,NOM_USDT_PERP,做空,1788586800000,2026-09-05 13:40,0.002085,0.00206415,0.0019815839999999998,0.0021673575,1788588000000,2026-09-05 14:00,0.0019815839999999998,止盈,False,False,0.040000000000000036,0.039000000000000035,4,0.3333333333333333,
s=-0.0100|fill,-0.01,fill,OG_USDT_PERP,做空,1787472300000,2026-08-23 16:05,3.071,3.04029,2.9186784,3.1923045,1787474400000,2026-08-23 16:40,2.9186784,止盈,False,False,0.040000000000000036,0.039000000000000035,7,0.5833333333333334,
s=-0.0100|fill,-0.01,fill,ONG_USDT_PERP,做空,1786929900000,2026-08-17 09:25,0.06165,0.061033500000000004,0.058592160000000004,0.06408517500000001,1786930200000,2026-08-17 09:30,0.058592160000000004,止盈,False,False,0.040000000000000036,0.039000000000000035,1,0.08333333333333333,
s=-0.0100|fill,-0.01,fill,ONG_USDT_PERP,做空,1787232900000,2026-08-20 21:35,0.06947,0.0687753,0.066024288,0.072214065,1787233500000,2026-08-20 21:45,0.072214065,止損,False,False,-0.050000000000000044,-0.051000000000000045,2,0.16666666666666666,
s=-0.0100|fill,-0.01,fill,ONG_USDT_PERP,做空,1787237700000,2026-08-20 22:55,0.08127,0.0804573,0.077239008,0.084480165,1787239800000,2026-08-20 23:30,0.077239008,止盈,False,False,0.039999999999999925,0.038999999999999924,7,0.5833333333333334,
s=-0.0100|fill,-0.01,fill,ONT_USDT_PERP,做空,1787258100000,2026-08-21 04:35,0.0544,0.053855999999999994,0.05170175999999999,0.056548799999999996,1787258400000,2026-08-21 04:40,0.056548799999999996,止損,False,False,-0.050000000000000044,-0.051000000000000045,1,0.08333333333333333,
s=-0.0100|fill,-0.01,fill,ONT_USDT_PERP,做空,1787262000000,2026-08-21 05:40,0.0513,0.050787,0.04875552,0.05332635,1787270700000,2026-08-21 08:05,0.04875552,止盈,False,False,0.040000000000000036,0.039000000000000035,29,2.4166666666666665,
s=-0.0100|fill,-0.01,fill,ON_USDT_PERP,做空,1788861900000,2026-09-08 18:05,0.211,0.20889,0.20053439999999997,0.2193345,1788864600000,2026-09-08 18:50,0.20053439999999997,止盈,False,False,0.040000000000000036,0.039000000000000035,9,0.75,
s=-0.0100|fill,-0.01,fill,ORCA_USDT_PERP,做空,1788745800000,2026-09-07 09:50,1.642,1.6255799999999998,1.5605567999999999,1.706859,1788752700000,2026-09-07 11:45,1.5605567999999999,止盈,False,False,0.039999999999999925,0.038999999999999924,23,1.9166666666666667,
s=-0.0100|fill,-0.01,fill,PHA_USDT_PERP,做空,1788972600000,2026-09-10 00:50,0.03342,0.0330858,0.031762368,0.03474009,1788973200000,2026-09-10 01:00,0.03474009,止損,False,False,-0.050000000000000044,-0.051000000000000045,2,0.16666666666666666,
s=-0.0100|fill,-0.01,fill,PIEVERSE_USDT_PERP,做空,1787306700000,2026-08-21 18:05,1.1295,1.118205,1.0734768,1.1741152499999998,1787310300000,2026-08-21 19:05,1.0734768,止盈,False,False,0.040000000000000036,0.039000000000000035,12,1.0,
s=-0.0100|fill,-0.01,fill,PIEVERSE_USDT_PERP,做空,1788789300000,2026-09-07 21:55,1.3018,1.288782,1.2372307200000001,1.3532211,1788793800000,2026-09-07 23:10,1.2372307200000001,止盈,False,False,0.039999999999999925,0.038999999999999924,15,1.25,
s=-0.0100|fill,-0.01,fill,PIXEL_USDT_PERP,做空,1786865400000,2026-08-16 15:30,0.00611,0.0060489,0.005806944,0.006351345,1786866300000,2026-08-16 15:45,0.005806944,止盈,False,False,0.04000000000000015,0.039000000000000146,3,0.25,
s=-0.0100|fill,-0.01,fill,PORTAL_USDT_PERP,做空,1786885200000,2026-08-16 21:00,0.01597,0.015810300000000003,0.015177888000000002,0.016600815000000005,1786886400000,2026-08-16 21:20,0.015177888000000002,止盈,False,False,0.040000000000000036,0.039000000000000035,4,0.3333333333333333,
s=-0.0100|fill,-0.01,fill,PORTAL_USDT_PERP,做空,1787544900000,2026-08-24 12:15,0.01602,0.0158598,0.015225408,0.01665279,1787546100000,2026-08-24 12:35,0.015225408,止盈,False,False,0.040000000000000036,0.039000000000000035,4,0.3333333333333333,
s=-0.0100|fill,-0.01,fill,PORTAL_USDT_PERP,做空,1787721000000,2026-08-26 13:10,0.01896,0.0187704,0.018019583999999998,0.01970892,1787722200000,2026-08-26 13:30,0.01970892,止損,False,False,-0.050000000000000044,-0.051000000000000045,4,0.3333333333333333,
s=-0.0100|fill,-0.01,fill,PORTAL_USDT_PERP,做空,1788444900000,2026-09-03 22:15,0.01665,0.0164835,0.01582416,0.017307675,1788445200000,2026-09-03 22:20,0.01582416,止盈,False,False,0.040000000000000036,0.039000000000000035,1,0.08333333333333333,
s=-0.0100|fill,-0.01,fill,POWR_USDT_PERP,做空,1789258200000,2026-09-13 08:10,0.06576,0.0651024,0.062498304000000005,0.06835752,1789258500000,2026-09-13 08:15,0.06835752,止損,False,False,-0.050000000000000044,-0.051000000000000045,1,0.08333333333333333,
s=-0.0100|fill,-0.01,fill,POWR_USDT_PERP,做空,1789263000000,2026-09-13 09:30,0.0824,0.081576,0.07831295999999999,0.0856548,1789264200000,2026-09-13 09:50,0.07831295999999999,止盈,False,False,0.04000000000000015,0.039000000000000146,4,0.3333333333333333,
s=-0.0100|fill,-0.01,fill,POWR_USDT_PERP,做空,1789267800000,2026-09-13 10:50,0.08243,0.0816057,0.078341472,0.085685985,1789268100000,2026-09-13 10:55,0.078341472,止盈,False,False,0.04000000000000015,0.039000000000000146,1,0.08333333333333333,
s=-0.0100|fill,-0.01,fill,PROMPT_USDT_PERP,做空,1788000900000,2026-08-29 18:55,0.02727,0.0269973,0.025917407999999996,0.028347165,1788001200000,2026-08-29 19:00,0.025917407999999996,止盈,False,False,0.04000000000000015,0.039000000000000146,1,0.08333333333333333,
s=-0.0100|fill,-0.01,fill,PROS_USDT_PERP,做空,1788927600000,2026-09-09 12:20,0.5005,0.49549499999999996,0.47567519999999996,0.52026975,1788929100000,2026-09-09 12:45,0.52026975,止損,False,False,-0.050000000000000044,-0.051000000000000045,5,0.4166666666666667,
s=-0.0100|fill,-0.01,fill,PTB_USDT_PERP,做空,1788529800000,2026-09-04 21:50,0.000816,0.00080784,0.0007755263999999999,0.000848232,1788530100000,2026-09-04 21:55,0.0007755263999999999,止盈,False,False,0.040000000000000036,0.039000000000000035,1,0.08333333333333333,
s=-0.0100|fill,-0.01,fill,Q_USDT_PERP,做空,1788496200000,2026-09-04 12:30,0.026302,0.02603898,0.0249974208,0.027340929,1788496800000,2026-09-04 12:40,0.0249974208,止盈,False,False,0.040000000000000036,0.039000000000000035,2,0.16666666666666666,
s=-0.0100|fill,-0.01,fill,RATS_USDT_PERP,做空,1787062500000,2026-08-18 22:15,5.136e-05,5.08464e-05,4.8812544e-05,5.338872e-05,1787063400000,2026-08-18 22:30,5.338872e-05,止損,False,False,-0.050000000000000044,-0.051000000000000045,3,0.25,
s=-0.0100|fill,-0.01,fill,RAY_USDT_PERP,做空,1788665400000,2026-09-06 11:30,1.109,1.09791,1.0539935999999999,1.1528055,1788666600000,2026-09-06 11:50,1.1528055,止損,False,False,-0.050000000000000044,-0.051000000000000045,4,0.3333333333333333,
s=-0.0100|fill,-0.01,fill,RAY_USDT_PERP,做空,1788670500000,2026-09-06 12:55,1.154,1.1424599999999998,1.0967615999999998,1.1995829999999998,1788676500000,2026-09-06 14:35,1.0967615999999998,止盈,False,False,0.040000000000000036,0.039000000000000035,20,1.6666666666666667,
s=-0.0100|fill,-0.01,fill,REZ_USDT_PERP,做空,1789016700000,2026-09-10 13:05,0.00362,0.0035838,0.0034404479999999996,0.00376299,1789017600000,2026-09-10 13:20,0.00376299,止損,False,False,-0.050000000000000044,-0.051000000000000045,3,0.25,
s=-0.0100|fill,-0.01,fill,REZ_USDT_PERP,做空,1789287600000,2026-09-13 16:20,0.003949,0.003909510000000001,0.0037531296000000002,0.004104985500000001,1789289400000,2026-09-13 16:50,0.0037531296000000002,止盈,False,False,0.040000000000000036,0.039000000000000035,6,0.5,
s=-0.0100|fill,-0.01,fill,RE_USDT_PERP,做空,1787158200000,2026-08-20 00:50,0.4973,0.492327,0.47263392,0.51694335,1787166300000,2026-08-20 03:05,0.51694335,止損,False,False,-0.050000000000000044,-0.051000000000000045,27,2.25,
s=-0.0100|fill,-0.01,fill,RE_USDT_PERP,做空,1787363100000,2026-08-22 09:45,0.6057,0.599643,0.57565728,0.6296251500000001,1787374500000,2026-08-22 12:55,0.57565728,止盈,False,False,0.039999999999999925,0.038999999999999924,38,3.1666666666666665,
s=-0.0100|fill,-0.01,fill,SAGA_USDT_PERP,做空,1789058100000,2026-09-11 00:35,0.01776,0.0175824,0.016879104000000002,0.018461520000000002,1789060200000,2026-09-11 01:10,0.018461520000000002,止損,False,False,-0.050000000000000044,-0.051000000000000045,7,0.5833333333333334,
s=-0.0100|fill,-0.01,fill,SIREN_USDT_PERP,做空,1787970900000,2026-08-29 10:35,0.03355,0.0332145,0.03188592,0.034875225,1787972700000,2026-08-29 11:05,0.03188592,止盈,False,False,0.040000000000000036,0.039000000000000035,6,0.5,
s=-0.0100|fill,-0.01,fill,SKR_USDT_PERP,做空,1787875800000,2026-08-28 08:10,0.011903,0.01178397,0.0113126112,0.0123731685,1787876700000,2026-08-28 08:25,0.0123731685,止損,False,False,-0.050000000000000044,-0.051000000000000045,3,0.25,
s=-0.0100|fill,-0.01,fill,SKR_USDT_PERP,做空,1787880600000,2026-08-28 09:30,0.011993,0.01187307,0.011398147199999998,0.0124667235,1787881800000,2026-08-28 09:50,0.0124667235,止損,False,False,-0.050000000000000044,-0.051000000000000045,4,0.3333333333333333,
s=-0.0100|fill,-0.01,fill,SKR_USDT_PERP,做空,1788069000000,2026-08-30 13:50,0.013432,0.01329768,0.012765772799999998,0.013962564,1788072300000,2026-08-30 14:45,0.012765772799999998,止盈,False,False,0.040000000000000036,0.039000000000000035,11,0.9166666666666666,
s=-0.0100|fill,-0.01,fill,SOLV_USDT_PERP,做空,1788684000000,2026-09-06 16:40,0.00374,0.0037026,0.003554496,0.0038877300000000003,1788685500000,2026-09-06 17:05,0.0038877300000000003,止損,False,False,-0.050000000000000044,-0.051000000000000045,5,0.4166666666666667,
s=-0.0100|fill,-0.01,fill,SPK_USDT_PERP,做空,1787292600000,2026-08-21 14:10,0.01886,0.018671399999999998,0.017924543999999997,0.01960497,1787293200000,2026-08-21 14:20,0.017924543999999997,止盈,False,False,0.040000000000000036,0.039000000000000035,2,0.16666666666666666,
s=-0.0100|fill,-0.01,fill,SPORTFUN_USDT_PERP,做空,1786824600000,2026-08-16 04:10,0.02552,0.0252648,0.024254208,0.026528040000000003,1786826100000,2026-08-16 04:35,0.026528040000000003,止損,False,False,-0.050000000000000044,-0.051000000000000045,5,0.4166666666666667,
s=-0.0100|fill,-0.01,fill,SPORTFUN_USDT_PERP,做空,1786829700000,2026-08-16 05:35,0.02981,0.0295119,0.028331424,0.030987495,1786830300000,2026-08-16 05:45,0.030987495,止損,False,False,-0.050000000000000044,-0.051000000000000045,2,0.16666666666666666,
s=-0.0100|fill,-0.01,fill,SPORTFUN_USDT_PERP,做空,1786836000000,2026-08-16 07:20,0.03291,0.0325809,0.031277664000000004,0.034209945000000005,1786838100000,2026-08-16 07:55,0.031277664000000004,止盈,False,False,0.039999999999999925,0.038999999999999924,7,0.5833333333333334,
s=-0.0100|fill,-0.01,fill,SQD_USDT_PERP,做空,1787662500000,2026-08-25 20:55,0.03679,0.036422100000000006,0.03496521600000001,0.03824320500000001,1787664000000,2026-08-25 21:20,0.03496521600000001,止盈,False,False,0.039999999999999925,0.038999999999999924,5,0.4166666666666667,
s=-0.0100|fill,-0.01,fill,SSV_USDT_PERP,做空,1787297100000,2026-08-21 15:25,2.816,2.7878399999999997,2.6763263999999998,2.9272319999999996,1787298000000,2026-08-21 15:40,2.9272319999999996,止損,False,False,-0.050000000000000044,-0.051000000000000045,3,0.25,
s=-0.0100|fill,-0.01,fill,SSV_USDT_PERP,做空,1787301600000,2026-08-21 16:40,2.839,2.81061,2.6981856,2.9511405,1787313300000,2026-08-21 19:55,2.9511405,止損,False,False,-0.050000000000000044,-0.051000000000000045,39,3.25,
s=-0.0100|fill,-0.01,fill,STABLE_USDT_PERP,做空,1787265000000,2026-08-21 06:30,0.03199,0.0316701,0.030403296,0.033253605,1787269200000,2026-08-21 07:40,0.033253605,止損,False,False,-0.050000000000000044,-0.051000000000000045,14,1.1666666666666667,
s=-0.0100|fill,-0.01,fill,STAR_USDT_PERP,做空,1786962600000,2026-08-17 18:30,0.12102,0.11980980000000001,0.115017408,0.12580029,1786969800000,2026-08-17 20:30,0.12580029,止損,False,False,-0.050000000000000044,-0.051000000000000045,24,2.0,
s=-0.0100|fill,-0.01,fill,STAR_USDT_PERP,做空,1787113200000,2026-08-19 12:20,0.13046,0.1291554,0.123989184,0.13561317,1787117400000,2026-08-19 13:30,0.13561317,止損,False,False,-0.050000000000000044,-0.051000000000000045,14,1.1666666666666667,
s=-0.0100|fill,-0.01,fill,STAR_USDT_PERP,做空,1787316900000,2026-08-21 20:55,0.16075,0.1591425,0.1527768,0.167099625,1787317200000,2026-08-21 21:00,0.1527768,止盈,False,False,0.040000000000000036,0.039000000000000035,1,0.08333333333333333,
s=-0.0100|fill,-0.01,fill,STAR_USDT_PERP,做空,1787565300000,2026-08-24 17:55,0.14315,0.1417185,0.13604976,0.148804425,1787574900000,2026-08-24 20:35,0.13604976,止盈,False,False,0.040000000000000036,0.039000000000000035,32,2.6666666666666665,
s=-0.0100|fill,-0.01,fill,SUPER_USDT_PERP,做空,1787577300000,2026-08-24 21:15,0.1293,0.128007,0.12288672,0.13440735,1787580300000,2026-08-24 22:05,0.13440735,止損,False,False,-0.050000000000000044,-0.051000000000000045,10,0.8333333333333334,
s=-0.0100|fill,-0.01,fill,SUSHI_USDT_PERP,做空,1788630000000,2026-09-06 01:40,0.2401,0.237699,0.22819103999999998,0.24958395,1788630900000,2026-09-06 01:55,0.24958395,止損,False,False,-0.050000000000000044,-0.051000000000000045,3,0.25,
s=-0.0100|fill,-0.01,fill,SUSHI_USDT_PERP,做空,1788636300000,2026-09-06 03:25,0.2775,0.274725,0.26373599999999997,0.28846125,1788637200000,2026-09-06 03:40,0.26373599999999997,止盈,False,False,0.04000000000000015,0.039000000000000146,3,0.25,
s=-0.0100|fill,-0.01,fill,TAC_USDT_PERP,做空,1787438100000,2026-08-23 06:35,0.001749,0.00173151,0.0016622495999999997,0.0018180855,1787439000000,2026-08-23 06:50,0.0016622495999999997,止盈,False,False,0.04000000000000015,0.039000000000000146,3,0.25,
s=-0.0100|fill,-0.01,fill,TA_USDT_PERP,做空,1789214400000,2026-09-12 20:00,0.06008,0.0594792,0.057100032,0.06245316000000001,1789222800000,2026-09-12 22:20,0.06245316000000001,止損,False,False,-0.050000000000000044,-0.051000000000000045,28,2.3333333333333335,
s=-0.0100|fill,-0.01,fill,TLM_USDT_PERP,做空,1787670300000,2026-08-25 23:05,0.001672,0.00165528,0.0015890688,0.0017380440000000002,1787678100000,2026-08-26 01:15,0.0015890688,止盈,False,False,0.040000000000000036,0.039000000000000035,26,2.1666666666666665,
s=-0.0100|fill,-0.01,fill,TNSR_USDT_PERP,做空,1788096000000,2026-08-30 21:20,0.04212,0.041698799999999994,0.040030847999999994,0.043783739999999995,1788097500000,2026-08-30 21:45,0.043783739999999995,止損,False,False,-0.050000000000000044,-0.051000000000000045,5,0.4166666666666667,
s=-0.0100|fill,-0.01,fill,TRADOOR_USDT_PERP,做空,1788592200000,2026-09-05 15:10,0.7411,0.7336889999999999,0.7043414399999999,0.7703734499999999,1788592500000,2026-09-05 15:15,0.7703734499999999,止損,True,False,-0.050000000000000044,-0.051000000000000045,1,0.08333333333333333,同一根同時觸發→保守計止損
s=-0.0100|fill,-0.01,fill,TRB_USDT_PERP,做空,1787365800000,2026-08-22 10:30,21.825,21.606749999999998,20.742479999999997,22.6870875,1787366100000,2026-08-22 10:35,22.6870875,止損,False,False,-0.050000000000000044,-0.051000000000000045,1,0.08333333333333333,
s=-0.0100|fill,-0.01,fill,TREE_USDT_PERP,做空,1787150100000,2026-08-19 22:35,0.04051,0.0401049,0.038500704,0.042110145,1787152500000,2026-08-19 23:15,0.042110145,止損,False,False,-0.050000000000000044,-0.051000000000000045,8,0.6666666666666666,
s=-0.0100|fill,-0.01,fill,TREE_USDT_PERP,做空,1787156100000,2026-08-20 00:15,0.04573,0.0452727,0.043461792,0.047536335,1787157300000,2026-08-20 00:35,0.043461792,止盈,False,False,0.040000000000000036,0.039000000000000035,4,0.3333333333333333,
s=-0.0100|fill,-0.01,fill,TREE_USDT_PERP,做空,1789172400000,2026-09-12 08:20,0.04535,0.0448965,0.043100639999999996,0.047141325,1789173000000,2026-09-12 08:30,0.043100639999999996,止盈,False,False,0.040000000000000036,0.039000000000000035,2,0.16666666666666666,
s=-0.0100|fill,-0.01,fill,TRIA_USDT_PERP,做空,1788495300000,2026-09-04 12:15,0.0049,0.004850999999999999,0.004656959999999999,0.00509355,1788495600000,2026-09-04 12:20,0.004656959999999999,止盈,False,False,0.040000000000000036,0.039000000000000035,1,0.08333333333333333,
s=-0.0100|fill,-0.01,fill,TRIA_USDT_PERP,做空,1788503700000,2026-09-04 14:35,0.00525,0.0051975,0.004989599999999999,0.005457375,1788506400000,2026-09-04 15:20,0.004989599999999999,止盈,False,False,0.040000000000000036,0.039000000000000035,9,0.75,
s=-0.0100|fill,-0.01,fill,TRUMP_USDT_PERP,做空,1787175000000,2026-08-20 05:30,1.707,1.6899300000000002,1.6223328000000001,1.7744265000000001,1787181000000,2026-08-20 07:10,1.7744265000000001,止損,False,False,-0.050000000000000044,-0.051000000000000045,20,1.6666666666666667,
s=-0.0100|fill,-0.01,fill,US_USDT_PERP,做空,1787325300000,2026-08-21 23:15,0.01978,0.019582199999999998,0.018798911999999997,0.02056131,1787325600000,2026-08-21 23:20,0.02056131,止損,False,False,-0.050000000000000044,-0.051000000000000045,1,0.08333333333333333,
s=-0.0100|fill,-0.01,fill,US_USDT_PERP,做空,1787329500000,2026-08-22 00:25,0.02225,0.0220275,0.0211464,0.023128875,1787330100000,2026-08-22 00:35,0.023128875,止損,False,False,-0.050000000000000044,-0.051000000000000045,2,0.16666666666666666,
s=-0.0100|fill,-0.01,fill,WAL_USDT_PERP,做空,1786788900000,2026-08-15 18:15,0.0272,0.026927999999999997,0.025850879999999996,0.028274399999999998,1786789200000,2026-08-15 18:20,0.028274399999999998,止損,False,False,-0.050000000000000044,-0.051000000000000045,1,0.08333333333333333,
s=-0.0100|fill,-0.01,fill,WAL_USDT_PERP,做空,1786792800000,2026-08-15 19:20,0.0259,0.025641,0.02461536,0.02692305,1786797000000,2026-08-15 20:30,0.02692305,止損,False,False,-0.050000000000000044,-0.051000000000000045,14,1.1666666666666667,
s=-0.0100|fill,-0.01,fill,XPIN_USDT_PERP,做空,1786950300000,2026-08-17 15:05,0.001551,0.00153549,0.0014740704,0.0016122645000000001,1786951200000,2026-08-17 15:20,0.0014740704,止盈,False,False,0.040000000000000036,0.039000000000000035,3,0.25,
s=-0.0100|fill,-0.01,fill,XPIN_USDT_PERP,做空,1787291700000,2026-08-21 13:55,0.001328,0.00131472,0.0012621312,0.001380456,1787294700000,2026-08-21 14:45,0.0012621312,止盈,False,False,0.039999999999999925,0.038999999999999924,10,0.8333333333333334,
s=-0.0100|fill,-0.01,fill,XPIN_USDT_PERP,做空,1789367400000,2026-09-14 14:30,0.000886,0.00087714,0.0008420544,0.000920997,1789367700000,2026-09-14 14:35,0.000920997,止損,False,False,-0.050000000000000044,-0.051000000000000045,1,0.08333333333333333,
s=-0.0100|fill,-0.01,fill,XVG_USDT_PERP,做空,1787370900000,2026-08-22 11:55,0.002919,0.00288981,0.0027742176,0.0030343005000000004,1787375400000,2026-08-22 13:10,0.0027742176,止盈,False,False,0.040000000000000036,0.039000000000000035,15,1.25,
s=-0.0100|fill,-0.01,fill,ZEST_USDT_PERP,做空,1787740800000,2026-08-26 18:40,0.16483,0.1631817,0.156654432,0.17134078500000002,1787743500000,2026-08-26 19:25,0.156654432,止盈,False,False,0.040000000000000036,0.039000000000000035,9,0.75,
s=-0.0100|fill,-0.01,fill,ZEST_USDT_PERP,做空,1788426900000,2026-09-03 17:15,0.15617,0.1546083,0.148423968,0.16233871500000002,1788427200000,2026-09-03 17:20,0.16233871500000002,止損,True,False,-0.050000000000000044,-0.051000000000000045,1,0.08333333333333333,同一根同時觸發→保守計止損
s=-0.0100|fill,-0.01,fill,ZEST_USDT_PERP,做空,1788433500000,2026-09-03 19:05,0.14801,0.1465299,0.14066870399999998,0.153856395,1788453900000,2026-09-04 00:45,0.153856395,止損,False,False,-0.050000000000000044,-0.051000000000000045,68,5.666666666666667,
s=-0.0100|fill,-0.01,fill,ZKC_USDT_PERP,做空,1788061500000,2026-08-30 11:45,0.049,0.048510000000000005,0.0465696,0.05093550000000001,1788062400000,2026-08-30 12:00,0.0465696,止盈,False,False,0.040000000000000036,0.039000000000000035,3,0.25,
s=-0.0100|fill,-0.01,fill,ZKC_USDT_PERP,做空,1788076200000,2026-08-30 15:50,0.0528,0.052272,0.050181119999999996,0.0548856,1788079500000,2026-08-30 16:45,0.0548856,止損,False,False,-0.050000000000000044,-0.051000000000000045,11,0.9166666666666666,
s=-0.0100|fill,-0.01,fill,ZKP_USDT_PERP,做空,1788017400000,2026-08-29 23:30,0.05268,0.0521532,0.050067072,0.05476086,1788018000000,2026-08-29 23:40,0.050067072,止盈,False,False,0.040000000000000036,0.039000000000000035,2,0.16666666666666666,
s=-0.0100|fill,-0.01,fill,ZORA_USDT_PERP,做空,1787316300000,2026-08-21 20:45,0.00687,0.006801300000000001,0.0065292480000000005,0.007141365000000001,1787317200000,2026-08-21 21:00,0.007141365000000001,止損,False,False,-0.050000000000000044,-0.051000000000000045,3,0.25,
s=-0.0100|fill,-0.01,fill,ZORA_USDT_PERP,做空,1787321100000,2026-08-21 22:05,0.00706,0.006989400000000001,0.0067098240000000005,0.007338870000000001,1787323800000,2026-08-21 22:50,0.0067098240000000005,止盈,False,False,0.040000000000000036,0.039000000000000035,9,0.75,
s=-0.0100|fill,-0.01,fill,ZORA_USDT_PERP,做空,1788124200000,2026-08-31 05:10,0.00815,0.0080685,0.007745759999999999,0.008471925,1788124500000,2026-08-31 05:15,0.008471925,止損,False,False,-0.050000000000000044,-0.051000000000000045,1,0.08333333333333333,
s=-0.0100|fill,-0.01,fill,ZRO_USDT_PERP,做空,1787665200000,2026-08-25 21:40,1.2411,1.2286890000000001,1.1795414400000002,1.2901234500000003,1787665800000,2026-08-25 21:50,1.1795414400000002,止盈,False,False,0.039999999999999925,0.038999999999999924,2,0.16666666666666666,
s=-0.0100|fill,-0.01,fill,ZRO_USDT_PERP,做空,1787669700000,2026-08-25 22:55,1.2125,1.200375,1.1523599999999998,1.26039375,1787673000000,2026-08-25 23:50,1.26039375,止損,False,False,-0.050000000000000044,-0.051000000000000045,11,0.9166666666666666,
s=-0.0100|fill,-0.01,fill,哈基米_USDT_PERP,做空,1789068300000,2026-09-11 03:25,0.03622,0.0358578,0.034423488,0.03765069,1789068600000,2026-09-11 03:30,0.03765069,止損,False,False,-0.050000000000000044,-0.051000000000000045,1,0.08333333333333333,
s=-0.0100|fill,-0.01,fill,哈基米_USDT_PERP,做空,1789098300000,2026-09-11 11:45,0.0411,0.040688999999999996,0.039061439999999996,0.042723449999999996,1789099500000,2026-09-11 12:05,0.039061439999999996,止盈,False,False,0.040000000000000036,0.039000000000000035,4,0.3333333333333333,
s=-0.0100|fill,-0.01,fill,哈基米_USDT_PERP,做空,1789103100000,2026-09-11 13:05,0.04118,0.0407682,0.039137472,0.04280661,1789103700000,2026-09-11 13:15,0.039137472,止盈,False,False,0.039999999999999925,0.038999999999999924,2,0.16666666666666666,
s=-0.0100|fill,-0.01,fill,我踏马来了_USDT_PERP,做空,1788010200000,2026-08-29 21:30,0.014341,0.01419759,0.013629686399999999,0.0149074695,1788010800000,2026-08-29 21:40,0.013629686399999999,止盈,False,False,0.040000000000000036,0.039000000000000035,2,0.16666666666666666,
s=-0.0100|fill,-0.01,fill,我踏马来了_USDT_PERP,做空,1789083600000,2026-09-11 07:40,0.012087,0.01196613,0.0114874848,0.012564436500000001,1789085100000,2026-09-11 08:05,0.012564436500000001,止損,False,False,-0.050000000000000044,-0.051000000000000045,5,0.4166666666666667,
s=-0.0100|fill,-0.01,fill,我踏马来了_USDT_PERP,做空,1789190100000,2026-09-12 13:15,0.015,0.014849999999999999,0.014255999999999998,0.015592499999999999,1789190400000,2026-09-12 13:20,0.014255999999999998,止盈,False,False,0.040000000000000036,0.039000000000000035,1,0.08333333333333333,
s=-0.0150|signal,-0.015,signal,0G_USDT_PERP,做空,1788174300000,2026-08-31 19:05,0.2285,0.2250725,0.21936,0.23992500000000003,1788177900000,2026-08-31 20:05,0.21936,止盈,False,False,0.025380710659898553,0.024380710659898552,12,1.0,
s=-0.0150|signal,-0.015,signal,4_USDT_PERP,做空,1787999100000,2026-08-29 18:25,0.01703,0.01677455,0.0163488,0.0178815,1788000600000,2026-08-29 18:50,0.0163488,止盈,False,False,0.025380710659898442,0.02438071065989844,5,0.4166666666666667,
s=-0.0150|signal,-0.015,signal,4_USDT_PERP,做空,1788539700000,2026-09-05 00:35,0.01808,0.0178088,0.0173568,0.018984,1788540300000,2026-09-05 00:45,0.018984,止損,False,False,-0.06598984771573613,-0.06698984771573613,2,0.16666666666666666,
s=-0.0150|signal,-0.015,signal,4_USDT_PERP,做空,1788544500000,2026-09-05 01:55,0.02088,0.0205668,0.020044799999999998,0.021924,1788545700000,2026-09-05 02:15,0.021924,止損,False,False,-0.0659898477157359,-0.0669898477157359,4,0.3333333333333333,
s=-0.0150|signal,-0.015,signal,4_USDT_PERP,做空,1788549300000,2026-09-05 03:15,0.02226,0.021926099999999997,0.0213696,0.023372999999999998,1788550200000,2026-09-05 03:30,0.0213696,止盈,False,False,0.025380710659898442,0.02438071065989844,3,0.25,
s=-0.0150|signal,-0.015,signal,4_USDT_PERP,做空,1788777900000,2026-09-07 18:45,0.02664,0.0262404,0.0255744,0.027972,1788779100000,2026-09-07 19:05,0.0255744,止盈,False,False,0.025380710659898442,0.02438071065989844,4,0.3333333333333333,
s=-0.0150|signal,-0.015,signal,ACE_USDT_PERP,做空,1788265800000,2026-09-01 20:30,0.18806,0.1852391,0.1805376,0.19746300000000003,1788266700000,2026-09-01 20:45,0.1805376,止盈,False,False,0.025380710659898442,0.02438071065989844,3,0.25,
s=-0.0150|signal,-0.015,signal,AGT_USDT_PERP,做空,1788193800000,2026-09-01 00:30,0.017237,0.016978444999999998,0.01654752,0.01809885,1788194100000,2026-09-01 00:35,0.01654752,止盈,False,False,0.025380710659898442,0.02438071065989844,1,0.08333333333333333,
s=-0.0150|signal,-0.015,signal,AGT_USDT_PERP,做空,1788198600000,2026-09-01 01:50,0.017307,0.017047395,0.01661472,0.01817235,1788212100000,2026-09-01 05:35,0.01661472,止盈,False,False,0.025380710659898553,0.024380710659898552,45,3.75,
s=-0.0150|signal,-0.015,signal,AGT_USDT_PERP,做空,1788236400000,2026-09-01 12:20,0.018968,0.01868348,0.018209279999999998,0.0199164,1788236700000,2026-09-01 12:25,0.018209279999999998,止盈,False,False,0.025380710659898553,0.024380710659898552,1,0.08333333333333333,
s=-0.0150|signal,-0.015,signal,AIN_USDT_PERP,做空,1789365000000,2026-09-14 13:50,0.10972,0.1080742,0.1053312,0.115206,1789365600000,2026-09-14 14:00,0.1053312,止盈,False,False,0.025380710659898442,0.02438071065989844,2,0.16666666666666666,
s=-0.0150|signal,-0.015,signal,AIN_USDT_PERP,做空,1789369200000,2026-09-14 15:00,0.10454,0.10297189999999999,0.10035839999999999,0.109767,1789371000000,2026-09-14 15:30,0.10035839999999999,止盈,False,False,0.025380710659898553,0.024380710659898552,6,0.5,
s=-0.0150|signal,-0.015,signal,ALCH_USDT_PERP,做空,1787734500000,2026-08-26 16:55,0.03262,0.032130700000000005,0.0313152,0.034251000000000004,1787734800000,2026-08-26 17:00,0.0313152,止盈,False,False,0.025380710659898553,0.024380710659898552,1,0.08333333333333333,
s=-0.0150|signal,-0.015,signal,ANIME_USDT_PERP,做空,1789024500000,2026-09-10 15:15,0.003552,0.00349872,0.00340992,0.0037296,1789025400000,2026-09-10 15:30,0.00340992,止盈,False,False,0.025380710659898442,0.02438071065989844,3,0.25,
s=-0.0150|signal,-0.015,signal,APR_USDT_PERP,做空,1787060700000,2026-08-18 21:45,0.2187,0.2154195,0.209952,0.229635,1787061300000,2026-08-18 21:55,0.209952,止盈,False,False,0.025380710659898553,0.024380710659898552,2,0.16666666666666666,
s=-0.0150|signal,-0.015,signal,APR_USDT_PERP,做空,1788454200000,2026-09-04 00:50,0.269,0.264965,0.25824,0.28245000000000003,1788454500000,2026-09-04 00:55,0.25824,止盈,False,False,0.025380710659898442,0.02438071065989844,1,0.08333333333333333,
s=-0.0150|signal,-0.015,signal,APR_USDT_PERP,做空,1788463200000,2026-09-04 03:20,0.2691,0.2650635,0.258336,0.282555,1788464100000,2026-09-04 03:35,0.282555,止損,False,False,-0.0659898477157359,-0.0669898477157359,3,0.25,
s=-0.0150|signal,-0.015,signal,APR_USDT_PERP,做空,1788468300000,2026-09-04 04:45,0.27595,0.27181075,0.264912,0.2897475,1788475200000,2026-09-04 06:40,0.264912,止盈,False,False,0.025380710659898553,0.024380710659898552,23,1.9166666666666667,
s=-0.0150|signal,-0.015,signal,ASTR_USDT_PERP,做空,1789434300000,2026-09-15 09:05,0.006865,0.006762025,0.0065904,0.00720825,1789434600000,2026-09-15 09:10,0.00720825,止損,False,False,-0.06598984771573613,-0.06698984771573613,1,0.08333333333333333,
s=-0.0150|signal,-0.015,signal,ASTR_USDT_PERP,做空,1789438800000,2026-09-15 10:20,0.007216,0.00710776,0.00692736,0.007576800000000001,1789439100000,2026-09-15 10:25,0.007576800000000001,止損,False,False,-0.06598984771573613,-0.06698984771573613,1,0.08333333333333333,
s=-0.0150|signal,-0.015,signal,AXL_USDT_PERP,做空,1789452900000,2026-09-15 14:15,0.0529,0.0521065,0.050784,0.055545000000000004,1789453500000,2026-09-15 14:25,0.050784,止盈,False,False,0.025380710659898442,0.02438071065989844,2,0.16666666666666666,
s=-0.0150|signal,-0.015,signal,BAND_USDT_PERP,做空,1788025200000,2026-08-30 01:40,0.201,0.19798500000000002,0.19296,0.21105000000000002,1788028500000,2026-08-30 02:35,0.19296,止盈,False,False,0.025380710659898664,0.024380710659898663,11,0.9166666666666666,
s=-0.0150|signal,-0.015,signal,BAS_USDT_PERP,做空,1787743500000,2026-08-26 19:25,0.026397,0.026001045,0.025341119999999998,0.02771685,1787753700000,2026-08-26 22:15,0.025341119999999998,止盈,False,False,0.025380710659898553,0.024380710659898552,34,2.8333333333333335,
s=-0.0150|signal,-0.015,signal,BAS_USDT_PERP,做空,1787912100000,2026-08-28 18:15,0.032049,0.031568265,0.03076704,0.03365145,1787912700000,2026-08-28 18:25,0.03076704,止盈,False,False,0.025380710659898442,0.02438071065989844,2,0.16666666666666666,
s=-0.0150|signal,-0.015,signal,BB_USDT_PERP,做空,1787304300000,2026-08-21 17:25,0.01309,0.01289365,0.012566399999999998,0.0137445,1787304600000,2026-08-21 17:30,0.0137445,止損,False,False,-0.06598984771573613,-0.06698984771573613,1,0.08333333333333333,
s=-0.0150|signal,-0.015,signal,BEAMX_USDT_PERP,做空,1787821200000,2026-08-27 17:00,0.002139,0.002106915,0.0020534399999999997,0.00224595,1787822100000,2026-08-27 17:15,0.0020534399999999997,止盈,False,False,0.025380710659898664,0.024380710659898663,3,0.25,
s=-0.0150|signal,-0.015,signal,BICO_USDT_PERP,做空,1787745600000,2026-08-26 20:00,0.02381,0.02345285,0.0228576,0.025000500000000002,1787745900000,2026-08-26 20:05,0.0228576,止盈,False,False,0.025380710659898553,0.024380710659898552,1,0.08333333333333333,
s=-0.0150|signal,-0.015,signal,BICO_USDT_PERP,做空,1787757900000,2026-08-26 23:25,0.02631,0.02591535,0.025257599999999998,0.0276255,1787758800000,2026-08-26 23:40,0.025257599999999998,止盈,False,False,0.025380710659898553,0.024380710659898552,3,0.25,
s=-0.0150|signal,-0.015,signal,BLESS_USDT_PERP,做空,1787321700000,2026-08-21 22:15,0.00862,0.008490699999999999,0.008275199999999998,0.009051,1787322300000,2026-08-21 22:25,0.008275199999999998,止盈,False,False,0.025380710659898553,0.024380710659898552,2,0.16666666666666666,
s=-0.0150|signal,-0.015,signal,BLUR_USDT_PERP,做空,1789140000000,2026-09-11 23:20,0.02085,0.02053725,0.020016,0.021892500000000002,1789140900000,2026-09-11 23:35,0.020016,止盈,False,False,0.025380710659898553,0.024380710659898552,3,0.25,
s=-0.0150|signal,-0.015,signal,BR_USDT_PERP,做空,1789358100000,2026-09-14 11:55,0.36686,0.3613571,0.3521856,0.385203,1789358400000,2026-09-14 12:00,0.385203,止損,False,False,-0.06598984771573613,-0.06698984771573613,1,0.08333333333333333,
s=-0.0150|signal,-0.015,signal,BTR_USDT_PERP,做空,1787553000000,2026-08-24 14:30,0.03322,0.0327217,0.0318912,0.034881,1787553900000,2026-08-24 14:45,0.034881,止損,False,False,-0.06598984771573613,-0.06698984771573613,3,0.25,
s=-0.0150|signal,-0.015,signal,BTR_USDT_PERP,做空,1787557800000,2026-08-24 15:50,0.03466,0.0341401,0.0332736,0.036393,1787559000000,2026-08-24 16:10,0.036393,止損,False,False,-0.06598984771573613,-0.06698984771573613,4,0.3333333333333333,
s=-0.0150|signal,-0.015,signal,BTR_USDT_PERP,做空,1787716800000,2026-08-26 12:00,0.04071,0.040099350000000006,0.0390816,0.042745500000000006,1787717100000,2026-08-26 12:05,0.042745500000000006,止損,False,False,-0.06598984771573613,-0.06698984771573613,1,0.08333333333333333,
s=-0.0150|signal,-0.015,signal,BTW_USDT_PERP,做空,1789302300000,2026-09-13 20:25,0.699394,0.6889030899999999,0.6714182399999999,0.7343637,1789303800000,2026-09-13 20:50,0.6714182399999999,止盈,False,False,0.025380710659898442,0.02438071065989844,5,0.4166666666666667,
s=-0.0150|signal,-0.015,signal,BULLA_USDT_PERP,做空,1787003400000,2026-08-18 05:50,0.02062,0.020310699999999998,0.0197952,0.021651,1787003700000,2026-08-18 05:55,0.0197952,止盈,False,False,0.025380710659898442,0.02438071065989844,1,0.08333333333333333,
s=-0.0150|signal,-0.015,signal,B_USDT_PERP,做空,1788589500000,2026-09-05 14:25,0.2168,0.213548,0.20812799999999998,0.22764,1788589800000,2026-09-05 14:30,0.20812799999999998,止盈,False,False,0.025380710659898553,0.024380710659898552,1,0.08333333333333333,
s=-0.0150|signal,-0.015,signal,B_USDT_PERP,做空,1788593400000,2026-09-05 15:30,0.1992,0.196212,0.19123199999999999,0.20915999999999998,1788601200000,2026-09-05 17:40,0.19123199999999999,止盈,False,False,0.025380710659898553,0.024380710659898552,26,2.1666666666666665,
s=-0.0150|signal,-0.015,signal,CAP_USDT_PERP,做空,1788492000000,2026-09-04 11:20,0.05311,0.052313349999999995,0.0509856,0.0557655,1788492600000,2026-09-04 11:30,0.0509856,止盈,False,False,0.025380710659898442,0.02438071065989844,2,0.16666666666666666,
s=-0.0150|signal,-0.015,signal,CAP_USDT_PERP,做空,1788773100000,2026-09-07 17:25,0.04997,0.04922045,0.0479712,0.0524685,1788779100000,2026-09-07 19:05,0.0479712,止盈,False,False,0.025380710659898442,0.02438071065989844,20,1.6666666666666667,
s=-0.0150|signal,-0.015,signal,CAP_USDT_PERP,做空,1789388700000,2026-09-14 20:25,0.06824,0.0672164,0.0655104,0.071652,1789389000000,2026-09-14 20:30,0.0655104,止盈,False,False,0.025380710659898442,0.02438071065989844,1,0.08333333333333333,
s=-0.0150|signal,-0.015,signal,CASHCAT_USDT_PERP,做空,1789135500000,2026-09-11 22:05,0.1886,0.185771,0.181056,0.19803,1789142100000,2026-09-11 23:55,0.181056,止盈,False,False,0.025380710659898442,0.02438071065989844,22,1.8333333333333333,
s=-0.0150|signal,-0.015,signal,CATI_USDT_PERP,做空,1788447000000,2026-09-03 22:50,0.06712,0.0661132,0.0644352,0.070476,1788453600000,2026-09-04 00:40,0.0644352,止盈,False,False,0.025380710659898442,0.02438071065989844,22,1.8333333333333333,
s=-0.0150|signal,-0.015,signal,CFG_USDT_PERP,做空,1788751800000,2026-09-07 11:30,0.1336,0.131596,0.12825599999999998,0.14028000000000002,1788753000000,2026-09-07 11:50,0.12825599999999998,止盈,False,False,0.025380710659898553,0.024380710659898552,4,0.3333333333333333,
s=-0.0150|signal,-0.015,signal,CHIP_USDT_PERP,做空,1788423300000,2026-09-03 16:15,0.05177,0.050993449999999996,0.04969919999999999,0.0543585,1788434400000,2026-09-03 19:20,0.04969919999999999,止盈,False,False,0.025380710659898553,0.024380710659898552,37,3.0833333333333335,
s=-0.0150|signal,-0.015,signal,CLO_USDT_PERP,做空,1787046900000,2026-08-18 17:55,0.1373,0.1352405,0.131808,0.14416500000000002,1787054100000,2026-08-18 19:55,0.14416500000000002,止損,False,False,-0.06598984771573613,-0.06698984771573613,24,2.0,
s=-0.0150|signal,-0.015,signal,CLO_USDT_PERP,做空,1787970000000,2026-08-29 10:20,0.1143,0.11258549999999999,0.10972799999999999,0.12001500000000001,1787972400000,2026-08-29 11:00,0.12001500000000001,止損,False,False,-0.06598984771573613,-0.06698984771573613,8,0.6666666666666666,
s=-0.0150|signal,-0.015,signal,CLO_USDT_PERP,做空,1788320100000,2026-09-02 11:35,0.1616,0.15917599999999998,0.155136,0.16968,1788322800000,2026-09-02 12:20,0.16968,止損,False,False,-0.06598984771573613,-0.06698984771573613,9,0.75,
s=-0.0150|signal,-0.015,signal,COLLECT_USDT_PERP,做空,1787230800000,2026-08-20 21:00,0.05943,0.058538549999999995,0.057052799999999994,0.0624015,1787232300000,2026-08-20 21:25,0.0624015,止損,False,False,-0.06598984771573613,-0.06698984771573613,5,0.4166666666666667,
s=-0.0150|signal,-0.015,signal,COLLECT_USDT_PERP,做空,1788603000000,2026-09-05 18:10,0.09433,0.09291505,0.09055679999999999,0.0990465,1788603300000,2026-09-05 18:15,0.09055679999999999,止盈,False,False,0.025380710659898553,0.024380710659898552,1,0.08333333333333333,
s=-0.0150|signal,-0.015,signal,COTI_USDT_PERP,做空,1787342100000,2026-08-22 03:55,0.01225,0.01206625,0.01176,0.0128625,1787343000000,2026-08-22 04:10,0.0128625,止損,False,False,-0.06598984771573613,-0.06698984771573613,3,0.25,
s=-0.0150|signal,-0.015,signal,COTI_USDT_PERP,做空,1788690600000,2026-09-06 18:30,0.01845,0.018173250000000002,0.017712000000000002,0.0193725,1788694200000,2026-09-06 19:30,0.017712000000000002,止盈,False,False,0.025380710659898442,0.02438071065989844,12,1.0,
s=-0.0150|signal,-0.015,signal,CROSS_USDT_PERP,做空,1786845000000,2026-08-16 09:50,0.10204,0.1005094,0.0979584,0.10714200000000002,1786851900000,2026-08-16 11:45,0.10714200000000002,止損,False,False,-0.06598984771573613,-0.06698984771573613,23,1.9166666666666667,
s=-0.0150|signal,-0.015,signal,CTR_USDT_PERP,做空,1789280700000,2026-09-13 14:25,0.01166,0.0114851,0.0111936,0.012243,1789281000000,2026-09-13 14:30,0.0111936,止盈,False,False,0.025380710659898442,0.02438071065989844,1,0.08333333333333333,
s=-0.0150|signal,-0.015,signal,CTR_USDT_PERP,做空,1789453200000,2026-09-15 14:20,0.01231,0.01212535,0.0118176,0.0129255,1789454400000,2026-09-15 14:40,0.0118176,止盈,False,False,0.025380710659898553,0.024380710659898552,4,0.3333333333333333,
s=-0.0150|signal,-0.015,signal,CYS_USDT_PERP,做空,1789168500000,2026-09-12 07:15,0.1593,0.1569105,0.15292799999999998,0.167265,1789170000000,2026-09-12 07:40,0.15292799999999998,止盈,False,False,0.025380710659898664,0.024380710659898663,5,0.4166666666666667,
s=-0.0150|signal,-0.015,signal,DASH_USDT_PERP,做空,1787367600000,2026-08-22 11:00,46.84,46.1374,44.9664,49.182,1787370900000,2026-08-22 11:55,44.9664,止盈,False,False,0.025380710659898442,0.02438071065989844,11,0.9166666666666666,
s=-0.0150|signal,-0.015,signal,DOGS_USDT_PERP,做空,1788200100000,2026-09-01 02:15,4.62e-05,4.5506999999999996e-05,4.4352e-05,4.851e-05,1788207600000,2026-09-01 04:20,4.4352e-05,止盈,False,False,0.025380710659898442,0.02438071065989844,25,2.0833333333333335,
s=-0.0150|signal,-0.015,signal,EDEN_USDT_PERP,做空,1786982100000,2026-08-17 23:55,0.05434,0.0535249,0.052166399999999995,0.057057000000000004,1786982700000,2026-08-18 00:05,0.052166399999999995,止盈,False,False,0.025380710659898553,0.024380710659898552,2,0.16666666666666666,
s=-0.0150|signal,-0.015,signal,EDGE_USDT_PERP,做空,1787213100000,2026-08-20 16:05,0.364,0.35853999999999997,0.34944,0.3822,1787219700000,2026-08-20 17:55,0.34944,止盈,False,False,0.025380710659898442,0.02438071065989844,22,1.8333333333333333,
s=-0.0150|signal,-0.015,signal,ELSA_USDT_PERP,做空,1788569700000,2026-09-05 08:55,0.05706,0.0562041,0.054777599999999996,0.059913,1788571800000,2026-09-05 09:30,0.054777599999999996,止盈,False,False,0.025380710659898553,0.024380710659898552,7,0.5833333333333334,
s=-0.0150|signal,-0.015,signal,FF_USDT_PERP,做空,1788270000000,2026-09-01 21:40,0.09488,0.0934568,0.09108480000000001,0.099624,1788270600000,2026-09-01 21:50,0.099624,止損,False,False,-0.0659898477157359,-0.0669898477157359,2,0.16666666666666666,
s=-0.0150|signal,-0.015,signal,FF_USDT_PERP,做空,1788274200000,2026-09-01 22:50,0.10179,0.10026315000000001,0.0977184,0.10687950000000002,1788275700000,2026-09-01 23:15,0.0977184,止盈,False,False,0.025380710659898553,0.024380710659898552,5,0.4166666666666667,
s=-0.0150|signal,-0.015,signal,FF_USDT_PERP,做空,1789447800000,2026-09-15 12:50,0.15524,0.15291139999999998,0.14903039999999998,0.163002,1789448100000,2026-09-15 12:55,0.14903039999999998,止盈,False,False,0.025380710659898442,0.02438071065989844,1,0.08333333333333333,
s=-0.0150|signal,-0.015,signal,FHE_USDT_PERP,做空,1786983300000,2026-08-18 00:15,0.03218,0.0316973,0.030892799999999998,0.033789,1786983600000,2026-08-18 00:20,0.030892799999999998,止盈,False,False,0.025380710659898442,0.02438071065989844,1,0.08333333333333333,
s=-0.0150|signal,-0.015,signal,FLUID_USDT_PERP,做空,1787715900000,2026-08-26 11:45,1.535,1.5119749999999998,1.4735999999999998,1.61175,1787719200000,2026-08-26 12:40,1.61175,止損,False,False,-0.06598984771573613,-0.06698984771573613,11,0.9166666666666666,
s=-0.0150|signal,-0.015,signal,GPS_USDT_PERP,做空,1786941600000,2026-08-17 12:40,0.014967,0.014742495,0.014368319999999999,0.01571535,1786942800000,2026-08-17 13:00,0.014368319999999999,止盈,False,False,0.025380710659898553,0.024380710659898552,4,0.3333333333333333,
s=-0.0150|signal,-0.015,signal,GRIFFAIN_USDT_PERP,做空,1789197900000,2026-09-12 15:25,0.01287,0.01267695,0.012355199999999998,0.0135135,1789201500000,2026-09-12 16:25,0.0135135,止損,False,False,-0.06598984771573613,-0.06698984771573613,12,1.0,
s=-0.0150|signal,-0.015,signal,GWEI_USDT_PERP,做空,1787277300000,2026-08-21 09:55,0.02519,0.02481215,0.0241824,0.0264495,1787278500000,2026-08-21 10:15,0.0264495,止損,False,False,-0.0659898477157359,-0.0669898477157359,4,0.3333333333333333,
s=-0.0150|signal,-0.015,signal,HAEDAL_USDT_PERP,做空,1788856200000,2026-09-08 16:30,0.02249,0.02215265,0.0215904,0.0236145,1788859800000,2026-09-08 17:30,0.0215904,止盈,False,False,0.025380710659898442,0.02438071065989844,12,1.0,
s=-0.0150|signal,-0.015,signal,HANA_USDT_PERP,做空,1787647500000,2026-08-25 16:45,0.02054,0.0202319,0.019718399999999997,0.021567,1787650200000,2026-08-25 17:30,0.021567,止損,False,False,-0.0659898477157359,-0.0669898477157359,9,0.75,
s=-0.0150|signal,-0.015,signal,HEMI_USDT_PERP,做空,1787831400000,2026-08-27 19:50,0.00913,0.008993049999999999,0.0087648,0.0095865,1787832300000,2026-08-27 20:05,0.0087648,止盈,False,False,0.025380710659898442,0.02438071065989844,3,0.25,
s=-0.0150|signal,-0.015,signal,HEMI_USDT_PERP,做空,1787858400000,2026-08-28 03:20,0.01009,0.00993865,0.0096864,0.0105945,1787864100000,2026-08-28 04:55,0.0096864,止盈,False,False,0.025380710659898553,0.024380710659898552,19,1.5833333333333333,
s=-0.0150|signal,-0.015,signal,HEMI_USDT_PERP,做空,1789403400000,2026-09-15 00:30,0.00705,0.00694425,0.006768,0.0074025,1789403700000,2026-09-15 00:35,0.006768,止盈,False,False,0.025380710659898553,0.024380710659898552,1,0.08333333333333333,
s=-0.0150|signal,-0.015,signal,IDOL_USDT_PERP,做空,1789473300000,2026-09-15 19:55,0.01197,0.01179045,0.0114912,0.0125685,1789473900000,2026-09-15 20:05,0.0114912,止盈,False,False,0.025380710659898442,0.02438071065989844,2,0.16666666666666666,
s=-0.0150|signal,-0.015,signal,IDOL_USDT_PERP,做空,1789478400000,2026-09-15 21:20,0.0114,0.011229,0.010944,0.011970000000000001,1789479000000,2026-09-15 21:30,0.010944,止盈,False,False,0.02538071065989833,0.02438071065989833,2,0.16666666666666666,
s=-0.0150|signal,-0.015,signal,IOST_USDT_PERP,做空,1788763500000,2026-09-07 14:45,0.000892,0.00087862,0.0008563199999999999,0.0009366,1788764100000,2026-09-07 14:55,0.0008563199999999999,止盈,False,False,0.025380710659898553,0.024380710659898552,2,0.16666666666666666,
s=-0.0150|signal,-0.015,signal,KAT_USDT_PERP,做空,1788925200000,2026-09-09 11:40,0.006139,0.006046915,0.00589344,0.006445950000000001,1788926700000,2026-09-09 12:05,0.00589344,止盈,False,False,0.025380710659898553,0.024380710659898552,5,0.4166666666666667,
s=-0.0150|signal,-0.015,signal,KERNEL_USDT_PERP,做空,1787824800000,2026-08-27 18:00,0.04664,0.0459404,0.0447744,0.048972,1787825100000,2026-08-27 18:05,0.0447744,止盈,False,False,0.025380710659898442,0.02438071065989844,1,0.08333333333333333,
s=-0.0150|signal,-0.015,signal,LAB_USDT_PERP,做空,1789122000000,2026-09-11 18:20,0.05873,0.05784905,0.056380799999999995,0.0616665,1789123500000,2026-09-11 18:45,0.0616665,止損,False,False,-0.06598984771573613,-0.06698984771573613,5,0.4166666666666667,
s=-0.0150|signal,-0.015,signal,LAYER_USDT_PERP,做空,1788710400000,2026-09-07 00:00,0.0881,0.0867785,0.084576,0.092505,1788711300000,2026-09-07 00:15,0.084576,止盈,False,False,0.025380710659898442,0.02438071065989844,3,0.25,
s=-0.0150|signal,-0.015,signal,LA_USDT_PERP,做空,1788312300000,2026-09-02 09:25,0.06491,0.06393634999999999,0.0623136,0.0681555,1788319200000,2026-09-02 11:20,0.0623136,止盈,False,False,0.02538071065989833,0.02438071065989833,23,1.9166666666666667,
s=-0.0150|signal,-0.015,signal,LIGHT_USDT_PERP,做空,1787730600000,2026-08-26 15:50,0.1766,0.173951,0.169536,0.18543,1787736300000,2026-08-26 17:25,0.169536,止盈,False,False,0.025380710659898442,0.02438071065989844,19,1.5833333333333333,
s=-0.0150|signal,-0.015,signal,LIGHT_USDT_PERP,做空,1787909400000,2026-08-28 17:30,0.2318,0.228323,0.222528,0.24339000000000002,1787911500000,2026-08-28 18:05,0.222528,止盈,False,False,0.025380710659898442,0.02438071065989844,7,0.5833333333333334,
s=-0.0150|signal,-0.015,signal,LSK_USDT_PERP,做空,1787754600000,2026-08-26 22:30,0.112,0.11032,0.10752,0.11760000000000001,1787755200000,2026-08-26 22:40,0.10752,止盈,False,False,0.025380710659898442,0.02438071065989844,2,0.16666666666666666,
s=-0.0150|signal,-0.015,signal,LUNA2_USDT_PERP,做空,1788782700000,2026-09-07 20:05,0.05437,0.05355445,0.0521952,0.05708850000000001,1788784500000,2026-09-07 20:35,0.0521952,止盈,False,False,0.025380710659898553,0.024380710659898552,6,0.5,
s=-0.0150|signal,-0.015,signal,MAGMA_USDT_PERP,做空,1787344200000,2026-08-22 04:30,0.32043,0.31562355,0.30761279999999996,0.3364515,1787347800000,2026-08-22 05:30,0.30761279999999996,止盈,False,False,0.025380710659898553,0.024380710659898552,12,1.0,
s=-0.0150|signal,-0.015,signal,MAGMA_USDT_PERP,做空,1789323300000,2026-09-14 02:15,0.26632,0.2623252,0.2556672,0.279636,1789324500000,2026-09-14 02:35,0.279636,止損,False,False,-0.06598984771573613,-0.06698984771573613,4,0.3333333333333333,
s=-0.0150|signal,-0.015,signal,MANTRA_USDT_PERP,做空,1787903400000,2026-08-28 15:50,0.00476,0.0046886,0.0045696,0.004998000000000001,1787905500000,2026-08-28 16:25,0.0045696,止盈,False,False,0.025380710659898553,0.024380710659898552,7,0.5833333333333334,
s=-0.0150|signal,-0.015,signal,MELANIA_USDT_PERP,做空,1787371800000,2026-08-22 12:10,0.1263,0.12440549999999999,0.121248,0.132615,1787373300000,2026-08-22 12:35,0.132615,止損,False,False,-0.06598984771573613,-0.06698984771573613,5,0.4166666666666667,
s=-0.0150|signal,-0.015,signal,MOODENG_USDT_PERP,做空,1788629100000,2026-09-06 01:25,0.04783,0.047112549999999996,0.045916799999999994,0.0502215,1788630300000,2026-09-06 01:45,0.045916799999999994,止盈,False,False,0.025380710659898553,0.024380710659898552,4,0.3333333333333333,
s=-0.0150|signal,-0.015,signal,MOODENG_USDT_PERP,做空,1789621200000,2026-09-17 13:00,0.04393,0.04327105,0.042172799999999996,0.0461265,1789622100000,2026-09-17 13:15,0.042172799999999996,止盈,False,False,0.025380710659898553,0.024380710659898552,3,0.25,
s=-0.0150|signal,-0.015,signal,MOVE_USDT_PERP,做空,1787371500000,2026-08-22 12:05,0.00853,0.00840205,0.0081888,0.0089565,1787374200000,2026-08-22 12:50,0.0089565,止損,False,False,-0.0659898477157359,-0.0669898477157359,9,0.75,
s=-0.0150|signal,-0.015,signal,MOVR_USDT_PERP,做空,1786800000000,2026-08-15 21:20,0.985,0.970225,0.9456,1.0342500000000001,1786800900000,2026-08-15 21:35,0.9456,止盈,False,False,0.025380710659898442,0.02438071065989844,3,0.25,
s=-0.0150|signal,-0.015,signal,MOVR_USDT_PERP,做空,1787802900000,2026-08-27 11:55,0.799,0.787015,0.76704,0.8389500000000001,1787803500000,2026-08-27 12:05,0.8389500000000001,止損,False,False,-0.06598984771573613,-0.06698984771573613,2,0.16666666666666666,
s=-0.0150|signal,-0.015,signal,MOVR_USDT_PERP,做空,1787807400000,2026-08-27 13:10,0.869,0.855965,0.83424,0.91245,1787807700000,2026-08-27 13:15,0.83424,止盈,False,False,0.025380710659898442,0.02438071065989844,1,0.08333333333333333,
s=-0.0150|signal,-0.015,signal,MUBARAK_USDT_PERP,做空,1788363600000,2026-09-02 23:40,0.02662,0.0262207,0.0255552,0.027951000000000004,1788364200000,2026-09-02 23:50,0.027951000000000004,止損,False,False,-0.06598984771573613,-0.06698984771573613,2,0.16666666666666666,
s=-0.0150|signal,-0.015,signal,NAORIS_USDT_PERP,做空,1788591000000,2026-09-05 14:50,0.03141,0.03093885,0.0301536,0.0329805,1788592200000,2026-09-05 15:10,0.0301536,止盈,False,False,0.025380710659898553,0.024380710659898552,4,0.3333333333333333,
s=-0.0150|signal,-0.015,signal,NAORIS_USDT_PERP,做空,1788691200000,2026-09-06 18:40,0.03484,0.034317400000000005,0.0334464,0.036582,1788696600000,2026-09-06 20:10,0.036582,止損,False,False,-0.0659898477157359,-0.0669898477157359,18,1.5,
s=-0.0150|signal,-0.015,signal,NOM_USDT_PERP,做空,1788576000000,2026-09-05 10:40,0.001789,0.001762165,0.00171744,0.00187845,1788577200000,2026-09-05 11:00,0.00187845,止損,False,False,-0.06598984771573613,-0.06698984771573613,4,0.3333333333333333,
s=-0.0150|signal,-0.015,signal,NOM_USDT_PERP,做空,1788586800000,2026-09-05 13:40,0.002085,0.002053725,0.0020016,0.0021892500000000002,1788588000000,2026-09-05 14:00,0.0020016,止盈,False,False,0.025380710659898553,0.024380710659898552,4,0.3333333333333333,
s=-0.0150|signal,-0.015,signal,OG_USDT_PERP,做空,1787472300000,2026-08-23 16:05,3.071,3.024935,2.94816,3.2245500000000002,1787474100000,2026-08-23 16:35,2.94816,止盈,False,False,0.025380710659898442,0.02438071065989844,6,0.5,
s=-0.0150|signal,-0.015,signal,ONG_USDT_PERP,做空,1786929900000,2026-08-17 09:25,0.06165,0.06072525,0.059184,0.06473250000000001,1786930200000,2026-08-17 09:30,0.059184,止盈,False,False,0.025380710659898442,0.02438071065989844,1,0.08333333333333333,
s=-0.0150|signal,-0.015,signal,ONG_USDT_PERP,做空,1787232900000,2026-08-20 21:35,0.06947,0.06842795,0.0666912,0.07294350000000001,1787233500000,2026-08-20 21:45,0.07294350000000001,止損,False,False,-0.06598984771573613,-0.06698984771573613,2,0.16666666666666666,
s=-0.0150|signal,-0.015,signal,ONG_USDT_PERP,做空,1787237700000,2026-08-20 22:55,0.08127,0.08005095,0.0780192,0.08533349999999999,1787239800000,2026-08-20 23:30,0.0780192,止盈,False,False,0.025380710659898442,0.02438071065989844,7,0.5833333333333334,
s=-0.0150|signal,-0.015,signal,ONT_USDT_PERP,做空,1787258100000,2026-08-21 04:35,0.0544,0.053584,0.05222399999999999,0.05712,1787258400000,2026-08-21 04:40,0.05712,止損,False,False,-0.0659898477157359,-0.0669898477157359,1,0.08333333333333333,
s=-0.0150|signal,-0.015,signal,ONT_USDT_PERP,做空,1787262000000,2026-08-21 05:40,0.0513,0.0505305,0.04924799999999999,0.053865,1787270700000,2026-08-21 08:05,0.04924799999999999,止盈,False,False,0.025380710659898553,0.024380710659898552,29,2.4166666666666665,
s=-0.0150|signal,-0.015,signal,ON_USDT_PERP,做空,1788861900000,2026-09-08 18:05,0.211,0.207835,0.20256,0.22155,1788862800000,2026-09-08 18:20,0.20256,止盈,False,False,0.025380710659898442,0.02438071065989844,3,0.25,
s=-0.0150|signal,-0.015,signal,ORCA_USDT_PERP,做空,1788745800000,2026-09-07 09:50,1.642,1.61737,1.57632,1.7241,1788752400000,2026-09-07 11:40,1.57632,止盈,False,False,0.025380710659898442,0.02438071065989844,22,1.8333333333333333,
s=-0.0150|signal,-0.015,signal,PHA_USDT_PERP,做空,1788972600000,2026-09-10 00:50,0.03342,0.032918699999999995,0.0320832,0.035091,1788973800000,2026-09-10 01:10,0.0320832,止盈,False,False,0.02538071065989833,0.02438071065989833,4,0.3333333333333333,
s=-0.0150|signal,-0.015,signal,PIEVERSE_USDT_PERP,做空,1787306700000,2026-08-21 18:05,1.1295,1.1125574999999999,1.08432,1.185975,1787310300000,2026-08-21 19:05,1.08432,止盈,False,False,0.025380710659898442,0.02438071065989844,12,1.0,
s=-0.0150|signal,-0.015,signal,PIEVERSE_USDT_PERP,做空,1788789300000,2026-09-07 21:55,1.3018,1.282273,1.249728,1.3668900000000002,1788793800000,2026-09-07 23:10,1.249728,止盈,False,False,0.025380710659898553,0.024380710659898552,15,1.25,
s=-0.0150|signal,-0.015,signal,PIXEL_USDT_PERP,做空,1786865400000,2026-08-16 15:30,0.00611,0.00601835,0.0058655999999999995,0.0064155,1786865700000,2026-08-16 15:35,0.0058655999999999995,止盈,False,False,0.025380710659898442,0.02438071065989844,1,0.08333333333333333,
s=-0.0150|signal,-0.015,signal,PORTAL_USDT_PERP,做空,1786885200000,2026-08-16 21:00,0.01597,0.01573045,0.015331200000000001,0.016768500000000002,1786886400000,2026-08-16 21:20,0.015331200000000001,止盈,False,False,0.02538071065989833,0.02438071065989833,4,0.3333333333333333,
s=-0.0150|signal,-0.015,signal,PORTAL_USDT_PERP,做空,1787544900000,2026-08-24 12:15,0.01602,0.0157797,0.015379199999999999,0.016821,1787545500000,2026-08-24 12:25,0.015379199999999999,止盈,False,False,0.025380710659898553,0.024380710659898552,2,0.16666666666666666,
s=-0.0150|signal,-0.015,signal,PORTAL_USDT_PERP,做空,1787721000000,2026-08-26 13:10,0.01896,0.0186756,0.018201600000000002,0.019908000000000002,1787722200000,2026-08-26 13:30,0.019908000000000002,止損,False,False,-0.06598984771573613,-0.06698984771573613,4,0.3333333333333333,
s=-0.0150|signal,-0.015,signal,PORTAL_USDT_PERP,做空,1788444900000,2026-09-03 22:15,0.01665,0.01640025,0.015984,0.0174825,1788445200000,2026-09-03 22:20,0.015984,止盈,False,False,0.025380710659898442,0.02438071065989844,1,0.08333333333333333,
s=-0.0150|signal,-0.015,signal,POWR_USDT_PERP,做空,1789258200000,2026-09-13 08:10,0.06576,0.0647736,0.0631296,0.069048,1789258500000,2026-09-13 08:15,0.069048,止損,False,False,-0.0659898477157359,-0.0669898477157359,1,0.08333333333333333,
s=-0.0150|signal,-0.015,signal,POWR_USDT_PERP,做空,1789263000000,2026-09-13 09:30,0.0824,0.081164,0.079104,0.08652,1789263600000,2026-09-13 09:40,0.079104,止盈,False,False,0.025380710659898553,0.024380710659898552,2,0.16666666666666666,
s=-0.0150|signal,-0.015,signal,POWR_USDT_PERP,做空,1789267800000,2026-09-13 10:50,0.08243,0.08119355,0.0791328,0.0865515,1789268100000,2026-09-13 10:55,0.0791328,止盈,False,False,0.025380710659898442,0.02438071065989844,1,0.08333333333333333,
s=-0.0150|signal,-0.015,signal,PROMPT_USDT_PERP,做空,1788000900000,2026-08-29 18:55,0.02727,0.026860949999999998,0.0261792,0.0286335,1788001200000,2026-08-29 19:00,0.0261792,止盈,False,False,0.025380710659898442,0.02438071065989844,1,0.08333333333333333,
s=-0.0150|signal,-0.015,signal,PROS_USDT_PERP,做空,1788927600000,2026-09-09 12:20,0.5005,0.49299249999999994,0.4804799999999999,0.525525,1788929100000,2026-09-09 12:45,0.525525,止損,False,False,-0.06598984771573613,-0.06698984771573613,5,0.4166666666666667,
s=-0.0150|signal,-0.015,signal,PTB_USDT_PERP,做空,1788529800000,2026-09-04 21:50,0.000816,0.0008037599999999999,0.00078336,0.0008568,1788530100000,2026-09-04 21:55,0.00078336,止盈,False,False,0.025380710659898442,0.02438071065989844,1,0.08333333333333333,
s=-0.0150|signal,-0.015,signal,Q_USDT_PERP,做空,1788496200000,2026-09-04 12:30,0.026302,0.02590747,0.02524992,0.0276171,1788496800000,2026-09-04 12:40,0.02524992,止盈,False,False,0.025380710659898442,0.02438071065989844,2,0.16666666666666666,
s=-0.0150|signal,-0.015,signal,RATS_USDT_PERP,做空,1787062500000,2026-08-18 22:15,5.136e-05,5.05896e-05,4.93056e-05,5.3928e-05,1787064900000,2026-08-18 22:55,5.3928e-05,止損,False,False,-0.06598984771573613,-0.06698984771573613,8,0.6666666666666666,
s=-0.0150|signal,-0.015,signal,RAY_USDT_PERP,做空,1788665400000,2026-09-06 11:30,1.109,1.092365,1.06464,1.16445,1788666600000,2026-09-06 11:50,1.16445,止損,False,False,-0.0659898477157359,-0.0669898477157359,4,0.3333333333333333,
s=-0.0150|signal,-0.015,signal,RAY_USDT_PERP,做空,1788670500000,2026-09-06 12:55,1.154,1.13669,1.10784,1.2117,1788676500000,2026-09-06 14:35,1.10784,止盈,False,False,0.025380710659898553,0.024380710659898552,20,1.6666666666666667,
s=-0.0150|signal,-0.015,signal,REZ_USDT_PERP,做空,1789016700000,2026-09-10 13:05,0.00362,0.0035656999999999998,0.0034752,0.003801,1789017600000,2026-09-10 13:20,0.003801,止損,False,False,-0.06598984771573613,-0.06698984771573613,3,0.25,
s=-0.0150|signal,-0.015,signal,REZ_USDT_PERP,做空,1789287600000,2026-09-13 16:20,0.003949,0.0038897650000000003,0.0037910400000000003,0.00414645,1789289100000,2026-09-13 16:45,0.0037910400000000003,止盈,False,False,0.025380710659898442,0.02438071065989844,5,0.4166666666666667,
s=-0.0150|signal,-0.015,signal,RE_USDT_PERP,做空,1787158200000,2026-08-20 00:50,0.4973,0.4898405,0.477408,0.522165,1787166300000,2026-08-20 03:05,0.522165,止損,False,False,-0.0659898477157359,-0.0669898477157359,27,2.25,
s=-0.0150|signal,-0.015,signal,RE_USDT_PERP,做空,1787363100000,2026-08-22 09:45,0.6057,0.5966145,0.581472,0.635985,1787364600000,2026-08-22 10:10,0.581472,止盈,False,False,0.025380710659898553,0.024380710659898552,5,0.4166666666666667,
s=-0.0150|signal,-0.015,signal,SAGA_USDT_PERP,做空,1789058100000,2026-09-11 00:35,0.01776,0.0174936,0.0170496,0.018648,1789062600000,2026-09-11 01:50,0.0170496,止盈,False,False,0.025380710659898442,0.02438071065989844,15,1.25,
s=-0.0150|signal,-0.015,signal,SIREN_USDT_PERP,做空,1787970900000,2026-08-29 10:35,0.03355,0.03304675,0.032208,0.0352275,1787972700000,2026-08-29 11:05,0.032208,止盈,False,False,0.025380710659898442,0.02438071065989844,6,0.5,
s=-0.0150|signal,-0.015,signal,SKR_USDT_PERP,做空,1787875800000,2026-08-28 08:10,0.011903,0.011724455,0.01142688,0.012498150000000001,1787876700000,2026-08-28 08:25,0.012498150000000001,止損,False,False,-0.06598984771573613,-0.06698984771573613,3,0.25,
s=-0.0150|signal,-0.015,signal,SKR_USDT_PERP,做空,1787880600000,2026-08-28 09:30,0.011993,0.011813105,0.011513279999999999,0.01259265,1787882100000,2026-08-28 09:55,0.01259265,止損,False,False,-0.0659898477157359,-0.0669898477157359,5,0.4166666666666667,
s=-0.0150|signal,-0.015,signal,SKR_USDT_PERP,做空,1788069000000,2026-08-30 13:50,0.013432,0.013230519999999999,0.012894719999999998,0.0141036,1788071700000,2026-08-30 14:35,0.012894719999999998,止盈,False,False,0.025380710659898553,0.024380710659898552,9,0.75,
s=-0.0150|signal,-0.015,signal,SOLV_USDT_PERP,做空,1788684000000,2026-09-06 16:40,0.00374,0.0036839,0.0035903999999999997,0.003927,1788685800000,2026-09-06 17:10,0.003927,止損,False,False,-0.06598984771573613,-0.06698984771573613,6,0.5,
s=-0.0150|signal,-0.015,signal,SPK_USDT_PERP,做空,1787292600000,2026-08-21 14:10,0.01886,0.0185771,0.018105599999999996,0.019802999999999998,1787293200000,2026-08-21 14:20,0.018105599999999996,止盈,False,False,0.025380710659898664,0.024380710659898663,2,0.16666666666666666,
s=-0.0150|signal,-0.015,signal,SPORTFUN_USDT_PERP,做空,1786824600000,2026-08-16 04:10,0.02552,0.025137200000000002,0.0244992,0.026796000000000004,1786825500000,2026-08-16 04:25,0.0244992,止盈,False,False,0.025380710659898553,0.024380710659898552,3,0.25,
s=-0.0150|signal,-0.015,signal,SPORTFUN_USDT_PERP,做空,1786829400000,2026-08-16 05:30,0.02966,0.029215099999999997,0.028473599999999998,0.031143,1786830300000,2026-08-16 05:45,0.031143,止損,False,False,-0.06598984771573613,-0.06698984771573613,3,0.25,
s=-0.0150|signal,-0.015,signal,SPORTFUN_USDT_PERP,做空,1786836000000,2026-08-16 07:20,0.03291,0.032416350000000003,0.0315936,0.0345555,1786838100000,2026-08-16 07:55,0.0315936,止盈,False,False,0.025380710659898553,0.024380710659898552,7,0.5833333333333334,
s=-0.0150|signal,-0.015,signal,SQD_USDT_PERP,做空,1787662500000,2026-08-25 20:55,0.03679,0.036238150000000004,0.0353184,0.038629500000000004,1787664000000,2026-08-25 21:20,0.0353184,止盈,False,False,0.025380710659898553,0.024380710659898552,5,0.4166666666666667,
s=-0.0150|signal,-0.015,signal,SSV_USDT_PERP,做空,1787297100000,2026-08-21 15:25,2.816,2.77376,2.7033599999999995,2.9568,1787298000000,2026-08-21 15:40,2.9568,止損,False,False,-0.06598984771573613,-0.06698984771573613,3,0.25,
s=-0.0150|signal,-0.015,signal,SSV_USDT_PERP,做空,1787301600000,2026-08-21 16:40,2.839,2.796415,2.72544,2.98095,1787316300000,2026-08-21 20:45,2.98095,止損,False,False,-0.0659898477157359,-0.0669898477157359,49,4.083333333333333,
s=-0.0150|signal,-0.015,signal,STABLE_USDT_PERP,做空,1787265000000,2026-08-21 06:30,0.03199,0.03151015,0.030710399999999995,0.0335895,1787283900000,2026-08-21 11:45,0.030710399999999995,止盈,False,False,0.025380710659898664,0.024380710659898663,63,5.25,
s=-0.0150|signal,-0.015,signal,STAR_USDT_PERP,做空,1786962600000,2026-08-17 18:30,0.12102,0.1192047,0.1161792,0.12707100000000002,1786969800000,2026-08-17 20:30,0.12707100000000002,止損,False,False,-0.06598984771573613,-0.06698984771573613,24,2.0,
s=-0.0150|signal,-0.015,signal,STAR_USDT_PERP,做空,1787113200000,2026-08-19 12:20,0.13046,0.12850309999999998,0.12524159999999998,0.136983,1787117400000,2026-08-19 13:30,0.136983,止損,False,False,-0.06598984771573613,-0.06698984771573613,14,1.1666666666666667,
s=-0.0150|signal,-0.015,signal,STAR_USDT_PERP,做空,1787316900000,2026-08-21 20:55,0.16075,0.15833875,0.15431999999999998,0.1687875,1787317200000,2026-08-21 21:00,0.15431999999999998,止盈,False,False,0.025380710659898553,0.024380710659898552,1,0.08333333333333333,
s=-0.0150|signal,-0.015,signal,STAR_USDT_PERP,做空,1787565300000,2026-08-24 17:55,0.14315,0.14100275,0.137424,0.1503075,1787566500000,2026-08-24 18:15,0.137424,止盈,False,False,0.025380710659898664,0.024380710659898663,4,0.3333333333333333,
s=-0.0150|signal,-0.015,signal,SUPER_USDT_PERP,做空,1787577300000,2026-08-24 21:15,0.1293,0.1273605,0.12412799999999999,0.135765,1787577600000,2026-08-24 21:20,0.12412799999999999,止盈,False,False,0.025380710659898442,0.02438071065989844,1,0.08333333333333333,
s=-0.0150|signal,-0.015,signal,SUPER_USDT_PERP,做空,1787581200000,2026-08-24 22:20,0.1344,0.132384,0.129024,0.14112,1787582400000,2026-08-24 22:40,0.129024,止盈,False,False,0.025380710659898442,0.02438071065989844,4,0.3333333333333333,
s=-0.0150|signal,-0.015,signal,SUSHI_USDT_PERP,做空,1788630000000,2026-09-06 01:40,0.2401,0.2364985,0.230496,0.252105,1788631200000,2026-09-06 02:00,0.252105,止損,False,False,-0.06598984771573613,-0.06698984771573613,4,0.3333333333333333,
s=-0.0150|signal,-0.015,signal,SUSHI_USDT_PERP,做空,1788636300000,2026-09-06 03:25,0.2775,0.2733375,0.2664,0.29137500000000005,1788637200000,2026-09-06 03:40,0.2664,止盈,False,False,0.025380710659898442,0.02438071065989844,3,0.25,
s=-0.0150|signal,-0.015,signal,TAC_USDT_PERP,做空,1787438100000,2026-08-23 06:35,0.001749,0.0017227649999999998,0.00167904,0.0018364499999999999,1787438700000,2026-08-23 06:45,0.00167904,止盈,False,False,0.025380710659898442,0.02438071065989844,2,0.16666666666666666,
s=-0.0150|signal,-0.015,signal,TA_USDT_PERP,做空,1789214400000,2026-09-12 20:00,0.06008,0.059178800000000004,0.0576768,0.063084,1789241100000,2026-09-13 03:25,0.0576768,止盈,False,False,0.025380710659898553,0.024380710659898552,89,7.416666666666667,
s=-0.0150|signal,-0.015,signal,TLM_USDT_PERP,做空,1787670300000,2026-08-25 23:05,0.001672,0.00164692,0.00160512,0.0017556000000000002,1787674200000,2026-08-26 00:10,0.00160512,止盈,False,False,0.025380710659898553,0.024380710659898552,13,1.0833333333333333,
s=-0.0150|signal,-0.015,signal,TNSR_USDT_PERP,做空,1788096000000,2026-08-30 21:20,0.04212,0.041488199999999996,0.0404352,0.044226,1788096300000,2026-08-30 21:25,0.0404352,止盈,False,False,0.025380710659898442,0.02438071065989844,1,0.08333333333333333,
s=-0.0150|signal,-0.015,signal,TRADOOR_USDT_PERP,做空,1788592200000,2026-09-05 15:10,0.7411,0.7299835,0.711456,0.778155,1788592500000,2026-09-05 15:15,0.778155,止損,True,False,-0.06598984771573613,-0.06698984771573613,1,0.08333333333333333,同一根同時觸發→保守計止損
s=-0.0150|signal,-0.015,signal,TRB_USDT_PERP,做空,1787365800000,2026-08-22 10:30,21.825,21.497625,20.951999999999998,22.91625,1787367600000,2026-08-22 11:00,20.951999999999998,止盈,False,False,0.025380710659898553,0.024380710659898552,6,0.5,
s=-0.0150|signal,-0.015,signal,TREE_USDT_PERP,做空,1787150100000,2026-08-19 22:35,0.04051,0.039902349999999996,0.038889599999999996,0.0425355,1787152500000,2026-08-19 23:15,0.0425355,止損,False,False,-0.06598984771573613,-0.06698984771573613,8,0.6666666666666666,
s=-0.0150|signal,-0.015,signal,TREE_USDT_PERP,做空,1787156100000,2026-08-20 00:15,0.04573,0.04504405,0.0439008,0.048016500000000004,1787157300000,2026-08-20 00:35,0.0439008,止盈,False,False,0.025380710659898553,0.024380710659898552,4,0.3333333333333333,
s=-0.0150|signal,-0.015,signal,TREE_USDT_PERP,做空,1789172400000,2026-09-12 08:20,0.04535,0.04466975,0.043536,0.0476175,1789172700000,2026-09-12 08:25,0.043536,止盈,False,False,0.025380710659898553,0.024380710659898552,1,0.08333333333333333,
s=-0.0150|signal,-0.015,signal,TRIA_USDT_PERP,做空,1788495300000,2026-09-04 12:15,0.0049,0.0048265,0.004704,0.005145,1788495600000,2026-09-04 12:20,0.004704,止盈,False,False,0.025380710659898553,0.024380710659898552,1,0.08333333333333333,
s=-0.0150|signal,-0.015,signal,TRIA_USDT_PERP,做空,1788503700000,2026-09-04 14:35,0.00525,0.0051712500000000005,0.00504,0.005512500000000001,1788506400000,2026-09-04 15:20,0.00504,止盈,False,False,0.025380710659898553,0.024380710659898552,9,0.75,
s=-0.0150|signal,-0.015,signal,TRUMP_USDT_PERP,做空,1787175000000,2026-08-20 05:30,1.707,1.681395,1.63872,1.79235,1787181600000,2026-08-20 07:20,1.79235,止損,False,False,-0.06598984771573613,-0.06698984771573613,22,1.8333333333333333,
s=-0.0150|signal,-0.015,signal,US_USDT_PERP,做空,1787325300000,2026-08-21 23:15,0.01978,0.0194833,0.018988799999999997,0.020769,1787325600000,2026-08-21 23:20,0.020769,止損,False,False,-0.06598984771573613,-0.06698984771573613,1,0.08333333333333333,
s=-0.0150|signal,-0.015,signal,US_USDT_PERP,做空,1787329500000,2026-08-22 00:25,0.02225,0.021916249999999998,0.021359999999999997,0.0233625,1787330400000,2026-08-22 00:40,0.0233625,止損,False,False,-0.06598984771573613,-0.06698984771573613,3,0.25,
s=-0.0150|signal,-0.015,signal,WAL_USDT_PERP,做空,1786788900000,2026-08-15 18:15,0.0272,0.026792,0.026111999999999996,0.02856,1786791000000,2026-08-15 18:50,0.026111999999999996,止盈,False,False,0.025380710659898553,0.024380710659898552,7,0.5833333333333334,
s=-0.0150|signal,-0.015,signal,XPIN_USDT_PERP,做空,1786950300000,2026-08-17 15:05,0.001551,0.0015277350000000001,0.0014889600000000001,0.00162855,1786951200000,2026-08-17 15:20,0.0014889600000000001,止盈,False,False,0.025380710659898442,0.02438071065989844,3,0.25,
s=-0.0150|signal,-0.015,signal,XPIN_USDT_PERP,做空,1787291700000,2026-08-21 13:55,0.001328,0.0013080799999999999,0.00127488,0.0013944,1787294700000,2026-08-21 14:45,0.00127488,止盈,False,False,0.025380710659898442,0.02438071065989844,10,0.8333333333333334,
s=-0.0150|signal,-0.015,signal,XPIN_USDT_PERP,做空,1789367400000,2026-09-14 14:30,0.000886,0.00087271,0.0008505599999999999,0.0009303,1789367700000,2026-09-14 14:35,0.0009303,止損,False,False,-0.06598984771573613,-0.06698984771573613,1,0.08333333333333333,
s=-0.0150|signal,-0.015,signal,XVG_USDT_PERP,做空,1787370900000,2026-08-22 11:55,0.002919,0.002875215,0.00280224,0.0030649500000000003,1787371500000,2026-08-22 12:05,0.00280224,止盈,False,False,0.025380710659898442,0.02438071065989844,2,0.16666666666666666,
s=-0.0150|signal,-0.015,signal,ZEST_USDT_PERP,做空,1787740800000,2026-08-26 18:40,0.16483,0.16235755,0.1582368,0.17307150000000002,1787743500000,2026-08-26 19:25,0.1582368,止盈,False,False,0.02538071065989833,0.02438071065989833,9,0.75,
s=-0.0150|signal,-0.015,signal,ZEST_USDT_PERP,做空,1788426900000,2026-09-03 17:15,0.15617,0.15382745,0.1499232,0.1639785,1788427200000,2026-09-03 17:20,0.1639785,止損,True,False,-0.0659898477157359,-0.0669898477157359,1,0.08333333333333333,同一根同時觸發→保守計止損
s=-0.0150|signal,-0.015,signal,ZEST_USDT_PERP,做空,1788433500000,2026-09-03 19:05,0.14801,0.14578985,0.1420896,0.1554105,1788454200000,2026-09-04 00:50,0.1554105,止損,False,False,-0.06598984771573613,-0.06698984771573613,69,5.75,
s=-0.0150|signal,-0.015,signal,ZKC_USDT_PERP,做空,1788061500000,2026-08-30 11:45,0.049,0.048265,0.04704,0.05145,1788062100000,2026-08-30 11:55,0.04704,止盈,False,False,0.025380710659898553,0.024380710659898552,2,0.16666666666666666,
s=-0.0150|signal,-0.015,signal,ZKC_USDT_PERP,做空,1788076200000,2026-08-30 15:50,0.0528,0.052008,0.050688,0.05544,1788081600000,2026-08-30 17:20,0.05544,止損,False,False,-0.06598984771573613,-0.06698984771573613,18,1.5,
s=-0.0150|signal,-0.015,signal,ZKP_USDT_PERP,做空,1788017400000,2026-08-29 23:30,0.05268,0.0518898,0.050572799999999994,0.055314,1788018000000,2026-08-29 23:40,0.050572799999999994,止盈,False,False,0.025380710659898553,0.024380710659898552,2,0.16666666666666666,
s=-0.0150|signal,-0.015,signal,ZORA_USDT_PERP,做空,1787316300000,2026-08-21 20:45,0.00687,0.00676695,0.0065952,0.0072135,1787317200000,2026-08-21 21:00,0.0072135,止損,False,False,-0.06598984771573613,-0.06698984771573613,3,0.25,
s=-0.0150|signal,-0.015,signal,ZORA_USDT_PERP,做空,1787321100000,2026-08-21 22:05,0.00706,0.0069541,0.0067776,0.007413,1787323200000,2026-08-21 22:40,0.0067776,止盈,False,False,0.025380710659898553,0.024380710659898552,7,0.5833333333333334,
s=-0.0150|signal,-0.015,signal,ZORA_USDT_PERP,做空,1788124200000,2026-08-31 05:10,0.00815,0.008027749999999998,0.007824,0.0085575,1788124800000,2026-08-31 05:20,0.0085575,止損,False,False,-0.06598984771573613,-0.06698984771573613,2,0.16666666666666666,
s=-0.0150|signal,-0.015,signal,ZRO_USDT_PERP,做空,1787665200000,2026-08-25 21:40,1.2411,1.2224835,1.191456,1.303155,1787665800000,2026-08-25 21:50,1.191456,止盈,False,False,0.025380710659898442,0.02438071065989844,2,0.16666666666666666,
s=-0.0150|signal,-0.015,signal,ZRO_USDT_PERP,做空,1787669700000,2026-08-25 22:55,1.2125,1.1943124999999999,1.164,1.273125,1787670900000,2026-08-25 23:15,1.164,止盈,False,False,0.025380710659898442,0.02438071065989844,4,0.3333333333333333,
s=-0.0150|signal,-0.015,signal,哈基米_USDT_PERP,做空,1789068300000,2026-09-11 03:25,0.03622,0.0356767,0.0347712,0.038031,1789069500000,2026-09-11 03:45,0.038031,止損,False,False,-0.06598984771573613,-0.06698984771573613,4,0.3333333333333333,
s=-0.0150|signal,-0.015,signal,哈基米_USDT_PERP,做空,1789098300000,2026-09-11 11:45,0.0411,0.0404835,0.039456,0.043155,1789099500000,2026-09-11 12:05,0.039456,止盈,False,False,0.025380710659898442,0.02438071065989844,4,0.3333333333333333,
s=-0.0150|signal,-0.015,signal,哈基米_USDT_PERP,做空,1789103100000,2026-09-11 13:05,0.04118,0.0405623,0.0395328,0.04323900000000001,1789103700000,2026-09-11 13:15,0.0395328,止盈,False,False,0.025380710659898553,0.024380710659898552,2,0.16666666666666666,
s=-0.0150|signal,-0.015,signal,我踏马来了_USDT_PERP,做空,1788010200000,2026-08-29 21:30,0.014341,0.014125885,0.01376736,0.01505805,1788010500000,2026-08-29 21:35,0.01376736,止盈,False,False,0.025380710659898442,0.02438071065989844,1,0.08333333333333333,
s=-0.0150|signal,-0.015,signal,我踏马来了_USDT_PERP,做空,1789083600000,2026-09-11 07:40,0.012087,0.011905695,0.01160352,0.01269135,1789094100000,2026-09-11 10:35,0.01269135,止損,False,False,-0.0659898477157359,-0.0669898477157359,35,2.9166666666666665,
s=-0.0150|signal,-0.015,signal,我踏马来了_USDT_PERP,做空,1789190100000,2026-09-12 13:15,0.015,0.014775,0.0144,0.01575,1789190400000,2026-09-12 13:20,0.0144,止盈,False,False,0.025380710659898553,0.024380710659898552,1,0.08333333333333333,
s=-0.0150|fill,-0.015,fill,0G_USDT_PERP,做空,1788174300000,2026-08-31 19:05,0.2285,0.2250725,0.2160696,0.23632612500000003,1788177900000,2026-08-31 20:05,0.2160696,止盈,False,False,0.040000000000000036,0.039000000000000035,12,1.0,
s=-0.0150|fill,-0.015,fill,4_USDT_PERP,做空,1787999100000,2026-08-29 18:25,0.01703,0.01677455,0.016103568,0.0176132775,1788000600000,2026-08-29 18:50,0.016103568,止盈,False,False,0.040000000000000036,0.039000000000000035,5,0.4166666666666667,
s=-0.0150|fill,-0.015,fill,4_USDT_PERP,做空,1788539700000,2026-09-05 00:35,0.01808,0.0178088,0.017096448,0.01869924,1788540300000,2026-09-05 00:45,0.01869924,止損,False,False,-0.050000000000000044,-0.051000000000000045,2,0.16666666666666666,
s=-0.0150|fill,-0.015,fill,4_USDT_PERP,做空,1788544500000,2026-09-05 01:55,0.02088,0.0205668,0.019744128,0.021595140000000002,1788545400000,2026-09-05 02:10,0.021595140000000002,止損,False,False,-0.050000000000000044,-0.051000000000000045,3,0.25,
s=-0.0150|fill,-0.015,fill,4_USDT_PERP,做空,1788549000000,2026-09-05 03:10,0.02248,0.0221428,0.021257088,0.02324994,1788552600000,2026-09-05 04:10,0.02324994,止損,False,False,-0.050000000000000044,-0.051000000000000045,12,1.0,
s=-0.0150|fill,-0.015,fill,4_USDT_PERP,做空,1788777900000,2026-09-07 18:45,0.02664,0.0262404,0.025190784,0.02755242,1788779100000,2026-09-07 19:05,0.025190784,止盈,False,False,0.040000000000000036,0.039000000000000035,4,0.3333333333333333,
s=-0.0150|fill,-0.015,fill,ACE_USDT_PERP,做空,1788265800000,2026-09-01 20:30,0.18806,0.1852391,0.17782953599999998,0.194501055,1788266700000,2026-09-01 20:45,0.17782953599999998,止盈,False,False,0.040000000000000036,0.039000000000000035,3,0.25,
s=-0.0150|fill,-0.015,fill,AGT_USDT_PERP,做空,1788193800000,2026-09-01 00:30,0.017237,0.016978444999999998,0.016299307199999998,0.01782736725,1788194400000,2026-09-01 00:40,0.016299307199999998,止盈,False,False,0.040000000000000036,0.039000000000000035,2,0.16666666666666666,
s=-0.0150|fill,-0.015,fill,AGT_USDT_PERP,做空,1788198600000,2026-09-01 01:50,0.017307,0.017047395,0.016365499199999998,0.01789976475,1788219300000,2026-09-01 07:35,0.016365499199999998,止盈,False,False,0.04000000000000015,0.039000000000000146,69,5.75,
s=-0.0150|fill,-0.015,fill,AGT_USDT_PERP,做空,1788236400000,2026-09-01 12:20,0.018968,0.01868348,0.017936140799999997,0.019617653999999998,1788236700000,2026-09-01 12:25,0.017936140799999997,止盈,False,False,0.04000000000000015,0.039000000000000146,1,0.08333333333333333,
s=-0.0150|fill,-0.015,fill,AIN_USDT_PERP,做空,1789365000000,2026-09-14 13:50,0.10972,0.1080742,0.10375123199999998,0.11347791,1789365600000,2026-09-14 14:00,0.10375123199999998,止盈,False,False,0.04000000000000015,0.039000000000000146,2,0.16666666666666666,
s=-0.0150|fill,-0.015,fill,AIN_USDT_PERP,做空,1789369200000,2026-09-14 15:00,0.10454,0.10297189999999999,0.09885302399999998,0.108120495,1789371000000,2026-09-14 15:30,0.09885302399999998,止盈,False,False,0.040000000000000036,0.039000000000000035,6,0.5,
s=-0.0150|fill,-0.015,fill,ALCH_USDT_PERP,做空,1787734500000,2026-08-26 16:55,0.03262,0.032130700000000005,0.030845472000000002,0.033737235000000004,1787734800000,2026-08-26 17:00,0.030845472000000002,止盈,False,False,0.040000000000000036,0.039000000000000035,1,0.08333333333333333,
s=-0.0150|fill,-0.015,fill,ANIME_USDT_PERP,做空,1789024500000,2026-09-10 15:15,0.003552,0.00349872,0.0033587711999999996,0.003673656,1789025700000,2026-09-10 15:35,0.0033587711999999996,止盈,False,False,0.040000000000000036,0.039000000000000035,4,0.3333333333333333,
s=-0.0150|fill,-0.015,fill,APR_USDT_PERP,做空,1787060700000,2026-08-18 21:45,0.2187,0.2154195,0.20680272,0.22619047500000003,1787062800000,2026-08-18 22:20,0.20680272,止盈,False,False,0.040000000000000036,0.039000000000000035,7,0.5833333333333334,
s=-0.0150|fill,-0.015,fill,APR_USDT_PERP,做空,1788454200000,2026-09-04 00:50,0.269,0.264965,0.2543664,0.27821325,1788454500000,2026-09-04 00:55,0.2543664,止盈,False,False,0.040000000000000036,0.039000000000000035,1,0.08333333333333333,
s=-0.0150|fill,-0.015,fill,APR_USDT_PERP,做空,1788463200000,2026-09-04 03:20,0.2691,0.2650635,0.25446096,0.278316675,1788463800000,2026-09-04 03:30,0.278316675,止損,False,False,-0.050000000000000044,-0.051000000000000045,2,0.16666666666666666,
s=-0.0150|fill,-0.015,fill,APR_USDT_PERP,做空,1788468300000,2026-09-04 04:45,0.27595,0.27181075,0.26093832,0.2854012875,1788475800000,2026-09-04 06:50,0.26093832,止盈,False,False,0.039999999999999925,0.038999999999999924,25,2.0833333333333335,
s=-0.0150|fill,-0.015,fill,ASTR_USDT_PERP,做空,1789434300000,2026-09-15 09:05,0.006865,0.006762025,0.006491543999999999,0.00710012625,1789434600000,2026-09-15 09:10,0.00710012625,止損,False,False,-0.050000000000000044,-0.051000000000000045,1,0.08333333333333333,
s=-0.0150|fill,-0.015,fill,ASTR_USDT_PERP,做空,1789438800000,2026-09-15 10:20,0.007216,0.00710776,0.0068234496,0.007463148000000001,1789439100000,2026-09-15 10:25,0.007463148000000001,止損,False,False,-0.050000000000000044,-0.051000000000000045,1,0.08333333333333333,
s=-0.0150|fill,-0.015,fill,AXL_USDT_PERP,做空,1789452900000,2026-09-15 14:15,0.0529,0.0521065,0.050022239999999996,0.054711825000000006,1789454700000,2026-09-15 14:45,0.050022239999999996,止盈,False,False,0.040000000000000036,0.039000000000000035,6,0.5,
s=-0.0150|fill,-0.015,fill,BAND_USDT_PERP,做空,1788025200000,2026-08-30 01:40,0.201,0.19798500000000002,0.1900656,0.20788425000000002,1788028800000,2026-08-30 02:40,0.1900656,止盈,False,False,0.04000000000000015,0.039000000000000146,12,1.0,
s=-0.0150|fill,-0.015,fill,BAS_USDT_PERP,做空,1787743500000,2026-08-26 19:25,0.026397,0.026001045,0.024961003199999998,0.027301097250000003,1787756700000,2026-08-26 23:05,0.024961003199999998,止盈,False,False,0.040000000000000036,0.039000000000000035,44,3.6666666666666665,
s=-0.0150|fill,-0.015,fill,BAS_USDT_PERP,做空,1787912100000,2026-08-28 18:15,0.032049,0.031568265,0.030305534399999997,0.03314667825,1787912400000,2026-08-28 18:20,0.03314667825,止損,False,False,-0.050000000000000044,-0.051000000000000045,1,0.08333333333333333,
s=-0.0150|fill,-0.015,fill,BB_USDT_PERP,做空,1787304300000,2026-08-21 17:25,0.01309,0.01289365,0.012377903999999999,0.0135383325,1787304600000,2026-08-21 17:30,0.0135383325,止損,False,False,-0.050000000000000044,-0.051000000000000045,1,0.08333333333333333,
s=-0.0150|fill,-0.015,fill,BEAMX_USDT_PERP,做空,1787821200000,2026-08-27 17:00,0.002139,0.002106915,0.0020226384,0.0022122607500000002,1787822400000,2026-08-27 17:20,0.0020226384,止盈,False,False,0.040000000000000036,0.039000000000000035,4,0.3333333333333333,
s=-0.0150|fill,-0.015,fill,BICO_USDT_PERP,做空,1787745600000,2026-08-26 20:00,0.02381,0.02345285,0.022514736,0.024625492500000002,1787747400000,2026-08-26 20:30,0.022514736,止盈,False,False,0.040000000000000036,0.039000000000000035,6,0.5,
s=-0.0150|fill,-0.015,fill,BICO_USDT_PERP,做空,1787757900000,2026-08-26 23:25,0.02631,0.02591535,0.024878736,0.0272111175,1787758500000,2026-08-26 23:35,0.0272111175,止損,False,False,-0.050000000000000044,-0.051000000000000045,2,0.16666666666666666,
s=-0.0150|fill,-0.015,fill,BLESS_USDT_PERP,做空,1787321700000,2026-08-21 22:15,0.00862,0.008490699999999999,0.008151071999999999,0.008915234999999999,1787322300000,2026-08-21 22:25,0.008151071999999999,止盈,False,False,0.040000000000000036,0.039000000000000035,2,0.16666666666666666,
s=-0.0150|fill,-0.015,fill,BLUR_USDT_PERP,做空,1789140000000,2026-09-11 23:20,0.02085,0.02053725,0.01971576,0.0215641125,1789143300000,2026-09-12 00:15,0.01971576,止盈,False,False,0.040000000000000036,0.039000000000000035,11,0.9166666666666666,
s=-0.0150|fill,-0.015,fill,BR_USDT_PERP,做空,1789358100000,2026-09-14 11:55,0.36686,0.3613571,0.34690281599999995,0.379424955,1789358400000,2026-09-14 12:00,0.379424955,止損,False,False,-0.050000000000000044,-0.051000000000000045,1,0.08333333333333333,
s=-0.0150|fill,-0.015,fill,BTR_USDT_PERP,做空,1787553000000,2026-08-24 14:30,0.03322,0.0327217,0.031412832,0.034357785,1787553900000,2026-08-24 14:45,0.034357785,止損,False,False,-0.050000000000000044,-0.051000000000000045,3,0.25,
s=-0.0150|fill,-0.015,fill,BTR_USDT_PERP,做空,1787557800000,2026-08-24 15:50,0.03466,0.0341401,0.032774496,0.035847105000000004,1787558400000,2026-08-24 16:00,0.035847105000000004,止損,False,False,-0.050000000000000044,-0.051000000000000045,2,0.16666666666666666,
s=-0.0150|fill,-0.015,fill,BTR_USDT_PERP,做空,1787716800000,2026-08-26 12:00,0.04071,0.040099350000000006,0.038495376000000005,0.04210431750000001,1787717100000,2026-08-26 12:05,0.04210431750000001,止損,False,False,-0.050000000000000044,-0.051000000000000045,1,0.08333333333333333,
s=-0.0150|fill,-0.015,fill,BTW_USDT_PERP,做空,1789302300000,2026-09-13 20:25,0.699394,0.6889030899999999,0.6613469663999999,0.7233482445,1789302900000,2026-09-13 20:35,0.7233482445,止損,False,False,-0.050000000000000044,-0.051000000000000045,2,0.16666666666666666,
s=-0.0150|fill,-0.015,fill,BULLA_USDT_PERP,做空,1787003400000,2026-08-18 05:50,0.02062,0.020310699999999998,0.019498271999999997,0.021326235,1787004300000,2026-08-18 06:05,0.019498271999999997,止盈,False,False,0.040000000000000036,0.039000000000000035,3,0.25,
s=-0.0150|fill,-0.015,fill,B_USDT_PERP,做空,1788589500000,2026-09-05 14:25,0.2168,0.213548,0.20500607999999998,0.2242254,1788589800000,2026-09-05 14:30,0.20500607999999998,止盈,False,False,0.040000000000000036,0.039000000000000035,1,0.08333333333333333,
s=-0.0150|fill,-0.015,fill,B_USDT_PERP,做空,1788593400000,2026-09-05 15:30,0.1992,0.196212,0.18836351999999998,0.2060226,1788601200000,2026-09-05 17:40,0.18836351999999998,止盈,False,False,0.04000000000000015,0.039000000000000146,26,2.1666666666666665,
s=-0.0150|fill,-0.015,fill,CAP_USDT_PERP,做空,1788492000000,2026-09-04 11:20,0.05311,0.052313349999999995,0.050220815999999995,0.054929017499999996,1788492900000,2026-09-04 11:35,0.050220815999999995,止盈,False,False,0.040000000000000036,0.039000000000000035,3,0.25,
s=-0.0150|fill,-0.015,fill,CAP_USDT_PERP,做空,1788773100000,2026-09-07 17:25,0.04997,0.04922045,0.047251631999999995,0.0516814725,1788779700000,2026-09-07 19:15,0.047251631999999995,止盈,False,False,0.040000000000000036,0.039000000000000035,22,1.8333333333333333,
s=-0.0150|fill,-0.015,fill,CAP_USDT_PERP,做空,1789388700000,2026-09-14 20:25,0.06824,0.0672164,0.064527744,0.07057722,1789389000000,2026-09-14 20:30,0.064527744,止盈,False,False,0.039999999999999925,0.038999999999999924,1,0.08333333333333333,
s=-0.0150|fill,-0.015,fill,CASHCAT_USDT_PERP,做空,1789135500000,2026-09-11 22:05,0.1886,0.185771,0.17834016,0.19505955,1789142100000,2026-09-11 23:55,0.17834016,止盈,False,False,0.039999999999999925,0.038999999999999924,22,1.8333333333333333,
s=-0.0150|fill,-0.015,fill,CATI_USDT_PERP,做空,1788447000000,2026-09-03 22:50,0.06712,0.0661132,0.06346867199999999,0.06941886,1788453600000,2026-09-04 00:40,0.06346867199999999,止盈,False,False,0.04000000000000015,0.039000000000000146,22,1.8333333333333333,
s=-0.0150|fill,-0.015,fill,CFG_USDT_PERP,做空,1788751800000,2026-09-07 11:30,0.1336,0.131596,0.12633216,0.1381758,1788754500000,2026-09-07 12:15,0.12633216,止盈,False,False,0.039999999999999925,0.038999999999999924,9,0.75,
s=-0.0150|fill,-0.015,fill,CHIP_USDT_PERP,做空,1788423300000,2026-09-03 16:15,0.05177,0.050993449999999996,0.048953711999999996,0.0535431225,1788430500000,2026-09-03 18:15,0.0535431225,止損,False,False,-0.050000000000000044,-0.051000000000000045,24,2.0,
s=-0.0150|fill,-0.015,fill,CLO_USDT_PERP,做空,1787046900000,2026-08-18 17:55,0.1373,0.1352405,0.12983088,0.14200252500000002,1787049000000,2026-08-18 18:30,0.14200252500000002,止損,False,False,-0.050000000000000044,-0.051000000000000045,7,0.5833333333333334,
s=-0.0150|fill,-0.015,fill,CLO_USDT_PERP,做空,1787970000000,2026-08-29 10:20,0.1143,0.11258549999999999,0.10808207999999998,0.118214775,1787971200000,2026-08-29 10:40,0.118214775,止損,False,False,-0.050000000000000044,-0.051000000000000045,4,0.3333333333333333,
s=-0.0150|fill,-0.015,fill,CLO_USDT_PERP,做空,1788320100000,2026-09-02 11:35,0.1616,0.15917599999999998,0.15280895999999997,0.1671348,1788322200000,2026-09-02 12:10,0.1671348,止損,False,False,-0.050000000000000044,-0.051000000000000045,7,0.5833333333333334,
s=-0.0150|fill,-0.015,fill,COLLECT_USDT_PERP,做空,1787230800000,2026-08-20 21:00,0.05943,0.058538549999999995,0.05619700799999999,0.0614654775,1787231100000,2026-08-20 21:05,0.0614654775,止損,False,False,-0.050000000000000044,-0.051000000000000045,1,0.08333333333333333,
s=-0.0150|fill,-0.015,fill,COLLECT_USDT_PERP,做空,1788603000000,2026-09-05 18:10,0.09433,0.09291505,0.089198448,0.0975608025,1788603300000,2026-09-05 18:15,0.089198448,止盈,False,False,0.040000000000000036,0.039000000000000035,1,0.08333333333333333,
s=-0.0150|fill,-0.015,fill,COTI_USDT_PERP,做空,1787342100000,2026-08-22 03:55,0.01225,0.01206625,0.0115836,0.012669562500000002,1787343000000,2026-08-22 04:10,0.012669562500000002,止損,False,False,-0.050000000000000044,-0.051000000000000045,3,0.25,
s=-0.0150|fill,-0.015,fill,COTI_USDT_PERP,做空,1788690600000,2026-09-06 18:30,0.01845,0.018173250000000002,0.01744632,0.019081912500000003,1788692700000,2026-09-06 19:05,0.019081912500000003,止損,False,False,-0.050000000000000044,-0.051000000000000045,7,0.5833333333333334,
s=-0.0150|fill,-0.015,fill,CROSS_USDT_PERP,做空,1786845000000,2026-08-16 09:50,0.10204,0.1005094,0.09648902399999999,0.10553487,1786851600000,2026-08-16 11:40,0.10553487,止損,False,False,-0.050000000000000044,-0.051000000000000045,22,1.8333333333333333,
s=-0.0150|fill,-0.015,fill,CTR_USDT_PERP,做空,1789280700000,2026-09-13 14:25,0.01166,0.0114851,0.011025696,0.012059355,1789281000000,2026-09-13 14:30,0.012059355,止損,False,False,-0.050000000000000044,-0.051000000000000045,1,0.08333333333333333,
s=-0.0150|fill,-0.015,fill,CTR_USDT_PERP,做空,1789453200000,2026-09-15 14:20,0.01231,0.01212535,0.011640336,0.0127316175,1789454400000,2026-09-15 14:40,0.0127316175,止損,False,False,-0.050000000000000044,-0.051000000000000045,4,0.3333333333333333,
s=-0.0150|fill,-0.015,fill,CYS_USDT_PERP,做空,1789168500000,2026-09-12 07:15,0.1593,0.1569105,0.15063408,0.16475602500000003,1789171500000,2026-09-12 08:05,0.15063408,止盈,False,False,0.040000000000000036,0.039000000000000035,10,0.8333333333333334,
s=-0.0150|fill,-0.015,fill,DASH_USDT_PERP,做空,1787367600000,2026-08-22 11:00,46.84,46.1374,44.291903999999995,48.44427,1787374500000,2026-08-22 12:55,44.291903999999995,止盈,False,False,0.04000000000000015,0.039000000000000146,23,1.9166666666666667,
s=-0.0150|fill,-0.015,fill,DOGS_USDT_PERP,做空,1788200100000,2026-09-01 02:15,4.62e-05,4.5506999999999996e-05,4.368672e-05,4.7782349999999995e-05,1788211200000,2026-09-01 05:20,4.368672e-05,止盈,False,False,0.039999999999999925,0.038999999999999924,37,3.0833333333333335,
s=-0.0150|fill,-0.015,fill,EDEN_USDT_PERP,做空,1786982100000,2026-08-17 23:55,0.05434,0.0535249,0.051383904,0.056201145,1786983600000,2026-08-18 00:20,0.051383904,止盈,False,False,0.040000000000000036,0.039000000000000035,5,0.4166666666666667,
s=-0.0150|fill,-0.015,fill,EDGE_USDT_PERP,做空,1787213100000,2026-08-20 16:05,0.364,0.35853999999999997,0.34419839999999996,0.376467,1787220300000,2026-08-20 18:05,0.34419839999999996,止盈,False,False,0.040000000000000036,0.039000000000000035,24,2.0,
s=-0.0150|fill,-0.015,fill,ELSA_USDT_PERP,做空,1788569700000,2026-09-05 08:55,0.05706,0.0562041,0.053955935999999996,0.059014305,1788572100000,2026-09-05 09:35,0.053955935999999996,止盈,False,False,0.040000000000000036,0.039000000000000035,8,0.6666666666666666,
s=-0.0150|fill,-0.015,fill,FF_USDT_PERP,做空,1788270000000,2026-09-01 21:40,0.09488,0.0934568,0.089718528,0.09812964,1788270600000,2026-09-01 21:50,0.09812964,止損,False,False,-0.050000000000000044,-0.051000000000000045,2,0.16666666666666666,
s=-0.0150|fill,-0.015,fill,FF_USDT_PERP,做空,1788274200000,2026-09-01 22:50,0.10179,0.10026315000000001,0.09625262400000001,0.10527630750000001,1788275700000,2026-09-01 23:15,0.09625262400000001,止盈,False,False,0.040000000000000036,0.039000000000000035,5,0.4166666666666667,
s=-0.0150|fill,-0.015,fill,FF_USDT_PERP,做空,1789447800000,2026-09-15 12:50,0.15524,0.15291139999999998,0.14679494399999998,0.16055697,1789448100000,2026-09-15 12:55,0.14679494399999998,止盈,False,False,0.039999999999999925,0.038999999999999924,1,0.08333333333333333,
s=-0.0150|fill,-0.015,fill,FHE_USDT_PERP,做空,1786983300000,2026-08-18 00:15,0.03218,0.0316973,0.030429407999999998,0.033282165,1786984800000,2026-08-18 00:40,0.030429407999999998,止盈,False,False,0.040000000000000036,0.039000000000000035,5,0.4166666666666667,
s=-0.0150|fill,-0.015,fill,FLUID_USDT_PERP,做空,1787715900000,2026-08-26 11:45,1.535,1.5119749999999998,1.451496,1.58757375,1787717100000,2026-08-26 12:05,1.58757375,止損,False,False,-0.050000000000000044,-0.051000000000000045,4,0.3333333333333333,
s=-0.0150|fill,-0.015,fill,FLUID_USDT_PERP,做空,1787720700000,2026-08-26 13:05,1.553,1.5297049999999999,1.4685167999999997,1.60619025,1787734500000,2026-08-26 16:55,1.4685167999999997,止盈,False,False,0.04000000000000015,0.039000000000000146,46,3.8333333333333335,
s=-0.0150|fill,-0.015,fill,GPS_USDT_PERP,做空,1786941600000,2026-08-17 12:40,0.014967,0.014742495,0.014152795199999998,0.01547961975,1786942800000,2026-08-17 13:00,0.014152795199999998,止盈,False,False,0.040000000000000036,0.039000000000000035,4,0.3333333333333333,
s=-0.0150|fill,-0.015,fill,GRIFFAIN_USDT_PERP,做空,1789197900000,2026-09-12 15:25,0.01287,0.01267695,0.012169871999999998,0.0133107975,1789199100000,2026-09-12 15:45,0.0133107975,止損,False,False,-0.050000000000000044,-0.051000000000000045,4,0.3333333333333333,
s=-0.0150|fill,-0.015,fill,GRIFFAIN_USDT_PERP,做空,1789202700000,2026-09-12 16:45,0.01472,0.0144992,0.013919232,0.01522416,1789203900000,2026-09-12 17:05,0.013919232,止盈,False,False,0.040000000000000036,0.039000000000000035,4,0.3333333333333333,
s=-0.0150|fill,-0.015,fill,GWEI_USDT_PERP,做空,1787277300000,2026-08-21 09:55,0.02519,0.02481215,0.023819664,0.026052757500000003,1787278200000,2026-08-21 10:10,0.026052757500000003,止損,False,False,-0.050000000000000044,-0.051000000000000045,3,0.25,
s=-0.0150|fill,-0.015,fill,HAEDAL_USDT_PERP,做空,1788856200000,2026-09-08 16:30,0.02249,0.02215265,0.021266544,0.0232602825,1788856800000,2026-09-08 16:40,0.0232602825,止損,False,False,-0.050000000000000044,-0.051000000000000045,2,0.16666666666666666,
s=-0.0150|fill,-0.015,fill,HANA_USDT_PERP,做空,1787647500000,2026-08-25 16:45,0.02054,0.0202319,0.019422624,0.021243495,1787650200000,2026-08-25 17:30,0.021243495,止損,False,False,-0.050000000000000044,-0.051000000000000045,9,0.75,
s=-0.0150|fill,-0.015,fill,HEMI_USDT_PERP,做空,1787831400000,2026-08-27 19:50,0.00913,0.008993049999999999,0.008633328,0.009442702499999999,1787832300000,2026-08-27 20:05,0.008633328,止盈,False,False,0.040000000000000036,0.039000000000000035,3,0.25,
s=-0.0150|fill,-0.015,fill,HEMI_USDT_PERP,做空,1787858400000,2026-08-28 03:20,0.01009,0.00993865,0.009541104,0.0104355825,1787864100000,2026-08-28 04:55,0.009541104,止盈,False,False,0.040000000000000036,0.039000000000000035,19,1.5833333333333333,
s=-0.0150|fill,-0.015,fill,HEMI_USDT_PERP,做空,1789403400000,2026-09-15 00:30,0.00705,0.00694425,0.00666648,0.0072914625,1789407300000,2026-09-15 01:35,0.00666648,止盈,False,False,0.040000000000000036,0.039000000000000035,13,1.0833333333333333,
s=-0.0150|fill,-0.015,fill,IDOL_USDT_PERP,做空,1789473300000,2026-09-15 19:55,0.01197,0.01179045,0.011318832,0.0123799725,1789473900000,2026-09-15 20:05,0.011318832,止盈,False,False,0.040000000000000036,0.039000000000000035,2,0.16666666666666666,
s=-0.0150|fill,-0.015,fill,IDOL_USDT_PERP,做空,1789478400000,2026-09-15 21:20,0.0114,0.011229,0.010779839999999999,0.01179045,1789479000000,2026-09-15 21:30,0.010779839999999999,止盈,False,False,0.040000000000000036,0.039000000000000035,2,0.16666666666666666,
s=-0.0150|fill,-0.015,fill,IOST_USDT_PERP,做空,1788763500000,2026-09-07 14:45,0.000892,0.00087862,0.0008434752,0.0009225510000000001,1788766800000,2026-09-07 15:40,0.0008434752,止盈,False,False,0.040000000000000036,0.039000000000000035,11,0.9166666666666666,
s=-0.0150|fill,-0.015,fill,KAT_USDT_PERP,做空,1788925200000,2026-09-09 11:40,0.006139,0.006046915,0.0058050383999999995,0.00634926075,1788930300000,2026-09-09 13:05,0.0058050383999999995,止盈,False,False,0.040000000000000036,0.039000000000000035,17,1.4166666666666667,
s=-0.0150|fill,-0.015,fill,KERNEL_USDT_PERP,做空,1787824800000,2026-08-27 18:00,0.04664,0.0459404,0.044102784,0.04823742,1787825100000,2026-08-27 18:05,0.044102784,止盈,False,False,0.040000000000000036,0.039000000000000035,1,0.08333333333333333,
s=-0.0150|fill,-0.015,fill,LAB_USDT_PERP,做空,1789122000000,2026-09-11 18:20,0.05873,0.05784905,0.055535087999999996,0.0607415025,1789122300000,2026-09-11 18:25,0.0607415025,止損,False,False,-0.050000000000000044,-0.051000000000000045,1,0.08333333333333333,
s=-0.0150|fill,-0.015,fill,LAYER_USDT_PERP,做空,1788710400000,2026-09-07 00:00,0.0881,0.0867785,0.08330736,0.091117425,1788711300000,2026-09-07 00:15,0.08330736,止盈,False,False,0.039999999999999925,0.038999999999999924,3,0.25,
s=-0.0150|fill,-0.015,fill,LA_USDT_PERP,做空,1788312300000,2026-09-02 09:25,0.06491,0.06393634999999999,0.06137889599999999,0.0671331675,1788314100000,2026-09-02 09:55,0.0671331675,止損,False,False,-0.050000000000000044,-0.051000000000000045,6,0.5,
s=-0.0150|fill,-0.015,fill,LIGHT_USDT_PERP,做空,1787730600000,2026-08-26 15:50,0.1766,0.173951,0.16699296,0.18264855,1787796000000,2026-08-27 10:00,0.18264855,止損,False,False,-0.050000000000000044,-0.051000000000000045,218,18.166666666666668,
s=-0.0150|fill,-0.015,fill,LIGHT_USDT_PERP,做空,1787909400000,2026-08-28 17:30,0.2318,0.228323,0.21919007999999998,0.23973915,1787910300000,2026-08-28 17:45,0.23973915,止損,False,False,-0.050000000000000044,-0.051000000000000045,3,0.25,
s=-0.0150|fill,-0.015,fill,LSK_USDT_PERP,做空,1787754600000,2026-08-26 22:30,0.112,0.11032,0.10590719999999999,0.11583600000000001,1787755200000,2026-08-26 22:40,0.10590719999999999,止盈,False,False,0.040000000000000036,0.039000000000000035,2,0.16666666666666666,
s=-0.0150|fill,-0.015,fill,LUNA2_USDT_PERP,做空,1788782700000,2026-09-07 20:05,0.05437,0.05355445,0.051412272,0.056232172500000004,1788786600000,2026-09-07 21:10,0.051412272,止盈,False,False,0.040000000000000036,0.039000000000000035,13,1.0833333333333333,
s=-0.0150|fill,-0.015,fill,MAGMA_USDT_PERP,做空,1787344200000,2026-08-22 04:30,0.32043,0.31562355,0.30299860799999995,0.3314047275,1787347800000,2026-08-22 05:30,0.30299860799999995,止盈,False,False,0.04000000000000015,0.039000000000000146,12,1.0,
s=-0.0150|fill,-0.015,fill,MAGMA_USDT_PERP,做空,1789323300000,2026-09-14 02:15,0.26632,0.2623252,0.25183219199999995,0.27544145999999997,1789324500000,2026-09-14 02:35,0.27544145999999997,止損,False,False,-0.050000000000000044,-0.051000000000000045,4,0.3333333333333333,
s=-0.0150|fill,-0.015,fill,MANTRA_USDT_PERP,做空,1787903400000,2026-08-28 15:50,0.00476,0.0046886,0.004501056,0.00492303,1787908500000,2026-08-28 17:15,0.004501056,止盈,False,False,0.040000000000000036,0.039000000000000035,17,1.4166666666666667,
s=-0.0150|fill,-0.015,fill,MELANIA_USDT_PERP,做空,1787371800000,2026-08-22 12:10,0.1263,0.12440549999999999,0.11942927999999998,0.130625775,1787372400000,2026-08-22 12:20,0.130625775,止損,False,False,-0.050000000000000044,-0.051000000000000045,2,0.16666666666666666,
s=-0.0150|fill,-0.015,fill,MOODENG_USDT_PERP,做空,1788629100000,2026-09-06 01:25,0.04783,0.047112549999999996,0.04522804799999999,0.049468177499999995,1788630300000,2026-09-06 01:45,0.04522804799999999,止盈,False,False,0.040000000000000036,0.039000000000000035,4,0.3333333333333333,
s=-0.0150|fill,-0.015,fill,MOODENG_USDT_PERP,做空,1789621200000,2026-09-17 13:00,0.04393,0.04327105,0.041540207999999995,0.0454346025,1789625100000,2026-09-17 14:05,0.041540207999999995,止盈,False,False,0.040000000000000036,0.039000000000000035,13,1.0833333333333333,
s=-0.0150|fill,-0.015,fill,MOVE_USDT_PERP,做空,1787371500000,2026-08-22 12:05,0.00853,0.00840205,0.008065968,0.0088221525,1787372400000,2026-08-22 12:20,0.0088221525,止損,False,False,-0.050000000000000044,-0.051000000000000045,3,0.25,
s=-0.0150|fill,-0.015,fill,MOVR_USDT_PERP,做空,1786800000000,2026-08-15 21:20,0.985,0.970225,0.931416,1.0187362500000001,1786800900000,2026-08-15 21:35,0.931416,止盈,False,False,0.040000000000000036,0.039000000000000035,3,0.25,
s=-0.0150|fill,-0.015,fill,MOVR_USDT_PERP,做空,1787802900000,2026-08-27 11:55,0.799,0.787015,0.7555343999999999,0.82636575,1787803200000,2026-08-27 12:00,0.82636575,止損,False,False,-0.050000000000000044,-0.051000000000000045,1,0.08333333333333333,
s=-0.0150|fill,-0.015,fill,MOVR_USDT_PERP,做空,1787807400000,2026-08-27 13:10,0.869,0.855965,0.8217264,0.89876325,1787807700000,2026-08-27 13:15,0.8217264,止盈,False,False,0.040000000000000036,0.039000000000000035,1,0.08333333333333333,
s=-0.0150|fill,-0.015,fill,MUBARAK_USDT_PERP,做空,1788363600000,2026-09-02 23:40,0.02662,0.0262207,0.025171871999999998,0.027531735,1788363900000,2026-09-02 23:45,0.027531735,止損,False,False,-0.050000000000000044,-0.051000000000000045,1,0.08333333333333333,
s=-0.0150|fill,-0.015,fill,NAORIS_USDT_PERP,做空,1788591000000,2026-09-05 14:50,0.03141,0.03093885,0.029701296,0.0324857925,1788592200000,2026-09-05 15:10,0.029701296,止盈,False,False,0.040000000000000036,0.039000000000000035,4,0.3333333333333333,
s=-0.0150|fill,-0.015,fill,NAORIS_USDT_PERP,做空,1788691200000,2026-09-06 18:40,0.03484,0.034317400000000005,0.032944704000000005,0.036033270000000006,1788695100000,2026-09-06 19:45,0.036033270000000006,止損,False,False,-0.050000000000000044,-0.051000000000000045,13,1.0833333333333333,
s=-0.0150|fill,-0.015,fill,NOM_USDT_PERP,做空,1788576000000,2026-09-05 10:40,0.001789,0.001762165,0.0016916784,0.00185027325,1788576900000,2026-09-05 10:55,0.00185027325,止損,False,False,-0.050000000000000044,-0.051000000000000045,3,0.25,
s=-0.0150|fill,-0.015,fill,NOM_USDT_PERP,做空,1788586800000,2026-09-05 13:40,0.002085,0.002053725,0.001971576,0.0021564112500000003,1788588000000,2026-09-05 14:00,0.001971576,止盈,False,False,0.040000000000000036,0.039000000000000035,4,0.3333333333333333,
s=-0.0150|fill,-0.015,fill,OG_USDT_PERP,做空,1787472300000,2026-08-23 16:05,3.071,3.024935,2.9039376,3.1761817500000005,1787474400000,2026-08-23 16:40,2.9039376,止盈,False,False,0.040000000000000036,0.039000000000000035,7,0.5833333333333334,
s=-0.0150|fill,-0.015,fill,ONG_USDT_PERP,做空,1786929900000,2026-08-17 09:25,0.06165,0.06072525,0.05829624,0.0637615125,1786930500000,2026-08-17 09:35,0.05829624,止盈,False,False,0.040000000000000036,0.039000000000000035,2,0.16666666666666666,
s=-0.0150|fill,-0.015,fill,ONG_USDT_PERP,做空,1787232900000,2026-08-20 21:35,0.06947,0.06842795,0.065690832,0.07184934750000001,1787233200000,2026-08-20 21:40,0.07184934750000001,止損,False,False,-0.050000000000000044,-0.051000000000000045,1,0.08333333333333333,
s=-0.0150|fill,-0.015,fill,ONG_USDT_PERP,做空,1787237700000,2026-08-20 22:55,0.08127,0.08005095,0.07684891199999999,0.0840534975,1787239800000,2026-08-20 23:30,0.07684891199999999,止盈,False,False,0.040000000000000036,0.039000000000000035,7,0.5833333333333334,
s=-0.0150|fill,-0.015,fill,ONT_USDT_PERP,做空,1787258100000,2026-08-21 04:35,0.0544,0.053584,0.051440639999999996,0.0562632,1787258400000,2026-08-21 04:40,0.0562632,止損,False,False,-0.050000000000000044,-0.051000000000000045,1,0.08333333333333333,
s=-0.0150|fill,-0.015,fill,ONT_USDT_PERP,做空,1787262000000,2026-08-21 05:40,0.0513,0.0505305,0.048509279999999995,0.053057025,1787270700000,2026-08-21 08:05,0.048509279999999995,止盈,False,False,0.040000000000000036,0.039000000000000035,29,2.4166666666666665,
s=-0.0150|fill,-0.015,fill,ON_USDT_PERP,做空,1788861900000,2026-09-08 18:05,0.211,0.207835,0.1995216,0.21822675,1788864600000,2026-09-08 18:50,0.1995216,止盈,False,False,0.040000000000000036,0.039000000000000035,9,0.75,
s=-0.0150|fill,-0.015,fill,ORCA_USDT_PERP,做空,1788745800000,2026-09-07 09:50,1.642,1.61737,1.5526752,1.6982385,1788747900000,2026-09-07 10:25,1.6982385,止損,False,False,-0.050000000000000044,-0.051000000000000045,7,0.5833333333333334,
s=-0.0150|fill,-0.015,fill,PHA_USDT_PERP,做空,1788972600000,2026-09-10 00:50,0.03342,0.032918699999999995,0.031601951999999996,0.034564634999999996,1788973200000,2026-09-10 01:00,0.034564634999999996,止損,False,False,-0.050000000000000044,-0.051000000000000045,2,0.16666666666666666,
s=-0.0150|fill,-0.015,fill,PIEVERSE_USDT_PERP,做空,1787306700000,2026-08-21 18:05,1.1295,1.1125574999999999,1.0680551999999999,1.168185375,1787310600000,2026-08-21 19:10,1.0680551999999999,止盈,False,False,0.040000000000000036,0.039000000000000035,13,1.0833333333333333,
s=-0.0150|fill,-0.015,fill,PIEVERSE_USDT_PERP,做空,1788789300000,2026-09-07 21:55,1.3018,1.282273,1.23098208,1.3463866500000001,1788793800000,2026-09-07 23:10,1.23098208,止盈,False,False,0.040000000000000036,0.039000000000000035,15,1.25,
s=-0.0150|fill,-0.015,fill,PIXEL_USDT_PERP,做空,1786865400000,2026-08-16 15:30,0.00611,0.00601835,0.005777615999999999,0.0063192675,1786866300000,2026-08-16 15:45,0.005777615999999999,止盈,False,False,0.040000000000000036,0.039000000000000035,3,0.25,
s=-0.0150|fill,-0.015,fill,PORTAL_USDT_PERP,做空,1786885200000,2026-08-16 21:00,0.01597,0.01573045,0.015101232,0.0165169725,1786886400000,2026-08-16 21:20,0.015101232,止盈,False,False,0.040000000000000036,0.039000000000000035,4,0.3333333333333333,
s=-0.0150|fill,-0.015,fill,PORTAL_USDT_PERP,做空,1787544900000,2026-08-24 12:15,0.01602,0.0157797,0.015148512,0.016568685000000003,1787546100000,2026-08-24 12:35,0.015148512,止盈,False,False,0.040000000000000036,0.039000000000000035,4,0.3333333333333333,
s=-0.0150|fill,-0.015,fill,PORTAL_USDT_PERP,做空,1787721000000,2026-08-26 13:10,0.01896,0.0186756,0.017928575999999998,0.019609380000000003,1787721900000,2026-08-26 13:25,0.019609380000000003,止損,False,False,-0.050000000000000044,-0.051000000000000045,3,0.25,
s=-0.0150|fill,-0.015,fill,PORTAL_USDT_PERP,做空,1787725500000,2026-08-26 14:25,0.02147,0.02114795,0.020302031999999998,0.0222053475,1787726100000,2026-08-26 14:35,0.020302031999999998,止盈,False,False,0.040000000000000036,0.039000000000000035,2,0.16666666666666666,
s=-0.0150|fill,-0.015,fill,PORTAL_USDT_PERP,做空,1788444900000,2026-09-03 22:15,0.01665,0.01640025,0.01574424,0.017220262500000003,1788445500000,2026-09-03 22:25,0.01574424,止盈,False,False,0.04000000000000015,0.039000000000000146,2,0.16666666666666666,
s=-0.0150|fill,-0.015,fill,POWR_USDT_PERP,做空,1789258200000,2026-09-13 08:10,0.06576,0.0647736,0.062182655999999996,0.06801228000000001,1789258500000,2026-09-13 08:15,0.06801228000000001,止損,False,False,-0.050000000000000044,-0.051000000000000045,1,0.08333333333333333,
s=-0.0150|fill,-0.015,fill,POWR_USDT_PERP,做空,1789263000000,2026-09-13 09:30,0.0824,0.081164,0.07791743999999999,0.0852222,1789266000000,2026-09-13 10:20,0.07791743999999999,止盈,False,False,0.04000000000000015,0.039000000000000146,10,0.8333333333333334,
s=-0.0150|fill,-0.015,fill,PROMPT_USDT_PERP,做空,1788000900000,2026-08-29 18:55,0.02727,0.026860949999999998,0.025786511999999998,0.028203997499999998,1788001200000,2026-08-29 19:00,0.025786511999999998,止盈,False,False,0.040000000000000036,0.039000000000000035,1,0.08333333333333333,
s=-0.0150|fill,-0.015,fill,PROS_USDT_PERP,做空,1788927600000,2026-09-09 12:20,0.5005,0.49299249999999994,0.47327279999999994,0.517642125,1788929100000,2026-09-09 12:45,0.517642125,止損,False,False,-0.050000000000000044,-0.051000000000000045,5,0.4166666666666667,
s=-0.0150|fill,-0.015,fill,PTB_USDT_PERP,做空,1788529800000,2026-09-04 21:50,0.000816,0.0008037599999999999,0.0007716095999999999,0.000843948,1788530100000,2026-09-04 21:55,0.0007716095999999999,止盈,False,False,0.040000000000000036,0.039000000000000035,1,0.08333333333333333,
s=-0.0150|fill,-0.015,fill,Q_USDT_PERP,做空,1788496200000,2026-09-04 12:30,0.026302,0.02590747,0.024871171199999997,0.0272028435,1788496800000,2026-09-04 12:40,0.0272028435,止損,True,False,-0.050000000000000044,-0.051000000000000045,2,0.16666666666666666,同一根同時觸發→保守計止損
s=-0.0150|fill,-0.015,fill,RATS_USDT_PERP,做空,1787062500000,2026-08-18 22:15,5.136e-05,5.05896e-05,4.8566016e-05,5.311908e-05,1787063400000,2026-08-18 22:30,5.311908e-05,止損,False,False,-0.050000000000000044,-0.051000000000000045,3,0.25,
s=-0.0150|fill,-0.015,fill,RAY_USDT_PERP,做空,1788665400000,2026-09-06 11:30,1.109,1.092365,1.0486704,1.1469832500000001,1788666600000,2026-09-06 11:50,1.1469832500000001,止損,False,False,-0.050000000000000044,-0.051000000000000045,4,0.3333333333333333,
s=-0.0150|fill,-0.015,fill,RAY_USDT_PERP,做空,1788670500000,2026-09-06 12:55,1.154,1.13669,1.0912224,1.1935245,1788676800000,2026-09-06 14:40,1.0912224,止盈,False,False,0.040000000000000036,0.039000000000000035,21,1.75,
s=-0.0150|fill,-0.015,fill,REZ_USDT_PERP,做空,1789016700000,2026-09-10 13:05,0.00362,0.0035656999999999998,0.0034230719999999997,0.003743985,1789017600000,2026-09-10 13:20,0.003743985,止損,False,False,-0.050000000000000044,-0.051000000000000045,3,0.25,
s=-0.0150|fill,-0.015,fill,REZ_USDT_PERP,做空,1789287600000,2026-09-13 16:20,0.003949,0.0038897650000000003,0.0037341744,0.00408425325,1789289400000,2026-09-13 16:50,0.0037341744,止盈,False,False,0.040000000000000036,0.039000000000000035,6,0.5,
s=-0.0150|fill,-0.015,fill,RE_USDT_PERP,做空,1787158200000,2026-08-20 00:50,0.4973,0.4898405,0.47024688,0.514332525,1787163900000,2026-08-20 02:25,0.514332525,止損,False,False,-0.050000000000000044,-0.051000000000000045,19,1.5833333333333333,
s=-0.0150|fill,-0.015,fill,RE_USDT_PERP,做空,1787363100000,2026-08-22 09:45,0.6057,0.5966145,0.57274992,0.6264452250000001,1787374500000,2026-08-22 12:55,0.57274992,止盈,False,False,0.040000000000000036,0.039000000000000035,38,3.1666666666666665,
s=-0.0150|fill,-0.015,fill,SAGA_USDT_PERP,做空,1789058100000,2026-09-11 00:35,0.01776,0.0174936,0.016793856,0.01836828,1789060200000,2026-09-11 01:10,0.01836828,止損,False,False,-0.050000000000000044,-0.051000000000000045,7,0.5833333333333334,
s=-0.0150|fill,-0.015,fill,SIREN_USDT_PERP,做空,1787970900000,2026-08-29 10:35,0.03355,0.03304675,0.03172488,0.0346990875,1787972700000,2026-08-29 11:05,0.03172488,止盈,False,False,0.040000000000000036,0.039000000000000035,6,0.5,
s=-0.0150|fill,-0.015,fill,SKR_USDT_PERP,做空,1787875800000,2026-08-28 08:10,0.011903,0.011724455,0.011255476799999999,0.01231067775,1787876100000,2026-08-28 08:15,0.01231067775,止損,False,False,-0.050000000000000044,-0.051000000000000045,1,0.08333333333333333,
s=-0.0150|fill,-0.015,fill,SKR_USDT_PERP,做空,1787880600000,2026-08-28 09:30,0.011993,0.011813105,0.0113405808,0.012403760250000001,1787881800000,2026-08-28 09:50,0.012403760250000001,止損,False,False,-0.050000000000000044,-0.051000000000000045,4,0.3333333333333333,
s=-0.0150|fill,-0.015,fill,SKR_USDT_PERP,做空,1788069000000,2026-08-30 13:50,0.013432,0.013230519999999999,0.012701299199999998,0.013892046,1788076200000,2026-08-30 15:50,0.012701299199999998,止盈,False,False,0.040000000000000036,0.039000000000000035,24,2.0,
s=-0.0150|fill,-0.015,fill,SOLV_USDT_PERP,做空,1788684000000,2026-09-06 16:40,0.00374,0.0036839,0.003536544,0.003868095,1788685200000,2026-09-06 17:00,0.003868095,止損,False,False,-0.050000000000000044,-0.051000000000000045,4,0.3333333333333333,
s=-0.0150|fill,-0.015,fill,SPK_USDT_PERP,做空,1787292600000,2026-08-21 14:10,0.01886,0.0185771,0.017834015999999998,0.019505955,1787293200000,2026-08-21 14:20,0.017834015999999998,止盈,False,False,0.040000000000000036,0.039000000000000035,2,0.16666666666666666,
s=-0.0150|fill,-0.015,fill,SPORTFUN_USDT_PERP,做空,1786824600000,2026-08-16 04:10,0.02552,0.025137200000000002,0.024131712,0.026394060000000004,1786826100000,2026-08-16 04:35,0.026394060000000004,止損,False,False,-0.050000000000000044,-0.051000000000000045,5,0.4166666666666667,
s=-0.0150|fill,-0.015,fill,SPORTFUN_USDT_PERP,做空,1786829700000,2026-08-16 05:35,0.02981,0.02936285,0.028188335999999998,0.0308309925,1786830300000,2026-08-16 05:45,0.0308309925,止損,False,False,-0.050000000000000044,-0.051000000000000045,2,0.16666666666666666,
s=-0.0150|fill,-0.015,fill,SPORTFUN_USDT_PERP,做空,1786836000000,2026-08-16 07:20,0.03291,0.032416350000000003,0.031119696000000002,0.03403716750000001,1786838100000,2026-08-16 07:55,0.031119696000000002,止盈,False,False,0.040000000000000036,0.039000000000000035,7,0.5833333333333334,
s=-0.0150|fill,-0.015,fill,SQD_USDT_PERP,做空,1787662500000,2026-08-25 20:55,0.03679,0.036238150000000004,0.034788624000000004,0.038050057500000005,1787664000000,2026-08-25 21:20,0.034788624000000004,止盈,False,False,0.040000000000000036,0.039000000000000035,5,0.4166666666666667,
s=-0.0150|fill,-0.015,fill,SSV_USDT_PERP,做空,1787297100000,2026-08-21 15:25,2.816,2.77376,2.6628095999999997,2.912448,1787298000000,2026-08-21 15:40,2.912448,止損,False,False,-0.050000000000000044,-0.051000000000000045,3,0.25,
s=-0.0150|fill,-0.015,fill,SSV_USDT_PERP,做空,1787301600000,2026-08-21 16:40,2.839,2.796415,2.6845584,2.9362357500000003,1787313300000,2026-08-21 19:55,2.9362357500000003,止損,False,False,-0.050000000000000044,-0.051000000000000045,39,3.25,
s=-0.0150|fill,-0.015,fill,STABLE_USDT_PERP,做空,1787265000000,2026-08-21 06:30,0.03199,0.03151015,0.030249744,0.033085657500000004,1787269200000,2026-08-21 07:40,0.033085657500000004,止損,False,False,-0.050000000000000044,-0.051000000000000045,14,1.1666666666666667,
s=-0.0150|fill,-0.015,fill,STAR_USDT_PERP,做空,1786962600000,2026-08-17 18:30,0.12102,0.1192047,0.11443651199999999,0.125164935,1786969500000,2026-08-17 20:25,0.125164935,止損,False,False,-0.050000000000000044,-0.051000000000000045,23,1.9166666666666667,
s=-0.0150|fill,-0.015,fill,STAR_USDT_PERP,做空,1787113200000,2026-08-19 12:20,0.13046,0.12850309999999998,0.12336297599999997,0.134928255,1787117400000,2026-08-19 13:30,0.134928255,止損,False,False,-0.050000000000000044,-0.051000000000000045,14,1.1666666666666667,
s=-0.0150|fill,-0.015,fill,STAR_USDT_PERP,做空,1787316900000,2026-08-21 20:55,0.16075,0.15833875,0.1520052,0.1662556875,1787317500000,2026-08-21 21:05,0.1520052,止盈,False,False,0.039999999999999925,0.038999999999999924,2,0.16666666666666666,
s=-0.0150|fill,-0.015,fill,STAR_USDT_PERP,做空,1787565300000,2026-08-24 17:55,0.14315,0.14100275,0.13536264,0.1480528875,1787582100000,2026-08-24 22:35,0.13536264,止盈,False,False,0.040000000000000036,0.039000000000000035,56,4.666666666666667,
s=-0.0150|fill,-0.015,fill,SUPER_USDT_PERP,做空,1787577300000,2026-08-24 21:15,0.1293,0.1273605,0.12226607999999999,0.133728525,1787580300000,2026-08-24 22:05,0.133728525,止損,False,False,-0.050000000000000044,-0.051000000000000045,10,0.8333333333333334,
s=-0.0150|fill,-0.015,fill,SUSHI_USDT_PERP,做空,1788630000000,2026-09-06 01:40,0.2401,0.2364985,0.22703856,0.24832342500000001,1788630900000,2026-09-06 01:55,0.24832342500000001,止損,False,False,-0.050000000000000044,-0.051000000000000045,3,0.25,
s=-0.0150|fill,-0.015,fill,SUSHI_USDT_PERP,做空,1788636300000,2026-09-06 03:25,0.2775,0.2733375,0.262404,0.28700437500000003,1788637800000,2026-09-06 03:50,0.262404,止盈,False,False,0.039999999999999925,0.038999999999999924,5,0.4166666666666667,
s=-0.0150|fill,-0.015,fill,TAC_USDT_PERP,做空,1787438100000,2026-08-23 06:35,0.001749,0.0017227649999999998,0.0016538543999999997,0.0018089032499999998,1787439000000,2026-08-23 06:50,0.0016538543999999997,止盈,False,False,0.040000000000000036,0.039000000000000035,3,0.25,
s=-0.0150|fill,-0.015,fill,TA_USDT_PERP,做空,1789214400000,2026-09-12 20:00,0.06008,0.059178800000000004,0.056811648,0.062137740000000004,1789222200000,2026-09-12 22:10,0.062137740000000004,止損,False,False,-0.050000000000000044,-0.051000000000000045,26,2.1666666666666665,
s=-0.0150|fill,-0.015,fill,TLM_USDT_PERP,做空,1787670300000,2026-08-25 23:05,0.001672,0.00164692,0.0015810432,0.0017292660000000001,1787678100000,2026-08-26 01:15,0.0015810432,止盈,False,False,0.040000000000000036,0.039000000000000035,26,2.1666666666666665,
s=-0.0150|fill,-0.015,fill,TNSR_USDT_PERP,做空,1788096000000,2026-08-30 21:20,0.04212,0.041488199999999996,0.039828671999999996,0.043562609999999995,1788097500000,2026-08-30 21:45,0.043562609999999995,止損,False,False,-0.050000000000000044,-0.051000000000000045,5,0.4166666666666667,
s=-0.0150|fill,-0.015,fill,TRADOOR_USDT_PERP,做空,1788592200000,2026-09-05 15:10,0.7411,0.7299835,0.70078416,0.766482675,1788592500000,2026-09-05 15:15,0.766482675,止損,True,False,-0.050000000000000044,-0.051000000000000045,1,0.08333333333333333,同一根同時觸發→保守計止損
s=-0.0150|fill,-0.015,fill,TRB_USDT_PERP,做空,1787365800000,2026-08-22 10:30,21.825,21.497625,20.637719999999998,22.57250625,1787366100000,2026-08-22 10:35,22.57250625,止損,False,False,-0.050000000000000044,-0.051000000000000045,1,0.08333333333333333,
s=-0.0150|fill,-0.015,fill,TREE_USDT_PERP,做空,1787150100000,2026-08-19 22:35,0.04051,0.039902349999999996,0.038306256,0.0418974675,1787150700000,2026-08-19 22:45,0.0418974675,止損,False,False,-0.050000000000000044,-0.051000000000000045,2,0.16666666666666666,
s=-0.0150|fill,-0.015,fill,TREE_USDT_PERP,做空,1787155200000,2026-08-20 00:00,0.04344,0.0427884,0.041076864,0.04492782,1787155800000,2026-08-20 00:10,0.04492782,止損,False,False,-0.050000000000000044,-0.051000000000000045,2,0.16666666666666666,
s=-0.0150|fill,-0.015,fill,TREE_USDT_PERP,做空,1789172400000,2026-09-12 08:20,0.04535,0.04466975,0.04288296,0.0469032375,1789173000000,2026-09-12 08:30,0.04288296,止盈,False,False,0.040000000000000036,0.039000000000000035,2,0.16666666666666666,
s=-0.0150|fill,-0.015,fill,TRIA_USDT_PERP,做空,1788495300000,2026-09-04 12:15,0.0049,0.0048265,0.00463344,0.005067825000000001,1788495600000,2026-09-04 12:20,0.00463344,止盈,False,False,0.040000000000000036,0.039000000000000035,1,0.08333333333333333,
s=-0.0150|fill,-0.015,fill,TRIA_USDT_PERP,做空,1788503700000,2026-09-04 14:35,0.00525,0.0051712500000000005,0.0049644,0.005429812500000001,1788505800000,2026-09-04 15:10,0.005429812500000001,止損,False,False,-0.050000000000000044,-0.051000000000000045,7,0.5833333333333334,
s=-0.0150|fill,-0.015,fill,TRUMP_USDT_PERP,做空,1787175000000,2026-08-20 05:30,1.707,1.681395,1.6141391999999999,1.76546475,1787179800000,2026-08-20 06:50,1.76546475,止損,False,False,-0.050000000000000044,-0.051000000000000045,16,1.3333333333333333,
s=-0.0150|fill,-0.015,fill,US_USDT_PERP,做空,1787325300000,2026-08-21 23:15,0.01978,0.0194833,0.018703967999999998,0.020457464999999998,1787325600000,2026-08-21 23:20,0.020457464999999998,止損,False,False,-0.050000000000000044,-0.051000000000000045,1,0.08333333333333333,
s=-0.0150|fill,-0.015,fill,US_USDT_PERP,做空,1787329500000,2026-08-22 00:25,0.02225,0.021916249999999998,0.0210396,0.0230120625,1787330100000,2026-08-22 00:35,0.0230120625,止損,False,False,-0.050000000000000044,-0.051000000000000045,2,0.16666666666666666,
s=-0.0150|fill,-0.015,fill,WAL_USDT_PERP,做空,1786788900000,2026-08-15 18:15,0.0272,0.026792,0.025720319999999998,0.0281316,1786789200000,2026-08-15 18:20,0.0281316,止損,False,False,-0.050000000000000044,-0.051000000000000045,1,0.08333333333333333,
s=-0.0150|fill,-0.015,fill,WAL_USDT_PERP,做空,1786792800000,2026-08-15 19:20,0.0259,0.0255115,0.02449104,0.026787075,1786794000000,2026-08-15 19:40,0.026787075,止損,False,False,-0.050000000000000044,-0.051000000000000045,4,0.3333333333333333,
s=-0.0150|fill,-0.015,fill,XPIN_USDT_PERP,做空,1786950300000,2026-08-17 15:05,0.001551,0.0015277350000000001,0.0014666256,0.0016041217500000003,1786951200000,2026-08-17 15:20,0.0014666256,止盈,False,False,0.040000000000000036,0.039000000000000035,3,0.25,
s=-0.0150|fill,-0.015,fill,XPIN_USDT_PERP,做空,1787291700000,2026-08-21 13:55,0.001328,0.0013080799999999999,0.0012557567999999999,0.001373484,1787292000000,2026-08-21 14:00,0.001373484,止損,False,False,-0.050000000000000044,-0.051000000000000045,1,0.08333333333333333,
s=-0.0150|fill,-0.015,fill,XPIN_USDT_PERP,做空,1787295900000,2026-08-21 15:05,0.001311,0.001291335,0.0012396816,0.00135590175,1787298600000,2026-08-21 15:50,0.00135590175,止損,False,False,-0.050000000000000044,-0.051000000000000045,9,0.75,
s=-0.0150|fill,-0.015,fill,XPIN_USDT_PERP,做空,1789367400000,2026-09-14 14:30,0.000886,0.00087271,0.0008378015999999999,0.0009163455,1789367700000,2026-09-14 14:35,0.0009163455,止損,False,False,-0.050000000000000044,-0.051000000000000045,1,0.08333333333333333,
s=-0.0150|fill,-0.015,fill,XVG_USDT_PERP,做空,1787370900000,2026-08-22 11:55,0.002919,0.002875215,0.0027602064,0.00301897575,1787375400000,2026-08-22 13:10,0.0027602064,止盈,False,False,0.040000000000000036,0.039000000000000035,15,1.25,
s=-0.0150|fill,-0.015,fill,ZEST_USDT_PERP,做空,1787740800000,2026-08-26 18:40,0.16483,0.16235755,0.15586324799999998,0.1704754275,1787744400000,2026-08-26 19:40,0.15586324799999998,止盈,False,False,0.040000000000000036,0.039000000000000035,12,1.0,
s=-0.0150|fill,-0.015,fill,ZEST_USDT_PERP,做空,1788426900000,2026-09-03 17:15,0.15617,0.15382745,0.147674352,0.16151882250000002,1788427200000,2026-09-03 17:20,0.16151882250000002,止損,True,False,-0.050000000000000044,-0.051000000000000045,1,0.08333333333333333,同一根同時觸發→保守計止損
s=-0.0150|fill,-0.015,fill,ZEST_USDT_PERP,做空,1788433500000,2026-09-03 19:05,0.14801,0.14578985,0.139958256,0.1530793425,1788453900000,2026-09-04 00:45,0.1530793425,止損,False,False,-0.050000000000000044,-0.051000000000000045,68,5.666666666666667,
s=-0.0150|fill,-0.015,fill,ZKC_USDT_PERP,做空,1788061500000,2026-08-30 11:45,0.049,0.048265,0.0463344,0.05067825000000001,1788062400000,2026-08-30 12:00,0.0463344,止盈,False,False,0.04000000000000015,0.039000000000000146,3,0.25,
s=-0.0150|fill,-0.015,fill,ZKC_USDT_PERP,做空,1788076200000,2026-08-30 15:50,0.0528,0.052008,0.049927679999999995,0.0546084,1788079500000,2026-08-30 16:45,0.0546084,止損,False,False,-0.050000000000000044,-0.051000000000000045,11,0.9166666666666666,
s=-0.0150|fill,-0.015,fill,ZKP_USDT_PERP,做空,1788017400000,2026-08-29 23:30,0.05268,0.0518898,0.049814208,0.054484290000000005,1788019800000,2026-08-30 00:10,0.049814208,止盈,False,False,0.040000000000000036,0.039000000000000035,8,0.6666666666666666,
s=-0.0150|fill,-0.015,fill,ZORA_USDT_PERP,做空,1787316300000,2026-08-21 20:45,0.00687,0.00676695,0.006496272,0.0071052975,1787317200000,2026-08-21 21:00,0.0071052975,止損,False,False,-0.050000000000000044,-0.051000000000000045,3,0.25,
s=-0.0150|fill,-0.015,fill,ZORA_USDT_PERP,做空,1787321100000,2026-08-21 22:05,0.00706,0.0069541,0.006675936,0.007301805000000001,1787323800000,2026-08-21 22:50,0.006675936,止盈,False,False,0.040000000000000036,0.039000000000000035,9,0.75,
s=-0.0150|fill,-0.015,fill,ZORA_USDT_PERP,做空,1788124200000,2026-08-31 05:10,0.00815,0.008027749999999998,0.007706639999999998,0.0084291375,1788124500000,2026-08-31 05:15,0.0084291375,止損,False,False,-0.050000000000000044,-0.051000000000000045,1,0.08333333333333333,
s=-0.0150|fill,-0.015,fill,ZRO_USDT_PERP,做空,1787665200000,2026-08-25 21:40,1.2411,1.2224835,1.17358416,1.283607675,1787665800000,2026-08-25 21:50,1.17358416,止盈,False,False,0.039999999999999925,0.038999999999999924,2,0.16666666666666666,
s=-0.0150|fill,-0.015,fill,ZRO_USDT_PERP,做空,1787669700000,2026-08-25 22:55,1.2125,1.1943124999999999,1.14654,1.2540281249999998,1787673000000,2026-08-25 23:50,1.2540281249999998,止損,False,False,-0.050000000000000044,-0.051000000000000045,11,0.9166666666666666,
s=-0.0150|fill,-0.015,fill,哈基米_USDT_PERP,做空,1789068300000,2026-09-11 03:25,0.03622,0.0356767,0.034249631999999995,0.037460535,1789068600000,2026-09-11 03:30,0.037460535,止損,False,False,-0.050000000000000044,-0.051000000000000045,1,0.08333333333333333,
s=-0.0150|fill,-0.015,fill,哈基米_USDT_PERP,做空,1789098300000,2026-09-11 11:45,0.0411,0.0404835,0.038864159999999995,0.042507675,1789099500000,2026-09-11 12:05,0.038864159999999995,止盈,False,False,0.04000000000000015,0.039000000000000146,4,0.3333333333333333,
s=-0.0150|fill,-0.015,fill,哈基米_USDT_PERP,做空,1789103100000,2026-09-11 13:05,0.04118,0.0405623,0.038939808,0.042590415000000006,1789103700000,2026-09-11 13:15,0.038939808,止盈,False,False,0.040000000000000036,0.039000000000000035,2,0.16666666666666666,
s=-0.0150|fill,-0.015,fill,我踏马来了_USDT_PERP,做空,1788010200000,2026-08-29 21:30,0.014341,0.014125885,0.0135608496,0.01483217925,1788010800000,2026-08-29 21:40,0.0135608496,止盈,False,False,0.040000000000000036,0.039000000000000035,2,0.16666666666666666,
s=-0.0150|fill,-0.015,fill,我踏马来了_USDT_PERP,做空,1789083600000,2026-09-11 07:40,0.012087,0.011905695,0.0114294672,0.012500979750000002,1789085100000,2026-09-11 08:05,0.012500979750000002,止損,False,False,-0.050000000000000044,-0.051000000000000045,5,0.4166666666666667,
s=-0.0150|fill,-0.015,fill,我踏马来了_USDT_PERP,做空,1789190100000,2026-09-12 13:15,0.015,0.014775,0.014183999999999999,0.01551375,1789190400000,2026-09-12 13:20,0.014183999999999999,止盈,False,False,0.040000000000000036,0.039000000000000035,1,0.08333333333333333,
s=-0.0200|signal,-0.02,signal,0G_USDT_PERP,做空,1788174300000,2026-08-31 19:05,0.2285,0.22393000000000002,0.21936,0.23992500000000003,1788177900000,2026-08-31 20:05,0.21936,止盈,False,False,0.020408163265306256,0.019408163265306255,12,1.0,
s=-0.0200|signal,-0.02,signal,4_USDT_PERP,做空,1787999100000,2026-08-29 18:25,0.01703,0.0166894,0.0163488,0.0178815,1788000600000,2026-08-29 18:50,0.0163488,止盈,False,False,0.020408163265306145,0.019408163265306144,5,0.4166666666666667,
s=-0.0200|signal,-0.02,signal,4_USDT_PERP,做空,1788539700000,2026-09-05 00:35,0.01808,0.0177184,0.0173568,0.018984,1788540300000,2026-09-05 00:45,0.018984,止損,False,False,-0.07142857142857162,-0.07242857142857162,2,0.16666666666666666,
s=-0.0200|signal,-0.02,signal,4_USDT_PERP,做空,1788544500000,2026-09-05 01:55,0.02088,0.0204624,0.020044799999999998,0.021924,1788545700000,2026-09-05 02:15,0.021924,止損,False,False,-0.0714285714285714,-0.0724285714285714,4,0.3333333333333333,
s=-0.0200|signal,-0.02,signal,4_USDT_PERP,做空,1788549300000,2026-09-05 03:15,0.02226,0.0218148,0.0213696,0.023372999999999998,1788550200000,2026-09-05 03:30,0.0213696,止盈,False,False,0.020408163265306145,0.019408163265306144,3,0.25,
s=-0.0200|signal,-0.02,signal,4_USDT_PERP,做空,1788777900000,2026-09-07 18:45,0.02664,0.0261072,0.0255744,0.027972,1788779100000,2026-09-07 19:05,0.0255744,止盈,False,False,0.020408163265306145,0.019408163265306144,4,0.3333333333333333,
s=-0.0200|signal,-0.02,signal,ACE_USDT_PERP,做空,1788265800000,2026-09-01 20:30,0.18806,0.1842988,0.1805376,0.19746300000000003,1788266700000,2026-09-01 20:45,0.1805376,止盈,False,False,0.020408163265306256,0.019408163265306255,3,0.25,
s=-0.0200|signal,-0.02,signal,AGT_USDT_PERP,做空,1788193800000,2026-09-01 00:30,0.017237,0.01689226,0.01654752,0.01809885,1788194100000,2026-09-01 00:35,0.01654752,止盈,False,False,0.020408163265306145,0.019408163265306144,1,0.08333333333333333,
s=-0.0200|signal,-0.02,signal,AGT_USDT_PERP,做空,1788198600000,2026-09-01 01:50,0.017307,0.016960859999999998,0.01661472,0.01817235,1788212100000,2026-09-01 05:35,0.01661472,止盈,False,False,0.020408163265306034,0.019408163265306033,45,3.75,
s=-0.0200|signal,-0.02,signal,AGT_USDT_PERP,做空,1788236400000,2026-09-01 12:20,0.018968,0.01858864,0.018209279999999998,0.0199164,1788236700000,2026-09-01 12:25,0.018209279999999998,止盈,False,False,0.020408163265306256,0.019408163265306255,1,0.08333333333333333,
s=-0.0200|signal,-0.02,signal,AIN_USDT_PERP,做空,1789365000000,2026-09-14 13:50,0.10972,0.1075256,0.1053312,0.115206,1789365600000,2026-09-14 14:00,0.1053312,止盈,False,False,0.020408163265306145,0.019408163265306144,2,0.16666666666666666,
s=-0.0200|signal,-0.02,signal,AIN_USDT_PERP,做空,1789369200000,2026-09-14 15:00,0.10454,0.10244919999999999,0.10035839999999999,0.109767,1789371000000,2026-09-14 15:30,0.10035839999999999,止盈,False,False,0.020408163265306145,0.019408163265306144,6,0.5,
s=-0.0200|signal,-0.02,signal,ALCH_USDT_PERP,做空,1787734500000,2026-08-26 16:55,0.03262,0.031967600000000006,0.0313152,0.034251000000000004,1787734800000,2026-08-26 17:00,0.0313152,止盈,False,False,0.020408163265306256,0.019408163265306255,1,0.08333333333333333,
s=-0.0200|signal,-0.02,signal,ANIME_USDT_PERP,做空,1789024500000,2026-09-10 15:15,0.003552,0.00348096,0.00340992,0.0037296,1789025400000,2026-09-10 15:30,0.00340992,止盈,False,False,0.020408163265306145,0.019408163265306144,3,0.25,
s=-0.0200|signal,-0.02,signal,APR_USDT_PERP,做空,1787060700000,2026-08-18 21:45,0.2187,0.214326,0.209952,0.229635,1787061300000,2026-08-18 21:55,0.209952,止盈,False,False,0.020408163265306034,0.019408163265306033,2,0.16666666666666666,
s=-0.0200|signal,-0.02,signal,APR_USDT_PERP,做空,1788454200000,2026-09-04 00:50,0.269,0.26362,0.25824,0.28245000000000003,1788454500000,2026-09-04 00:55,0.25824,止盈,False,False,0.020408163265306145,0.019408163265306144,1,0.08333333333333333,
s=-0.0200|signal,-0.02,signal,APR_USDT_PERP,做空,1788463200000,2026-09-04 03:20,0.2691,0.263718,0.258336,0.282555,1788464100000,2026-09-04 03:35,0.282555,止損,False,False,-0.0714285714285714,-0.0724285714285714,3,0.25,
s=-0.0200|signal,-0.02,signal,APR_USDT_PERP,做空,1788468300000,2026-09-04 04:45,0.27595,0.270431,0.264912,0.2897475,1788475200000,2026-09-04 06:40,0.264912,止盈,False,False,0.020408163265306145,0.019408163265306144,23,1.9166666666666667,
s=-0.0200|signal,-0.02,signal,ASTR_USDT_PERP,做空,1789434300000,2026-09-15 09:05,0.006865,0.0067277,0.0065904,0.00720825,1789434600000,2026-09-15 09:10,0.00720825,止損,False,False,-0.07142857142857162,-0.07242857142857162,1,0.08333333333333333,
s=-0.0200|signal,-0.02,signal,ASTR_USDT_PERP,做空,1789438800000,2026-09-15 10:20,0.007216,0.00707168,0.00692736,0.007576800000000001,1789439100000,2026-09-15 10:25,0.007576800000000001,止損,False,False,-0.0714285714285714,-0.0724285714285714,1,0.08333333333333333,
s=-0.0200|signal,-0.02,signal,AXL_USDT_PERP,做空,1789452900000,2026-09-15 14:15,0.0529,0.051842,0.050784,0.055545000000000004,1789453500000,2026-09-15 14:25,0.050784,止盈,False,False,0.020408163265306034,0.019408163265306033,2,0.16666666666666666,
s=-0.0200|signal,-0.02,signal,BAND_USDT_PERP,做空,1788025200000,2026-08-30 01:40,0.201,0.19698000000000002,0.19296,0.21105000000000002,1788028500000,2026-08-30 02:35,0.19296,止盈,False,False,0.020408163265306256,0.019408163265306255,11,0.9166666666666666,
s=-0.0200|signal,-0.02,signal,BAS_USDT_PERP,做空,1787743500000,2026-08-26 19:25,0.026397,0.02586906,0.025341119999999998,0.02771685,1787753700000,2026-08-26 22:15,0.025341119999999998,止盈,False,False,0.020408163265306145,0.019408163265306144,34,2.8333333333333335,
s=-0.0200|signal,-0.02,signal,BAS_USDT_PERP,做空,1787912100000,2026-08-28 18:15,0.032049,0.03140802,0.03076704,0.03365145,1787912700000,2026-08-28 18:25,0.03076704,止盈,False,False,0.020408163265306256,0.019408163265306255,2,0.16666666666666666,
s=-0.0200|signal,-0.02,signal,BB_USDT_PERP,做空,1787304300000,2026-08-21 17:25,0.01309,0.0128282,0.012566399999999998,0.0137445,1787304600000,2026-08-21 17:30,0.0137445,止損,False,False,-0.0714285714285714,-0.0724285714285714,1,0.08333333333333333,
s=-0.0200|signal,-0.02,signal,BEAMX_USDT_PERP,做空,1787821200000,2026-08-27 17:00,0.002139,0.0020962199999999998,0.0020534399999999997,0.00224595,1787822100000,2026-08-27 17:15,0.0020534399999999997,止盈,False,False,0.020408163265306145,0.019408163265306144,3,0.25,
s=-0.0200|signal,-0.02,signal,BICO_USDT_PERP,做空,1787745600000,2026-08-26 20:00,0.02381,0.023333800000000002,0.0228576,0.025000500000000002,1787745900000,2026-08-26 20:05,0.0228576,止盈,False,False,0.020408163265306256,0.019408163265306255,1,0.08333333333333333,
s=-0.0200|signal,-0.02,signal,BICO_USDT_PERP,做空,1787757900000,2026-08-26 23:25,0.02631,0.0257838,0.025257599999999998,0.0276255,1787758800000,2026-08-26 23:40,0.025257599999999998,止盈,False,False,0.020408163265306145,0.019408163265306144,3,0.25,
s=-0.0200|signal,-0.02,signal,BLESS_USDT_PERP,做空,1787321700000,2026-08-21 22:15,0.00862,0.0084476,0.008275199999999998,0.009051,1787322300000,2026-08-21 22:25,0.008275199999999998,止盈,False,False,0.020408163265306256,0.019408163265306255,2,0.16666666666666666,
s=-0.0200|signal,-0.02,signal,BLUR_USDT_PERP,做空,1789140000000,2026-09-11 23:20,0.02085,0.020433,0.020016,0.021892500000000002,1789140900000,2026-09-11 23:35,0.020016,止盈,False,False,0.020408163265306145,0.019408163265306144,3,0.25,
s=-0.0200|signal,-0.02,signal,BR_USDT_PERP,做空,1789358100000,2026-09-14 11:55,0.36686,0.35952280000000003,0.3521856,0.385203,1789358400000,2026-09-14 12:00,0.385203,止損,False,False,-0.0714285714285714,-0.0724285714285714,1,0.08333333333333333,
s=-0.0200|signal,-0.02,signal,BTR_USDT_PERP,做空,1787553000000,2026-08-24 14:30,0.03322,0.0325556,0.0318912,0.034881,1787553900000,2026-08-24 14:45,0.034881,止損,False,False,-0.07142857142857162,-0.07242857142857162,3,0.25,
s=-0.0200|signal,-0.02,signal,BTR_USDT_PERP,做空,1787557800000,2026-08-24 15:50,0.03466,0.033966800000000005,0.0332736,0.036393,1787559000000,2026-08-24 16:10,0.036393,止損,False,False,-0.0714285714285714,-0.0724285714285714,4,0.3333333333333333,
s=-0.0200|signal,-0.02,signal,BTR_USDT_PERP,做空,1787716800000,2026-08-26 12:00,0.04071,0.0398958,0.0390816,0.042745500000000006,1787717100000,2026-08-26 12:05,0.042745500000000006,止損,False,False,-0.07142857142857162,-0.07242857142857162,1,0.08333333333333333,
s=-0.0200|signal,-0.02,signal,BTW_USDT_PERP,做空,1789302300000,2026-09-13 20:25,0.699394,0.6854061199999999,0.6714182399999999,0.7343637,1789303800000,2026-09-13 20:50,0.6714182399999999,止盈,False,False,0.020408163265306034,0.019408163265306033,5,0.4166666666666667,
s=-0.0200|signal,-0.02,signal,BULLA_USDT_PERP,做空,1787003400000,2026-08-18 05:50,0.02062,0.0202076,0.0197952,0.021651,1787003700000,2026-08-18 05:55,0.0197952,止盈,False,False,0.020408163265306145,0.019408163265306144,1,0.08333333333333333,
s=-0.0200|signal,-0.02,signal,B_USDT_PERP,做空,1788589500000,2026-09-05 14:25,0.2168,0.212464,0.20812799999999998,0.22764,1788589800000,2026-09-05 14:30,0.20812799999999998,止盈,False,False,0.020408163265306145,0.019408163265306144,1,0.08333333333333333,
s=-0.0200|signal,-0.02,signal,B_USDT_PERP,做空,1788593400000,2026-09-05 15:30,0.1992,0.19521599999999997,0.19123199999999999,0.20915999999999998,1788601200000,2026-09-05 17:40,0.19123199999999999,止盈,False,False,0.020408163265306034,0.019408163265306033,26,2.1666666666666665,
s=-0.0200|signal,-0.02,signal,CAP_USDT_PERP,做空,1788492000000,2026-09-04 11:20,0.05311,0.0520478,0.0509856,0.0557655,1788492600000,2026-09-04 11:30,0.0509856,止盈,False,False,0.020408163265306145,0.019408163265306144,2,0.16666666666666666,
s=-0.0200|signal,-0.02,signal,CAP_USDT_PERP,做空,1788773100000,2026-09-07 17:25,0.04997,0.0489706,0.0479712,0.0524685,1788779100000,2026-09-07 19:05,0.0479712,止盈,False,False,0.020408163265306256,0.019408163265306255,20,1.6666666666666667,
s=-0.0200|signal,-0.02,signal,CAP_USDT_PERP,做空,1789388700000,2026-09-14 20:25,0.06824,0.0668752,0.0655104,0.071652,1789389000000,2026-09-14 20:30,0.0655104,止盈,False,False,0.020408163265306145,0.019408163265306144,1,0.08333333333333333,
s=-0.0200|signal,-0.02,signal,CASHCAT_USDT_PERP,做空,1789135500000,2026-09-11 22:05,0.1886,0.184828,0.181056,0.19803,1789142100000,2026-09-11 23:55,0.181056,止盈,False,False,0.020408163265306145,0.019408163265306144,22,1.8333333333333333,
s=-0.0200|signal,-0.02,signal,CATI_USDT_PERP,做空,1788447000000,2026-09-03 22:50,0.06712,0.06577759999999999,0.0644352,0.070476,1788453600000,2026-09-04 00:40,0.0644352,止盈,False,False,0.020408163265306034,0.019408163265306033,22,1.8333333333333333,
s=-0.0200|signal,-0.02,signal,CFG_USDT_PERP,做空,1788751800000,2026-09-07 11:30,0.1336,0.130928,0.12825599999999998,0.14028000000000002,1788753000000,2026-09-07 11:50,0.12825599999999998,止盈,False,False,0.020408163265306145,0.019408163265306144,4,0.3333333333333333,
s=-0.0200|signal,-0.02,signal,CHIP_USDT_PERP,做空,1788423300000,2026-09-03 16:15,0.05177,0.0507346,0.04969919999999999,0.0543585,1788434400000,2026-09-03 19:20,0.04969919999999999,止盈,False,False,0.020408163265306256,0.019408163265306255,37,3.0833333333333335,
s=-0.0200|signal,-0.02,signal,CLO_USDT_PERP,做空,1787046900000,2026-08-18 17:55,0.1373,0.134554,0.131808,0.14416500000000002,1787054100000,2026-08-18 19:55,0.14416500000000002,止損,False,False,-0.0714285714285714,-0.0724285714285714,24,2.0,
s=-0.0200|signal,-0.02,signal,CLO_USDT_PERP,做空,1787970000000,2026-08-29 10:20,0.1143,0.112014,0.10972799999999999,0.12001500000000001,1787972400000,2026-08-29 11:00,0.12001500000000001,止損,False,False,-0.0714285714285714,-0.0724285714285714,8,0.6666666666666666,
s=-0.0200|signal,-0.02,signal,CLO_USDT_PERP,做空,1788320100000,2026-09-02 11:35,0.1616,0.15836799999999998,0.155136,0.16968,1788322800000,2026-09-02 12:20,0.16968,止損,False,False,-0.07142857142857162,-0.07242857142857162,9,0.75,
s=-0.0200|signal,-0.02,signal,COLLECT_USDT_PERP,做空,1787230800000,2026-08-20 21:00,0.05943,0.0582414,0.057052799999999994,0.0624015,1787232300000,2026-08-20 21:25,0.0624015,止損,False,False,-0.0714285714285714,-0.0724285714285714,5,0.4166666666666667,
s=-0.0200|signal,-0.02,signal,COLLECT_USDT_PERP,做空,1788603000000,2026-09-05 18:10,0.09433,0.0924434,0.09055679999999999,0.0990465,1788603300000,2026-09-05 18:15,0.09055679999999999,止盈,False,False,0.020408163265306145,0.019408163265306144,1,0.08333333333333333,
s=-0.0200|signal,-0.02,signal,COTI_USDT_PERP,做空,1787342100000,2026-08-22 03:55,0.01225,0.012005,0.01176,0.0128625,1787343000000,2026-08-22 04:10,0.0128625,止損,False,False,-0.0714285714285714,-0.0724285714285714,3,0.25,
s=-0.0200|signal,-0.02,signal,COTI_USDT_PERP,做空,1788690600000,2026-09-06 18:30,0.01845,0.018081,0.017712000000000002,0.0193725,1788694200000,2026-09-06 19:30,0.017712000000000002,止盈,False,False,0.020408163265306034,0.019408163265306033,12,1.0,
s=-0.0200|signal,-0.02,signal,CROSS_USDT_PERP,做空,1786845000000,2026-08-16 09:50,0.10204,0.09999920000000001,0.0979584,0.10714200000000002,1786851900000,2026-08-16 11:45,0.10714200000000002,止損,False,False,-0.0714285714285714,-0.0724285714285714,23,1.9166666666666667,
s=-0.0200|signal,-0.02,signal,CTR_USDT_PERP,做空,1789280700000,2026-09-13 14:25,0.01166,0.0114268,0.0111936,0.012243,1789281000000,2026-09-13 14:30,0.0111936,止盈,False,False,0.020408163265306256,0.019408163265306255,1,0.08333333333333333,
s=-0.0200|signal,-0.02,signal,CTR_USDT_PERP,做空,1789453200000,2026-09-15 14:20,0.01231,0.0120638,0.0118176,0.0129255,1789454400000,2026-09-15 14:40,0.0118176,止盈,False,False,0.020408163265306145,0.019408163265306144,4,0.3333333333333333,
s=-0.0200|signal,-0.02,signal,CYS_USDT_PERP,做空,1789168500000,2026-09-12 07:15,0.1593,0.156114,0.15292799999999998,0.167265,1789170000000,2026-09-12 07:40,0.15292799999999998,止盈,False,False,0.020408163265306256,0.019408163265306255,5,0.4166666666666667,
s=-0.0200|signal,-0.02,signal,DASH_USDT_PERP,做空,1787367600000,2026-08-22 11:00,46.84,45.903200000000005,44.9664,49.182,1787370900000,2026-08-22 11:55,44.9664,止盈,False,False,0.020408163265306256,0.019408163265306255,11,0.9166666666666666,
s=-0.0200|signal,-0.02,signal,DOGS_USDT_PERP,做空,1788200100000,2026-09-01 02:15,4.62e-05,4.5276e-05,4.4352e-05,4.851e-05,1788207600000,2026-09-01 04:20,4.4352e-05,止盈,False,False,0.020408163265306145,0.019408163265306144,25,2.0833333333333335,
s=-0.0200|signal,-0.02,signal,EDEN_USDT_PERP,做空,1786982100000,2026-08-17 23:55,0.05434,0.0532532,0.052166399999999995,0.057057000000000004,1786982700000,2026-08-18 00:05,0.052166399999999995,止盈,False,False,0.020408163265306256,0.019408163265306255,2,0.16666666666666666,
s=-0.0200|signal,-0.02,signal,EDGE_USDT_PERP,做空,1787213100000,2026-08-20 16:05,0.364,0.35672,0.34944,0.3822,1787219700000,2026-08-20 17:55,0.34944,止盈,False,False,0.020408163265306145,0.019408163265306144,22,1.8333333333333333,
s=-0.0200|signal,-0.02,signal,ELSA_USDT_PERP,做空,1788569700000,2026-09-05 08:55,0.05706,0.0559188,0.054777599999999996,0.059913,1788571800000,2026-09-05 09:30,0.054777599999999996,止盈,False,False,0.020408163265306145,0.019408163265306144,7,0.5833333333333334,
s=-0.0200|signal,-0.02,signal,FF_USDT_PERP,做空,1788270000000,2026-09-01 21:40,0.09488,0.0929824,0.09108480000000001,0.099624,1788270600000,2026-09-01 21:50,0.099624,止損,False,False,-0.0714285714285714,-0.0724285714285714,2,0.16666666666666666,
s=-0.0200|signal,-0.02,signal,FF_USDT_PERP,做空,1788274200000,2026-09-01 22:50,0.10179,0.0997542,0.0977184,0.10687950000000002,1788275700000,2026-09-01 23:15,0.0977184,止盈,False,False,0.020408163265306145,0.019408163265306144,5,0.4166666666666667,
s=-0.0200|signal,-0.02,signal,FF_USDT_PERP,做空,1789447800000,2026-09-15 12:50,0.15524,0.1521352,0.14903039999999998,0.163002,1789448100000,2026-09-15 12:55,0.14903039999999998,止盈,False,False,0.020408163265306256,0.019408163265306255,1,0.08333333333333333,
s=-0.0200|signal,-0.02,signal,FHE_USDT_PERP,做空,1786983300000,2026-08-18 00:15,0.03218,0.0315364,0.030892799999999998,0.033789,1786983600000,2026-08-18 00:20,0.030892799999999998,止盈,False,False,0.020408163265306145,0.019408163265306144,1,0.08333333333333333,
s=-0.0200|signal,-0.02,signal,FLUID_USDT_PERP,做空,1787715900000,2026-08-26 11:45,1.535,1.5043,1.4735999999999998,1.61175,1787719200000,2026-08-26 12:40,1.61175,止損,False,False,-0.0714285714285714,-0.0724285714285714,11,0.9166666666666666,
s=-0.0200|signal,-0.02,signal,GPS_USDT_PERP,做空,1786941600000,2026-08-17 12:40,0.014967,0.014667659999999999,0.014368319999999999,0.01571535,1786942800000,2026-08-17 13:00,0.014368319999999999,止盈,False,False,0.020408163265306145,0.019408163265306144,4,0.3333333333333333,
s=-0.0200|signal,-0.02,signal,GRIFFAIN_USDT_PERP,做空,1789197900000,2026-09-12 15:25,0.01287,0.0126126,0.012355199999999998,0.0135135,1789201500000,2026-09-12 16:25,0.0135135,止損,False,False,-0.0714285714285714,-0.0724285714285714,12,1.0,
s=-0.0200|signal,-0.02,signal,GWEI_USDT_PERP,做空,1787277300000,2026-08-21 09:55,0.02519,0.0246862,0.0241824,0.0264495,1787278500000,2026-08-21 10:15,0.0264495,止損,False,False,-0.07142857142857162,-0.07242857142857162,4,0.3333333333333333,
s=-0.0200|signal,-0.02,signal,HAEDAL_USDT_PERP,做空,1788856200000,2026-09-08 16:30,0.02249,0.0220402,0.0215904,0.0236145,1788859800000,2026-09-08 17:30,0.0215904,止盈,False,False,0.020408163265306145,0.019408163265306144,12,1.0,
s=-0.0200|signal,-0.02,signal,HANA_USDT_PERP,做空,1787647500000,2026-08-25 16:45,0.02054,0.0201292,0.019718399999999997,0.021567,1787650200000,2026-08-25 17:30,0.021567,止損,False,False,-0.0714285714285714,-0.0724285714285714,9,0.75,
s=-0.0200|signal,-0.02,signal,HEMI_USDT_PERP,做空,1787831400000,2026-08-27 19:50,0.00913,0.0089474,0.0087648,0.0095865,1787832300000,2026-08-27 20:05,0.0087648,止盈,False,False,0.020408163265306145,0.019408163265306144,3,0.25,
s=-0.0200|signal,-0.02,signal,HEMI_USDT_PERP,做空,1787858400000,2026-08-28 03:20,0.01009,0.0098882,0.0096864,0.0105945,1787864100000,2026-08-28 04:55,0.0096864,止盈,False,False,0.020408163265306145,0.019408163265306144,19,1.5833333333333333,
s=-0.0200|signal,-0.02,signal,HEMI_USDT_PERP,做空,1789403400000,2026-09-15 00:30,0.00705,0.006908999999999999,0.006768,0.0074025,1789403700000,2026-09-15 00:35,0.006768,止盈,False,False,0.020408163265306034,0.019408163265306033,1,0.08333333333333333,
s=-0.0200|signal,-0.02,signal,IDOL_USDT_PERP,做空,1789473300000,2026-09-15 19:55,0.01197,0.011730599999999999,0.0114912,0.0125685,1789473900000,2026-09-15 20:05,0.0114912,止盈,False,False,0.020408163265306034,0.019408163265306033,2,0.16666666666666666,
s=-0.0200|signal,-0.02,signal,IDOL_USDT_PERP,做空,1789478400000,2026-09-15 21:20,0.0114,0.011172,0.010944,0.011970000000000001,1789479000000,2026-09-15 21:30,0.010944,止盈,False,False,0.020408163265306034,0.019408163265306033,2,0.16666666666666666,
s=-0.0200|signal,-0.02,signal,IOST_USDT_PERP,做空,1788763500000,2026-09-07 14:45,0.000892,0.00087416,0.0008563199999999999,0.0009366,1788764100000,2026-09-07 14:55,0.0008563199999999999,止盈,False,False,0.020408163265306256,0.019408163265306255,2,0.16666666666666666,
s=-0.0200|signal,-0.02,signal,KAT_USDT_PERP,做空,1788925200000,2026-09-09 11:40,0.006139,0.00601622,0.00589344,0.006445950000000001,1788926700000,2026-09-09 12:05,0.00589344,止盈,False,False,0.020408163265306145,0.019408163265306144,5,0.4166666666666667,
s=-0.0200|signal,-0.02,signal,KERNEL_USDT_PERP,做空,1787824800000,2026-08-27 18:00,0.04664,0.0457072,0.0447744,0.048972,1787825100000,2026-08-27 18:05,0.0447744,止盈,False,False,0.020408163265306256,0.019408163265306255,1,0.08333333333333333,
s=-0.0200|signal,-0.02,signal,LAB_USDT_PERP,做空,1789122000000,2026-09-11 18:20,0.05873,0.0575554,0.056380799999999995,0.0616665,1789123500000,2026-09-11 18:45,0.0616665,止損,False,False,-0.0714285714285714,-0.0724285714285714,5,0.4166666666666667,
s=-0.0200|signal,-0.02,signal,LAYER_USDT_PERP,做空,1788710400000,2026-09-07 00:00,0.0881,0.086338,0.084576,0.092505,1788711300000,2026-09-07 00:15,0.084576,止盈,False,False,0.020408163265306145,0.019408163265306144,3,0.25,
s=-0.0200|signal,-0.02,signal,LA_USDT_PERP,做空,1788312300000,2026-09-02 09:25,0.06491,0.0636118,0.0623136,0.0681555,1788319200000,2026-09-02 11:20,0.0623136,止盈,False,False,0.020408163265306145,0.019408163265306144,23,1.9166666666666667,
s=-0.0200|signal,-0.02,signal,LIGHT_USDT_PERP,做空,1787730600000,2026-08-26 15:50,0.1766,0.173068,0.169536,0.18543,1787736300000,2026-08-26 17:25,0.169536,止盈,False,False,0.020408163265306145,0.019408163265306144,19,1.5833333333333333,
s=-0.0200|signal,-0.02,signal,LIGHT_USDT_PERP,做空,1787909400000,2026-08-28 17:30,0.2318,0.227164,0.222528,0.24339000000000002,1787911500000,2026-08-28 18:05,0.222528,止盈,False,False,0.020408163265306145,0.019408163265306144,7,0.5833333333333334,
s=-0.0200|signal,-0.02,signal,LSK_USDT_PERP,做空,1787754600000,2026-08-26 22:30,0.112,0.10976,0.10752,0.11760000000000001,1787755200000,2026-08-26 22:40,0.10752,止盈,False,False,0.020408163265306034,0.019408163265306033,2,0.16666666666666666,
s=-0.0200|signal,-0.02,signal,LUNA2_USDT_PERP,做空,1788782700000,2026-09-07 20:05,0.05437,0.0532826,0.0521952,0.05708850000000001,1788784500000,2026-09-07 20:35,0.0521952,止盈,False,False,0.020408163265306145,0.019408163265306144,6,0.5,
s=-0.0200|signal,-0.02,signal,MAGMA_USDT_PERP,做空,1787344200000,2026-08-22 04:30,0.32043,0.3140214,0.30761279999999996,0.3364515,1787347800000,2026-08-22 05:30,0.30761279999999996,止盈,False,False,0.020408163265306256,0.019408163265306255,12,1.0,
s=-0.0200|signal,-0.02,signal,MAGMA_USDT_PERP,做空,1789323300000,2026-09-14 02:15,0.26632,0.2609936,0.2556672,0.279636,1789324500000,2026-09-14 02:35,0.279636,止損,False,False,-0.0714285714285714,-0.0724285714285714,4,0.3333333333333333,
s=-0.0200|signal,-0.02,signal,MANTRA_USDT_PERP,做空,1787903400000,2026-08-28 15:50,0.00476,0.0046648,0.0045696,0.004998000000000001,1787905500000,2026-08-28 16:25,0.0045696,止盈,False,False,0.020408163265306145,0.019408163265306144,7,0.5833333333333334,
s=-0.0200|signal,-0.02,signal,MELANIA_USDT_PERP,做空,1787371800000,2026-08-22 12:10,0.1263,0.123774,0.121248,0.132615,1787373300000,2026-08-22 12:35,0.132615,止損,False,False,-0.07142857142857162,-0.07242857142857162,5,0.4166666666666667,
s=-0.0200|signal,-0.02,signal,MOODENG_USDT_PERP,做空,1788629100000,2026-09-06 01:25,0.04783,0.046873399999999996,0.045916799999999994,0.0502215,1788630300000,2026-09-06 01:45,0.045916799999999994,止盈,False,False,0.020408163265306145,0.019408163265306144,4,0.3333333333333333,
s=-0.0200|signal,-0.02,signal,MOODENG_USDT_PERP,做空,1789621200000,2026-09-17 13:00,0.04393,0.0430514,0.042172799999999996,0.0461265,1789622100000,2026-09-17 13:15,0.042172799999999996,止盈,False,False,0.020408163265306145,0.019408163265306144,3,0.25,
s=-0.0200|signal,-0.02,signal,MOVE_USDT_PERP,做空,1787371500000,2026-08-22 12:05,0.00853,0.0083594,0.0081888,0.0089565,1787374200000,2026-08-22 12:50,0.0089565,止損,False,False,-0.0714285714285714,-0.0724285714285714,9,0.75,
s=-0.0200|signal,-0.02,signal,MOVR_USDT_PERP,做空,1786800000000,2026-08-15 21:20,0.985,0.9652999999999999,0.9456,1.0342500000000001,1786800900000,2026-08-15 21:35,0.9456,止盈,False,False,0.020408163265306034,0.019408163265306033,3,0.25,
s=-0.0200|signal,-0.02,signal,MOVR_USDT_PERP,做空,1787802900000,2026-08-27 11:55,0.799,0.78302,0.76704,0.8389500000000001,1787803500000,2026-08-27 12:05,0.8389500000000001,止損,False,False,-0.0714285714285714,-0.0724285714285714,2,0.16666666666666666,
s=-0.0200|signal,-0.02,signal,MOVR_USDT_PERP,做空,1787807400000,2026-08-27 13:10,0.869,0.8516199999999999,0.83424,0.91245,1787807700000,2026-08-27 13:15,0.83424,止盈,False,False,0.020408163265306034,0.019408163265306033,1,0.08333333333333333,
s=-0.0200|signal,-0.02,signal,MUBARAK_USDT_PERP,做空,1788363600000,2026-09-02 23:40,0.02662,0.026087600000000002,0.0255552,0.027951000000000004,1788364200000,2026-09-02 23:50,0.027951000000000004,止損,False,False,-0.0714285714285714,-0.0724285714285714,2,0.16666666666666666,
s=-0.0200|signal,-0.02,signal,NAORIS_USDT_PERP,做空,1788591000000,2026-09-05 14:50,0.03141,0.0307818,0.0301536,0.0329805,1788592200000,2026-09-05 15:10,0.0301536,止盈,False,False,0.020408163265306145,0.019408163265306144,4,0.3333333333333333,
s=-0.0200|signal,-0.02,signal,NAORIS_USDT_PERP,做空,1788691200000,2026-09-06 18:40,0.03484,0.034143200000000005,0.0334464,0.036582,1788696600000,2026-09-06 20:10,0.036582,止損,False,False,-0.0714285714285714,-0.0724285714285714,18,1.5,
s=-0.0200|signal,-0.02,signal,NOM_USDT_PERP,做空,1788576000000,2026-09-05 10:40,0.001789,0.00175322,0.00171744,0.00187845,1788577200000,2026-09-05 11:00,0.00187845,止損,False,False,-0.0714285714285714,-0.0724285714285714,4,0.3333333333333333,
s=-0.0200|signal,-0.02,signal,NOM_USDT_PERP,做空,1788586800000,2026-09-05 13:40,0.002085,0.0020433,0.0020016,0.0021892500000000002,1788588000000,2026-09-05 14:00,0.0020016,止盈,False,False,0.020408163265306145,0.019408163265306144,4,0.3333333333333333,
s=-0.0200|signal,-0.02,signal,OG_USDT_PERP,做空,1787472300000,2026-08-23 16:05,3.071,3.00958,2.94816,3.2245500000000002,1787474100000,2026-08-23 16:35,2.94816,止盈,False,False,0.020408163265306145,0.019408163265306144,6,0.5,
s=-0.0200|signal,-0.02,signal,ONG_USDT_PERP,做空,1786929900000,2026-08-17 09:25,0.06165,0.060417000000000005,0.059184,0.06473250000000001,1786930200000,2026-08-17 09:30,0.059184,止盈,False,False,0.020408163265306256,0.019408163265306255,1,0.08333333333333333,
s=-0.0200|signal,-0.02,signal,ONG_USDT_PERP,做空,1787232900000,2026-08-20 21:35,0.06947,0.0680806,0.0666912,0.07294350000000001,1787233500000,2026-08-20 21:45,0.07294350000000001,止損,False,False,-0.0714285714285714,-0.0724285714285714,2,0.16666666666666666,
s=-0.0200|signal,-0.02,signal,ONG_USDT_PERP,做空,1787237700000,2026-08-20 22:55,0.08127,0.0796446,0.0780192,0.08533349999999999,1787239800000,2026-08-20 23:30,0.0780192,止盈,False,False,0.020408163265306145,0.019408163265306144,7,0.5833333333333334,
s=-0.0200|signal,-0.02,signal,ONT_USDT_PERP,做空,1787258100000,2026-08-21 04:35,0.0544,0.053312,0.05222399999999999,0.05712,1787258400000,2026-08-21 04:40,0.05712,止損,False,False,-0.0714285714285714,-0.0724285714285714,1,0.08333333333333333,
s=-0.0200|signal,-0.02,signal,ONT_USDT_PERP,做空,1787262000000,2026-08-21 05:40,0.0513,0.050274,0.04924799999999999,0.053865,1787270700000,2026-08-21 08:05,0.04924799999999999,止盈,False,False,0.020408163265306256,0.019408163265306255,29,2.4166666666666665,
s=-0.0200|signal,-0.02,signal,ON_USDT_PERP,做空,1788861900000,2026-09-08 18:05,0.211,0.20678,0.20256,0.22155,1788862800000,2026-09-08 18:20,0.20256,止盈,False,False,0.020408163265306145,0.019408163265306144,3,0.25,
s=-0.0200|signal,-0.02,signal,ORCA_USDT_PERP,做空,1788745800000,2026-09-07 09:50,1.642,1.60916,1.57632,1.7241,1788752400000,2026-09-07 11:40,1.57632,止盈,False,False,0.020408163265306145,0.019408163265306144,22,1.8333333333333333,
s=-0.0200|signal,-0.02,signal,PHA_USDT_PERP,做空,1788972600000,2026-09-10 00:50,0.03342,0.0327516,0.0320832,0.035091,1788973800000,2026-09-10 01:10,0.0320832,止盈,False,False,0.020408163265306145,0.019408163265306144,4,0.3333333333333333,
s=-0.0200|signal,-0.02,signal,PIEVERSE_USDT_PERP,做空,1787306700000,2026-08-21 18:05,1.1295,1.1069099999999998,1.08432,1.185975,1787310300000,2026-08-21 19:05,1.08432,止盈,False,False,0.020408163265306034,0.019408163265306033,12,1.0,
s=-0.0200|signal,-0.02,signal,PIEVERSE_USDT_PERP,做空,1788789300000,2026-09-07 21:55,1.3018,1.2757640000000001,1.249728,1.3668900000000002,1788793800000,2026-09-07 23:10,1.249728,止盈,False,False,0.020408163265306256,0.019408163265306255,15,1.25,
s=-0.0200|signal,-0.02,signal,PIXEL_USDT_PERP,做空,1786865400000,2026-08-16 15:30,0.00611,0.0059878,0.0058655999999999995,0.0064155,1786865700000,2026-08-16 15:35,0.0058655999999999995,止盈,False,False,0.020408163265306145,0.019408163265306144,1,0.08333333333333333,
s=-0.0200|signal,-0.02,signal,PORTAL_USDT_PERP,做空,1786885200000,2026-08-16 21:00,0.01597,0.0156506,0.015331200000000001,0.016768500000000002,1786886400000,2026-08-16 21:20,0.015331200000000001,止盈,False,False,0.020408163265306034,0.019408163265306033,4,0.3333333333333333,
s=-0.0200|signal,-0.02,signal,PORTAL_USDT_PERP,做空,1787544900000,2026-08-24 12:15,0.01602,0.015699599999999998,0.015379199999999999,0.016821,1787545500000,2026-08-24 12:25,0.015379199999999999,止盈,False,False,0.020408163265306034,0.019408163265306033,2,0.16666666666666666,
s=-0.0200|signal,-0.02,signal,PORTAL_USDT_PERP,做空,1787721000000,2026-08-26 13:10,0.01896,0.0185808,0.018201600000000002,0.019908000000000002,1787722200000,2026-08-26 13:30,0.019908000000000002,止損,False,False,-0.0714285714285714,-0.0724285714285714,4,0.3333333333333333,
s=-0.0200|signal,-0.02,signal,PORTAL_USDT_PERP,做空,1788444900000,2026-09-03 22:15,0.01665,0.016317,0.015984,0.0174825,1788445200000,2026-09-03 22:20,0.015984,止盈,False,False,0.020408163265306145,0.019408163265306144,1,0.08333333333333333,
s=-0.0200|signal,-0.02,signal,POWR_USDT_PERP,做空,1789258200000,2026-09-13 08:10,0.06576,0.0644448,0.0631296,0.069048,1789258500000,2026-09-13 08:15,0.069048,止損,False,False,-0.0714285714285714,-0.0724285714285714,1,0.08333333333333333,
s=-0.0200|signal,-0.02,signal,POWR_USDT_PERP,做空,1789263000000,2026-09-13 09:30,0.0824,0.080752,0.079104,0.08652,1789263600000,2026-09-13 09:40,0.079104,止盈,False,False,0.020408163265306256,0.019408163265306255,2,0.16666666666666666,
s=-0.0200|signal,-0.02,signal,POWR_USDT_PERP,做空,1789267800000,2026-09-13 10:50,0.08243,0.0807814,0.0791328,0.0865515,1789268100000,2026-09-13 10:55,0.0791328,止盈,False,False,0.020408163265306145,0.019408163265306144,1,0.08333333333333333,
s=-0.0200|signal,-0.02,signal,PROMPT_USDT_PERP,做空,1788000900000,2026-08-29 18:55,0.02727,0.026724599999999998,0.0261792,0.0286335,1788001200000,2026-08-29 19:00,0.0261792,止盈,False,False,0.020408163265306034,0.019408163265306033,1,0.08333333333333333,
s=-0.0200|signal,-0.02,signal,PROS_USDT_PERP,做空,1788927600000,2026-09-09 12:20,0.5005,0.4904899999999999,0.4804799999999999,0.525525,1788929100000,2026-09-09 12:45,0.525525,止損,False,False,-0.07142857142857162,-0.07242857142857162,5,0.4166666666666667,
s=-0.0200|signal,-0.02,signal,PTB_USDT_PERP,做空,1788529800000,2026-09-04 21:50,0.000816,0.00079968,0.00078336,0.0008568,1788530100000,2026-09-04 21:55,0.00078336,止盈,False,False,0.020408163265306145,0.019408163265306144,1,0.08333333333333333,
s=-0.0200|signal,-0.02,signal,Q_USDT_PERP,做空,1788496200000,2026-09-04 12:30,0.026302,0.025775959999999997,0.02524992,0.0276171,1788496800000,2026-09-04 12:40,0.02524992,止盈,False,False,0.020408163265306034,0.019408163265306033,2,0.16666666666666666,
s=-0.0200|signal,-0.02,signal,RATS_USDT_PERP,做空,1787062500000,2026-08-18 22:15,5.136e-05,5.03328e-05,4.93056e-05,5.3928e-05,1787064900000,2026-08-18 22:55,5.3928e-05,止損,False,False,-0.0714285714285714,-0.0724285714285714,8,0.6666666666666666,
s=-0.0200|signal,-0.02,signal,RAY_USDT_PERP,做空,1788665400000,2026-09-06 11:30,1.109,1.08682,1.06464,1.16445,1788666600000,2026-09-06 11:50,1.16445,止損,False,False,-0.07142857142857162,-0.07242857142857162,4,0.3333333333333333,
s=-0.0200|signal,-0.02,signal,RAY_USDT_PERP,做空,1788670500000,2026-09-06 12:55,1.154,1.13092,1.10784,1.2117,1788676500000,2026-09-06 14:35,1.10784,止盈,False,False,0.020408163265306145,0.019408163265306144,20,1.6666666666666667,
s=-0.0200|signal,-0.02,signal,REZ_USDT_PERP,做空,1789016700000,2026-09-10 13:05,0.00362,0.0035475999999999997,0.0034752,0.003801,1789017600000,2026-09-10 13:20,0.003801,止損,False,False,-0.07142857142857162,-0.07242857142857162,3,0.25,
s=-0.0200|signal,-0.02,signal,REZ_USDT_PERP,做空,1789287600000,2026-09-13 16:20,0.003949,0.00387002,0.0037910400000000003,0.00414645,1789289100000,2026-09-13 16:45,0.0037910400000000003,止盈,False,False,0.020408163265306034,0.019408163265306033,5,0.4166666666666667,
s=-0.0200|signal,-0.02,signal,RE_USDT_PERP,做空,1787158200000,2026-08-20 00:50,0.4973,0.487354,0.477408,0.522165,1787166300000,2026-08-20 03:05,0.522165,止損,False,False,-0.0714285714285714,-0.0724285714285714,27,2.25,
s=-0.0200|signal,-0.02,signal,RE_USDT_PERP,做空,1787363100000,2026-08-22 09:45,0.6057,0.5935860000000001,0.581472,0.635985,1787364600000,2026-08-22 10:10,0.581472,止盈,False,False,0.020408163265306256,0.019408163265306255,5,0.4166666666666667,
s=-0.0200|signal,-0.02,signal,SAGA_USDT_PERP,做空,1789058100000,2026-09-11 00:35,0.01776,0.0174048,0.0170496,0.018648,1789062600000,2026-09-11 01:50,0.0170496,止盈,False,False,0.020408163265306145,0.019408163265306144,15,1.25,
s=-0.0200|signal,-0.02,signal,SIREN_USDT_PERP,做空,1787970900000,2026-08-29 10:35,0.03355,0.032879000000000005,0.032208,0.0352275,1787972700000,2026-08-29 11:05,0.032208,止盈,False,False,0.020408163265306256,0.019408163265306255,6,0.5,
s=-0.0200|signal,-0.02,signal,SKR_USDT_PERP,做空,1787875800000,2026-08-28 08:10,0.011903,0.01166494,0.01142688,0.012498150000000001,1787876700000,2026-08-28 08:25,0.012498150000000001,止損,False,False,-0.0714285714285714,-0.0724285714285714,3,0.25,
s=-0.0200|signal,-0.02,signal,SKR_USDT_PERP,做空,1787880600000,2026-08-28 09:30,0.011993,0.01175314,0.011513279999999999,0.01259265,1787882100000,2026-08-28 09:55,0.01259265,止損,False,False,-0.0714285714285714,-0.0724285714285714,5,0.4166666666666667,
s=-0.0200|signal,-0.02,signal,SKR_USDT_PERP,做空,1788069000000,2026-08-30 13:50,0.013432,0.013163359999999999,0.012894719999999998,0.0141036,1788071700000,2026-08-30 14:35,0.012894719999999998,止盈,False,False,0.020408163265306145,0.019408163265306144,9,0.75,
s=-0.0200|signal,-0.02,signal,SOLV_USDT_PERP,做空,1788684000000,2026-09-06 16:40,0.00374,0.0036652,0.0035903999999999997,0.003927,1788685800000,2026-09-06 17:10,0.003927,止損,False,False,-0.0714285714285714,-0.0724285714285714,6,0.5,
s=-0.0200|signal,-0.02,signal,SPK_USDT_PERP,做空,1787292600000,2026-08-21 14:10,0.01886,0.018482799999999997,0.018105599999999996,0.019802999999999998,1787293200000,2026-08-21 14:20,0.018105599999999996,止盈,False,False,0.020408163265306145,0.019408163265306144,2,0.16666666666666666,
s=-0.0200|signal,-0.02,signal,SPORTFUN_USDT_PERP,做空,1786824600000,2026-08-16 04:10,0.02552,0.0250096,0.0244992,0.026796000000000004,1786825500000,2026-08-16 04:25,0.0244992,止盈,False,False,0.020408163265306145,0.019408163265306144,3,0.25,
s=-0.0200|signal,-0.02,signal,SPORTFUN_USDT_PERP,做空,1786829400000,2026-08-16 05:30,0.02966,0.029066799999999997,0.028473599999999998,0.031143,1786830300000,2026-08-16 05:45,0.031143,止損,False,False,-0.07142857142857162,-0.07242857142857162,3,0.25,
s=-0.0200|signal,-0.02,signal,SPORTFUN_USDT_PERP,做空,1786836000000,2026-08-16 07:20,0.03291,0.032251800000000004,0.0315936,0.0345555,1786838100000,2026-08-16 07:55,0.0315936,止盈,False,False,0.020408163265306256,0.019408163265306255,7,0.5833333333333334,
s=-0.0200|signal,-0.02,signal,SQD_USDT_PERP,做空,1787662500000,2026-08-25 20:55,0.03679,0.0360542,0.0353184,0.038629500000000004,1787664000000,2026-08-25 21:20,0.0353184,止盈,False,False,0.020408163265306145,0.019408163265306144,5,0.4166666666666667,
s=-0.0200|signal,-0.02,signal,SSV_USDT_PERP,做空,1787297100000,2026-08-21 15:25,2.816,2.75968,2.7033599999999995,2.9568,1787298000000,2026-08-21 15:40,2.9568,止損,False,False,-0.0714285714285714,-0.0724285714285714,3,0.25,
s=-0.0200|signal,-0.02,signal,SSV_USDT_PERP,做空,1787301600000,2026-08-21 16:40,2.839,2.78222,2.72544,2.98095,1787316300000,2026-08-21 20:45,2.98095,止損,False,False,-0.0714285714285714,-0.0724285714285714,49,4.083333333333333,
s=-0.0200|signal,-0.02,signal,STABLE_USDT_PERP,做空,1787265000000,2026-08-21 06:30,0.03199,0.031350199999999995,0.030710399999999995,0.0335895,1787283900000,2026-08-21 11:45,0.030710399999999995,止盈,False,False,0.020408163265306145,0.019408163265306144,63,5.25,
s=-0.0200|signal,-0.02,signal,STAR_USDT_PERP,做空,1786962600000,2026-08-17 18:30,0.12102,0.1185996,0.1161792,0.12707100000000002,1786969800000,2026-08-17 20:30,0.12707100000000002,止損,False,False,-0.07142857142857162,-0.07242857142857162,24,2.0,
s=-0.0200|signal,-0.02,signal,STAR_USDT_PERP,做空,1787113200000,2026-08-19 12:20,0.13046,0.1278508,0.12524159999999998,0.136983,1787117400000,2026-08-19 13:30,0.136983,止損,False,False,-0.0714285714285714,-0.0724285714285714,14,1.1666666666666667,
s=-0.0200|signal,-0.02,signal,STAR_USDT_PERP,做空,1787316900000,2026-08-21 20:55,0.16075,0.157535,0.15431999999999998,0.1687875,1787317200000,2026-08-21 21:00,0.15431999999999998,止盈,False,False,0.020408163265306256,0.019408163265306255,1,0.08333333333333333,
s=-0.0200|signal,-0.02,signal,STAR_USDT_PERP,做空,1787565300000,2026-08-24 17:55,0.14315,0.140287,0.137424,0.1503075,1787566500000,2026-08-24 18:15,0.137424,止盈,False,False,0.020408163265306145,0.019408163265306144,4,0.3333333333333333,
s=-0.0200|signal,-0.02,signal,SUPER_USDT_PERP,做空,1787577300000,2026-08-24 21:15,0.1293,0.126714,0.12412799999999999,0.135765,1787577600000,2026-08-24 21:20,0.12412799999999999,止盈,False,False,0.020408163265306145,0.019408163265306144,1,0.08333333333333333,
s=-0.0200|signal,-0.02,signal,SUPER_USDT_PERP,做空,1787581200000,2026-08-24 22:20,0.1344,0.131712,0.129024,0.14112,1787582400000,2026-08-24 22:40,0.129024,止盈,False,False,0.020408163265306145,0.019408163265306144,4,0.3333333333333333,
s=-0.0200|signal,-0.02,signal,SUSHI_USDT_PERP,做空,1788630000000,2026-09-06 01:40,0.2401,0.235298,0.230496,0.252105,1788631200000,2026-09-06 02:00,0.252105,止損,False,False,-0.0714285714285714,-0.0724285714285714,4,0.3333333333333333,
s=-0.0200|signal,-0.02,signal,SUSHI_USDT_PERP,做空,1788636300000,2026-09-06 03:25,0.2775,0.27195,0.2664,0.29137500000000005,1788637200000,2026-09-06 03:40,0.2664,止盈,False,False,0.020408163265306145,0.019408163265306144,3,0.25,
s=-0.0200|signal,-0.02,signal,TAC_USDT_PERP,做空,1787438100000,2026-08-23 06:35,0.001749,0.00171402,0.00167904,0.0018364499999999999,1787438700000,2026-08-23 06:45,0.00167904,止盈,False,False,0.020408163265306145,0.019408163265306144,2,0.16666666666666666,
s=-0.0200|signal,-0.02,signal,TA_USDT_PERP,做空,1789214400000,2026-09-12 20:00,0.06008,0.0588784,0.0576768,0.063084,1789241100000,2026-09-13 03:25,0.0576768,止盈,False,False,0.020408163265306034,0.019408163265306033,89,7.416666666666667,
s=-0.0200|signal,-0.02,signal,TLM_USDT_PERP,做空,1787670300000,2026-08-25 23:05,0.001672,0.00163856,0.00160512,0.0017556000000000002,1787674200000,2026-08-26 00:10,0.00160512,止盈,False,False,0.020408163265306145,0.019408163265306144,13,1.0833333333333333,
s=-0.0200|signal,-0.02,signal,TNSR_USDT_PERP,做空,1788096000000,2026-08-30 21:20,0.04212,0.0412776,0.0404352,0.044226,1788096300000,2026-08-30 21:25,0.0404352,止盈,False,False,0.020408163265306145,0.019408163265306144,1,0.08333333333333333,
s=-0.0200|signal,-0.02,signal,TRADOOR_USDT_PERP,做空,1788592200000,2026-09-05 15:10,0.7411,0.726278,0.711456,0.778155,1788592500000,2026-09-05 15:15,0.778155,止損,True,False,-0.07142857142857162,-0.07242857142857162,1,0.08333333333333333,同一根同時觸發→保守計止損
s=-0.0200|signal,-0.02,signal,TRB_USDT_PERP,做空,1787365800000,2026-08-22 10:30,21.825,21.3885,20.951999999999998,22.91625,1787367600000,2026-08-22 11:00,20.951999999999998,止盈,False,False,0.020408163265306256,0.019408163265306255,6,0.5,
s=-0.0200|signal,-0.02,signal,TREE_USDT_PERP,做空,1787150100000,2026-08-19 22:35,0.04051,0.03969979999999999,0.038889599999999996,0.0425355,1787152500000,2026-08-19 23:15,0.0425355,止損,False,False,-0.07142857142857162,-0.07242857142857162,8,0.6666666666666666,
s=-0.0200|signal,-0.02,signal,TREE_USDT_PERP,做空,1787156100000,2026-08-20 00:15,0.04573,0.0448154,0.0439008,0.048016500000000004,1787157300000,2026-08-20 00:35,0.0439008,止盈,False,False,0.020408163265306145,0.019408163265306144,4,0.3333333333333333,
s=-0.0200|signal,-0.02,signal,TREE_USDT_PERP,做空,1789172400000,2026-09-12 08:20,0.04535,0.044443,0.043536,0.0476175,1789172700000,2026-09-12 08:25,0.043536,止盈,False,False,0.020408163265306256,0.019408163265306255,1,0.08333333333333333,
s=-0.0200|signal,-0.02,signal,TRIA_USDT_PERP,做空,1788495300000,2026-09-04 12:15,0.0049,0.004802,0.004704,0.005145,1788495600000,2026-09-04 12:20,0.004704,止盈,False,False,0.020408163265306145,0.019408163265306144,1,0.08333333333333333,
s=-0.0200|signal,-0.02,signal,TRIA_USDT_PERP,做空,1788503700000,2026-09-04 14:35,0.00525,0.005145,0.00504,0.005512500000000001,1788506400000,2026-09-04 15:20,0.00504,止盈,False,False,0.020408163265306145,0.019408163265306144,9,0.75,
s=-0.0200|signal,-0.02,signal,TRUMP_USDT_PERP,做空,1787175000000,2026-08-20 05:30,1.707,1.67286,1.63872,1.79235,1787181600000,2026-08-20 07:20,1.79235,止損,False,False,-0.0714285714285714,-0.0724285714285714,22,1.8333333333333333,
s=-0.0200|signal,-0.02,signal,US_USDT_PERP,做空,1787325300000,2026-08-21 23:15,0.01978,0.0193844,0.018988799999999997,0.020769,1787325600000,2026-08-21 23:20,0.020769,止損,False,False,-0.0714285714285714,-0.0724285714285714,1,0.08333333333333333,
s=-0.0200|signal,-0.02,signal,US_USDT_PERP,做空,1787329500000,2026-08-22 00:25,0.02225,0.021804999999999998,0.021359999999999997,0.0233625,1787330400000,2026-08-22 00:40,0.0233625,止損,False,False,-0.07142857142857162,-0.07242857142857162,3,0.25,
s=-0.0200|signal,-0.02,signal,WAL_USDT_PERP,做空,1786788900000,2026-08-15 18:15,0.0272,0.026656,0.026111999999999996,0.02856,1786791000000,2026-08-15 18:50,0.026111999999999996,止盈,False,False,0.020408163265306256,0.019408163265306255,7,0.5833333333333334,
s=-0.0200|signal,-0.02,signal,XPIN_USDT_PERP,做空,1786950300000,2026-08-17 15:05,0.001551,0.00151998,0.0014889600000000001,0.00162855,1786951200000,2026-08-17 15:20,0.0014889600000000001,止盈,False,False,0.020408163265306034,0.019408163265306033,3,0.25,
s=-0.0200|signal,-0.02,signal,XPIN_USDT_PERP,做空,1787291700000,2026-08-21 13:55,0.001328,0.0013014399999999998,0.00127488,0.0013944,1787294700000,2026-08-21 14:45,0.00127488,止盈,False,False,0.020408163265306034,0.019408163265306033,10,0.8333333333333334,
s=-0.0200|signal,-0.02,signal,XPIN_USDT_PERP,做空,1789367400000,2026-09-14 14:30,0.000886,0.0008682799999999999,0.0008505599999999999,0.0009303,1789367700000,2026-09-14 14:35,0.0009303,止損,False,False,-0.07142857142857162,-0.07242857142857162,1,0.08333333333333333,
s=-0.0200|signal,-0.02,signal,XVG_USDT_PERP,做空,1787370900000,2026-08-22 11:55,0.002919,0.00286062,0.00280224,0.0030649500000000003,1787371500000,2026-08-22 12:05,0.00280224,止盈,False,False,0.020408163265306034,0.019408163265306033,2,0.16666666666666666,
s=-0.0200|signal,-0.02,signal,ZEST_USDT_PERP,做空,1787740800000,2026-08-26 18:40,0.16483,0.1615334,0.1582368,0.17307150000000002,1787743500000,2026-08-26 19:25,0.1582368,止盈,False,False,0.020408163265306034,0.019408163265306033,9,0.75,
s=-0.0200|signal,-0.02,signal,ZEST_USDT_PERP,做空,1788426900000,2026-09-03 17:15,0.15617,0.1530466,0.1499232,0.1639785,1788427200000,2026-09-03 17:20,0.1639785,止損,True,False,-0.0714285714285714,-0.0724285714285714,1,0.08333333333333333,同一根同時觸發→保守計止損
s=-0.0200|signal,-0.02,signal,ZEST_USDT_PERP,做空,1788433500000,2026-09-03 19:05,0.14801,0.1450498,0.1420896,0.1554105,1788454200000,2026-09-04 00:50,0.1554105,止損,False,False,-0.0714285714285714,-0.0724285714285714,69,5.75,
s=-0.0200|signal,-0.02,signal,ZKC_USDT_PERP,做空,1788061500000,2026-08-30 11:45,0.049,0.04802,0.04704,0.05145,1788062100000,2026-08-30 11:55,0.04704,止盈,False,False,0.020408163265306145,0.019408163265306144,2,0.16666666666666666,
s=-0.0200|signal,-0.02,signal,ZKC_USDT_PERP,做空,1788076200000,2026-08-30 15:50,0.0528,0.051744,0.050688,0.05544,1788081600000,2026-08-30 17:20,0.05544,止損,False,False,-0.07142857142857162,-0.07242857142857162,18,1.5,
s=-0.0200|signal,-0.02,signal,ZKP_USDT_PERP,做空,1788017400000,2026-08-29 23:30,0.05268,0.051626399999999996,0.050572799999999994,0.055314,1788018000000,2026-08-29 23:40,0.050572799999999994,止盈,False,False,0.020408163265306145,0.019408163265306144,2,0.16666666666666666,
s=-0.0200|signal,-0.02,signal,ZORA_USDT_PERP,做空,1787316300000,2026-08-21 20:45,0.00687,0.0067326,0.0065952,0.0072135,1787317200000,2026-08-21 21:00,0.0072135,止損,False,False,-0.0714285714285714,-0.0724285714285714,3,0.25,
s=-0.0200|signal,-0.02,signal,ZORA_USDT_PERP,做空,1787321100000,2026-08-21 22:05,0.00706,0.0069188,0.0067776,0.007413,1787323200000,2026-08-21 22:40,0.0067776,止盈,False,False,0.020408163265306145,0.019408163265306144,7,0.5833333333333334,
s=-0.0200|signal,-0.02,signal,ZORA_USDT_PERP,做空,1788124200000,2026-08-31 05:10,0.00815,0.007987,0.007824,0.0085575,1788124800000,2026-08-31 05:20,0.0085575,止損,False,False,-0.0714285714285714,-0.0724285714285714,2,0.16666666666666666,
s=-0.0200|signal,-0.02,signal,ZRO_USDT_PERP,做空,1787665200000,2026-08-25 21:40,1.2411,1.216278,1.191456,1.303155,1787665800000,2026-08-25 21:50,1.191456,止盈,False,False,0.020408163265306034,0.019408163265306033,2,0.16666666666666666,
s=-0.0200|signal,-0.02,signal,ZRO_USDT_PERP,做空,1787669700000,2026-08-25 22:55,1.2125,1.1882499999999998,1.164,1.273125,1787670900000,2026-08-25 23:15,1.164,止盈,False,False,0.020408163265306034,0.019408163265306033,4,0.3333333333333333,
s=-0.0200|signal,-0.02,signal,哈基米_USDT_PERP,做空,1789068300000,2026-09-11 03:25,0.03622,0.0354956,0.0347712,0.038031,1789069500000,2026-09-11 03:45,0.038031,止損,False,False,-0.0714285714285714,-0.0724285714285714,4,0.3333333333333333,
s=-0.0200|signal,-0.02,signal,哈基米_USDT_PERP,做空,1789098300000,2026-09-11 11:45,0.0411,0.040277999999999994,0.039456,0.043155,1789099500000,2026-09-11 12:05,0.039456,止盈,False,False,0.020408163265306034,0.019408163265306033,4,0.3333333333333333,
s=-0.0200|signal,-0.02,signal,哈基米_USDT_PERP,做空,1789103100000,2026-09-11 13:05,0.04118,0.0403564,0.0395328,0.04323900000000001,1789103700000,2026-09-11 13:15,0.0395328,止盈,False,False,0.020408163265306145,0.019408163265306144,2,0.16666666666666666,
s=-0.0200|signal,-0.02,signal,我踏马来了_USDT_PERP,做空,1788010200000,2026-08-29 21:30,0.014341,0.01405418,0.01376736,0.01505805,1788010500000,2026-08-29 21:35,0.01376736,止盈,False,False,0.020408163265306145,0.019408163265306144,1,0.08333333333333333,
s=-0.0200|signal,-0.02,signal,我踏马来了_USDT_PERP,做空,1789083600000,2026-09-11 07:40,0.012087,0.01184526,0.01160352,0.01269135,1789094100000,2026-09-11 10:35,0.01269135,止損,False,False,-0.0714285714285714,-0.0724285714285714,35,2.9166666666666665,
s=-0.0200|signal,-0.02,signal,我踏马来了_USDT_PERP,做空,1789190100000,2026-09-12 13:15,0.015,0.0147,0.0144,0.01575,1789190400000,2026-09-12 13:20,0.0144,止盈,False,False,0.020408163265306145,0.019408163265306144,1,0.08333333333333333,
s=-0.0200|fill,-0.02,fill,0G_USDT_PERP,做空,1788174300000,2026-08-31 19:05,0.2285,0.22393000000000002,0.21497280000000002,0.23512650000000002,1788178200000,2026-08-31 20:10,0.21497280000000002,止盈,False,False,0.040000000000000036,0.039000000000000035,13,1.0833333333333333,
s=-0.0200|fill,-0.02,fill,4_USDT_PERP,做空,1787999100000,2026-08-29 18:25,0.01703,0.0166894,0.016021824,0.01752387,1788000600000,2026-08-29 18:50,0.016021824,止盈,False,False,0.039999999999999925,0.038999999999999924,5,0.4166666666666667,
s=-0.0200|fill,-0.02,fill,4_USDT_PERP,做空,1788539700000,2026-09-05 00:35,0.01808,0.0177184,0.017009663999999997,0.01860432,1788540300000,2026-09-05 00:45,0.01860432,止損,False,False,-0.050000000000000044,-0.051000000000000045,2,0.16666666666666666,
s=-0.0200|fill,-0.02,fill,4_USDT_PERP,做空,1788544500000,2026-09-05 01:55,0.02088,0.0204624,0.019643903999999997,0.02148552,1788545400000,2026-09-05 02:10,0.02148552,止損,False,False,-0.050000000000000044,-0.051000000000000045,3,0.25,
s=-0.0200|fill,-0.02,fill,4_USDT_PERP,做空,1788549000000,2026-09-05 03:10,0.02248,0.0220304,0.021149183999999998,0.02313192,1788552600000,2026-09-05 04:10,0.02313192,止損,False,False,-0.050000000000000044,-0.051000000000000045,12,1.0,
s=-0.0200|fill,-0.02,fill,4_USDT_PERP,做空,1788777900000,2026-09-07 18:45,0.02664,0.0261072,0.025062912,0.027412560000000002,1788779100000,2026-09-07 19:05,0.025062912,止盈,False,False,0.040000000000000036,0.039000000000000035,4,0.3333333333333333,
s=-0.0200|fill,-0.02,fill,ACE_USDT_PERP,做空,1788265800000,2026-09-01 20:30,0.18806,0.1842988,0.176926848,0.19351374000000002,1788266700000,2026-09-01 20:45,0.176926848,止盈,False,False,0.040000000000000036,0.039000000000000035,3,0.25,
s=-0.0200|fill,-0.02,fill,AGT_USDT_PERP,做空,1788193800000,2026-09-01 00:30,0.017237,0.01689226,0.016216569599999998,0.017736873,1788221400000,2026-09-01 08:10,0.016216569599999998,止盈,False,False,0.040000000000000036,0.039000000000000035,92,7.666666666666667,
s=-0.0200|fill,-0.02,fill,AGT_USDT_PERP,做空,1788236400000,2026-09-01 12:20,0.018968,0.01858864,0.0178450944,0.019518072,1788236700000,2026-09-01 12:25,0.0178450944,止盈,False,False,0.039999999999999925,0.038999999999999924,1,0.08333333333333333,
s=-0.0200|fill,-0.02,fill,AIN_USDT_PERP,做空,1789365000000,2026-09-14 13:50,0.10972,0.1075256,0.103224576,0.11290188000000001,1789365600000,2026-09-14 14:00,0.103224576,止盈,False,False,0.040000000000000036,0.039000000000000035,2,0.16666666666666666,
s=-0.0200|fill,-0.02,fill,AIN_USDT_PERP,做空,1789369200000,2026-09-14 15:00,0.10454,0.10244919999999999,0.09835123199999998,0.10757166,1789371000000,2026-09-14 15:30,0.09835123199999998,止盈,False,False,0.040000000000000036,0.039000000000000035,6,0.5,
s=-0.0200|fill,-0.02,fill,ALCH_USDT_PERP,做空,1787734500000,2026-08-26 16:55,0.03262,0.031967600000000006,0.030688896000000004,0.03356598000000001,1787736000000,2026-08-26 17:20,0.030688896000000004,止盈,False,False,0.040000000000000036,0.039000000000000035,5,0.4166666666666667,
s=-0.0200|fill,-0.02,fill,ANIME_USDT_PERP,做空,1789024500000,2026-09-10 15:15,0.003552,0.00348096,0.0033417216,0.003655008,1789025700000,2026-09-10 15:35,0.0033417216,止盈,False,False,0.040000000000000036,0.039000000000000035,4,0.3333333333333333,
s=-0.0200|fill,-0.02,fill,APR_USDT_PERP,做空,1787060700000,2026-08-18 21:45,0.2187,0.214326,0.20575295999999998,0.2250423,1787062800000,2026-08-18 22:20,0.20575295999999998,止盈,False,False,0.040000000000000036,0.039000000000000035,7,0.5833333333333334,
s=-0.0200|fill,-0.02,fill,APR_USDT_PERP,做空,1788454200000,2026-09-04 00:50,0.269,0.26362,0.2530752,0.276801,1788454500000,2026-09-04 00:55,0.2530752,止盈,False,False,0.040000000000000036,0.039000000000000035,1,0.08333333333333333,
s=-0.0200|fill,-0.02,fill,APR_USDT_PERP,做空,1788463200000,2026-09-04 03:20,0.2691,0.263718,0.25316928,0.27690390000000004,1788463500000,2026-09-04 03:25,0.27690390000000004,止損,False,False,-0.050000000000000044,-0.051000000000000045,1,0.08333333333333333,
s=-0.0200|fill,-0.02,fill,APR_USDT_PERP,做空,1788468300000,2026-09-04 04:45,0.27595,0.270431,0.25961375999999997,0.28395254999999997,1788475800000,2026-09-04 06:50,0.25961375999999997,止盈,False,False,0.040000000000000036,0.039000000000000035,25,2.0833333333333335,
s=-0.0200|fill,-0.02,fill,ASTR_USDT_PERP,做空,1789434300000,2026-09-15 09:05,0.006865,0.0067277,0.006458591999999999,0.007064085,1789434600000,2026-09-15 09:10,0.007064085,止損,False,False,-0.050000000000000044,-0.051000000000000045,1,0.08333333333333333,
s=-0.0200|fill,-0.02,fill,ASTR_USDT_PERP,做空,1789438800000,2026-09-15 10:20,0.007216,0.00707168,0.0067888128,0.007425264000000001,1789439100000,2026-09-15 10:25,0.007425264000000001,止損,False,False,-0.050000000000000044,-0.051000000000000045,1,0.08333333333333333,
s=-0.0200|fill,-0.02,fill,AXL_USDT_PERP,做空,1789452900000,2026-09-15 14:15,0.0529,0.051842,0.04976832,0.0544341,1789454700000,2026-09-15 14:45,0.04976832,止盈,False,False,0.040000000000000036,0.039000000000000035,6,0.5,
s=-0.0200|fill,-0.02,fill,BAND_USDT_PERP,做空,1788025200000,2026-08-30 01:40,0.201,0.19698000000000002,0.1891008,0.206829,1788028800000,2026-08-30 02:40,0.1891008,止盈,False,False,0.040000000000000036,0.039000000000000035,12,1.0,
s=-0.0200|fill,-0.02,fill,BAS_USDT_PERP,做空,1787743500000,2026-08-26 19:25,0.026397,0.02586906,0.0248342976,0.027162513,1787756700000,2026-08-26 23:05,0.0248342976,止盈,False,False,0.040000000000000036,0.039000000000000035,44,3.6666666666666665,
s=-0.0200|fill,-0.02,fill,BAS_USDT_PERP,做空,1787912100000,2026-08-28 18:15,0.032049,0.03140802,0.0301516992,0.032978421,1787912400000,2026-08-28 18:20,0.032978421,止損,False,False,-0.050000000000000044,-0.051000000000000045,1,0.08333333333333333,
s=-0.0200|fill,-0.02,fill,BB_USDT_PERP,做空,1787304300000,2026-08-21 17:25,0.01309,0.0128282,0.012315072,0.01346961,1787304600000,2026-08-21 17:30,0.01346961,止損,False,False,-0.050000000000000044,-0.051000000000000045,1,0.08333333333333333,
s=-0.0200|fill,-0.02,fill,BEAMX_USDT_PERP,做空,1787821200000,2026-08-27 17:00,0.002139,0.0020962199999999998,0.0020123712,0.002201031,1787822400000,2026-08-27 17:20,0.0020123712,止盈,False,False,0.039999999999999925,0.038999999999999924,4,0.3333333333333333,
s=-0.0200|fill,-0.02,fill,BICO_USDT_PERP,做空,1787745600000,2026-08-26 20:00,0.02381,0.023333800000000002,0.022400448,0.024500490000000003,1787747400000,2026-08-26 20:30,0.022400448,止盈,False,False,0.040000000000000036,0.039000000000000035,6,0.5,
s=-0.0200|fill,-0.02,fill,BICO_USDT_PERP,做空,1787757900000,2026-08-26 23:25,0.02631,0.0257838,0.024752448,0.02707299,1787758500000,2026-08-26 23:35,0.02707299,止損,False,False,-0.050000000000000044,-0.051000000000000045,2,0.16666666666666666,
s=-0.0200|fill,-0.02,fill,BLESS_USDT_PERP,做空,1787321700000,2026-08-21 22:15,0.00862,0.0084476,0.008109696,0.00886998,1787322300000,2026-08-21 22:25,0.008109696,止盈,False,False,0.040000000000000036,0.039000000000000035,2,0.16666666666666666,
s=-0.0200|fill,-0.02,fill,BLUR_USDT_PERP,做空,1789140000000,2026-09-11 23:20,0.02085,0.020433,0.01961568,0.021454650000000002,1789143300000,2026-09-12 00:15,0.01961568,止盈,False,False,0.040000000000000036,0.039000000000000035,11,0.9166666666666666,
s=-0.0200|fill,-0.02,fill,BR_USDT_PERP,做空,1789358100000,2026-09-14 11:55,0.36686,0.35952280000000003,0.345141888,0.37749894000000006,1789358400000,2026-09-14 12:00,0.37749894000000006,止損,False,False,-0.050000000000000044,-0.051000000000000045,1,0.08333333333333333,
s=-0.0200|fill,-0.02,fill,BTR_USDT_PERP,做空,1787553000000,2026-08-24 14:30,0.03322,0.0325556,0.031253376,0.03418338,1787553900000,2026-08-24 14:45,0.03418338,止損,False,False,-0.050000000000000044,-0.051000000000000045,3,0.25,
s=-0.0200|fill,-0.02,fill,BTR_USDT_PERP,做空,1787557800000,2026-08-24 15:50,0.03466,0.033966800000000005,0.03260812800000001,0.035665140000000005,1787558400000,2026-08-24 16:00,0.035665140000000005,止損,False,False,-0.050000000000000044,-0.051000000000000045,2,0.16666666666666666,
s=-0.0200|fill,-0.02,fill,BTR_USDT_PERP,做空,1787716800000,2026-08-26 12:00,0.04071,0.0398958,0.038299968000000004,0.041890590000000005,1787717100000,2026-08-26 12:05,0.041890590000000005,止損,False,False,-0.050000000000000044,-0.051000000000000045,1,0.08333333333333333,
s=-0.0200|fill,-0.02,fill,BTW_USDT_PERP,做空,1789302300000,2026-09-13 20:25,0.699394,0.6854061199999999,0.6579898751999999,0.7196764259999999,1789302900000,2026-09-13 20:35,0.7196764259999999,止損,False,False,-0.050000000000000044,-0.051000000000000045,2,0.16666666666666666,
s=-0.0200|fill,-0.02,fill,BULLA_USDT_PERP,做空,1787003400000,2026-08-18 05:50,0.02062,0.0202076,0.019399296,0.02121798,1787004300000,2026-08-18 06:05,0.019399296,止盈,False,False,0.039999999999999925,0.038999999999999924,3,0.25,
s=-0.0200|fill,-0.02,fill,B_USDT_PERP,做空,1788589500000,2026-09-05 14:25,0.2168,0.212464,0.20396543999999997,0.22308719999999999,1788589800000,2026-09-05 14:30,0.20396543999999997,止盈,False,False,0.040000000000000036,0.039000000000000035,1,0.08333333333333333,
s=-0.0200|fill,-0.02,fill,B_USDT_PERP,做空,1788593400000,2026-09-05 15:30,0.1992,0.19521599999999997,0.18740735999999997,0.2049768,1788601200000,2026-09-05 17:40,0.18740735999999997,止盈,False,False,0.040000000000000036,0.039000000000000035,26,2.1666666666666665,
s=-0.0200|fill,-0.02,fill,CAP_USDT_PERP,做空,1788492000000,2026-09-04 11:20,0.05311,0.0520478,0.04996588799999999,0.05465019,1788492900000,2026-09-04 11:35,0.04996588799999999,止盈,False,False,0.04000000000000015,0.039000000000000146,3,0.25,
s=-0.0200|fill,-0.02,fill,CAP_USDT_PERP,做空,1788773100000,2026-09-07 17:25,0.04997,0.0489706,0.047011776,0.05141913000000001,1788780000000,2026-09-07 19:20,0.047011776,止盈,False,False,0.04000000000000015,0.039000000000000146,23,1.9166666666666667,
s=-0.0200|fill,-0.02,fill,CAP_USDT_PERP,做空,1789388700000,2026-09-14 20:25,0.06824,0.0668752,0.06420019199999999,0.07021896,1789389000000,2026-09-14 20:30,0.06420019199999999,止盈,False,False,0.04000000000000015,0.039000000000000146,1,0.08333333333333333,
s=-0.0200|fill,-0.02,fill,CASHCAT_USDT_PERP,做空,1789135500000,2026-09-11 22:05,0.1886,0.184828,0.17743488,0.1940694,1789137300000,2026-09-11 22:35,0.1940694,止損,False,False,-0.050000000000000044,-0.051000000000000045,6,0.5,
s=-0.0200|fill,-0.02,fill,CATI_USDT_PERP,做空,1788447000000,2026-09-03 22:50,0.06712,0.06577759999999999,0.063146496,0.06906648,1788453600000,2026-09-04 00:40,0.063146496,止盈,False,False,0.039999999999999925,0.038999999999999924,22,1.8333333333333333,
s=-0.0200|fill,-0.02,fill,CFG_USDT_PERP,做空,1788751800000,2026-09-07 11:30,0.1336,0.130928,0.12569087999999998,0.1374744,1788754800000,2026-09-07 12:20,0.12569087999999998,止盈,False,False,0.04000000000000015,0.039000000000000146,10,0.8333333333333334,
s=-0.0200|fill,-0.02,fill,CHIP_USDT_PERP,做空,1788423300000,2026-09-03 16:15,0.05177,0.0507346,0.048705215999999996,0.05327133,1788426900000,2026-09-03 17:15,0.05327133,止損,False,False,-0.050000000000000044,-0.051000000000000045,12,1.0,
s=-0.0200|fill,-0.02,fill,CLO_USDT_PERP,做空,1787046900000,2026-08-18 17:55,0.1373,0.134554,0.12917184,0.1412817,1787048400000,2026-08-18 18:20,0.1412817,止損,False,False,-0.050000000000000044,-0.051000000000000045,5,0.4166666666666667,
s=-0.0200|fill,-0.02,fill,CLO_USDT_PERP,做空,1787970000000,2026-08-29 10:20,0.1143,0.112014,0.10753344,0.1176147,1787971200000,2026-08-29 10:40,0.1176147,止損,False,False,-0.050000000000000044,-0.051000000000000045,4,0.3333333333333333,
s=-0.0200|fill,-0.02,fill,CLO_USDT_PERP,做空,1788320100000,2026-09-02 11:35,0.1616,0.15836799999999998,0.15203327999999997,0.1662864,1788321000000,2026-09-02 11:50,0.1662864,止損,False,False,-0.050000000000000044,-0.051000000000000045,3,0.25,
s=-0.0200|fill,-0.02,fill,COLLECT_USDT_PERP,做空,1787230800000,2026-08-20 21:00,0.05943,0.0582414,0.055911744,0.06115347,1787231100000,2026-08-20 21:05,0.06115347,止損,False,False,-0.050000000000000044,-0.051000000000000045,1,0.08333333333333333,
s=-0.0200|fill,-0.02,fill,COLLECT_USDT_PERP,做空,1788603000000,2026-09-05 18:10,0.09433,0.0924434,0.08874566399999999,0.09706557,1788603300000,2026-09-05 18:15,0.08874566399999999,止盈,False,False,0.040000000000000036,0.039000000000000035,1,0.08333333333333333,
s=-0.0200|fill,-0.02,fill,COTI_USDT_PERP,做空,1787342100000,2026-08-22 03:55,0.01225,0.012005,0.0115248,0.01260525,1787343000000,2026-08-22 04:10,0.01260525,止損,False,False,-0.050000000000000044,-0.051000000000000045,3,0.25,
s=-0.0200|fill,-0.02,fill,COTI_USDT_PERP,做空,1788690600000,2026-09-06 18:30,0.01845,0.018081,0.01735776,0.01898505,1788691500000,2026-09-06 18:45,0.01898505,止損,False,False,-0.050000000000000044,-0.051000000000000045,3,0.25,
s=-0.0200|fill,-0.02,fill,CROSS_USDT_PERP,做空,1786845000000,2026-08-16 09:50,0.10204,0.09999920000000001,0.095999232,0.10499916000000002,1786851600000,2026-08-16 11:40,0.10499916000000002,止損,False,False,-0.050000000000000044,-0.051000000000000045,22,1.8333333333333333,
s=-0.0200|fill,-0.02,fill,CTR_USDT_PERP,做空,1789280700000,2026-09-13 14:25,0.01166,0.0114268,0.010969728,0.011998140000000001,1789281000000,2026-09-13 14:30,0.011998140000000001,止損,False,False,-0.050000000000000044,-0.051000000000000045,1,0.08333333333333333,
s=-0.0200|fill,-0.02,fill,CTR_USDT_PERP,做空,1789453200000,2026-09-15 14:20,0.01231,0.0120638,0.011581247999999999,0.01266699,1789454400000,2026-09-15 14:40,0.01266699,止損,False,False,-0.050000000000000044,-0.051000000000000045,4,0.3333333333333333,
s=-0.0200|fill,-0.02,fill,CYS_USDT_PERP,做空,1789168500000,2026-09-12 07:15,0.1593,0.156114,0.14986944,0.1639197,1789171500000,2026-09-12 08:05,0.14986944,止盈,False,False,0.040000000000000036,0.039000000000000035,10,0.8333333333333334,
s=-0.0200|fill,-0.02,fill,DASH_USDT_PERP,做空,1787367600000,2026-08-22 11:00,46.84,45.903200000000005,44.067072,48.19836000000001,1787375100000,2026-08-22 13:05,44.067072,止盈,False,False,0.040000000000000036,0.039000000000000035,25,2.0833333333333335,
s=-0.0200|fill,-0.02,fill,DOGS_USDT_PERP,做空,1788200100000,2026-09-01 02:15,4.62e-05,4.5276e-05,4.3464959999999995e-05,4.75398e-05,1788213600000,2026-09-01 06:00,4.3464959999999995e-05,止盈,False,False,0.040000000000000036,0.039000000000000035,45,3.75,
s=-0.0200|fill,-0.02,fill,EDEN_USDT_PERP,做空,1786982100000,2026-08-17 23:55,0.05434,0.0532532,0.051123072,0.055915860000000005,1786983600000,2026-08-18 00:20,0.051123072,止盈,False,False,0.040000000000000036,0.039000000000000035,5,0.4166666666666667,
s=-0.0200|fill,-0.02,fill,EDGE_USDT_PERP,做空,1787213100000,2026-08-20 16:05,0.364,0.35672,0.34245119999999996,0.374556,1787220300000,2026-08-20 18:05,0.34245119999999996,止盈,False,False,0.040000000000000036,0.039000000000000035,24,2.0,
s=-0.0200|fill,-0.02,fill,ELSA_USDT_PERP,做空,1788569700000,2026-09-05 08:55,0.05706,0.0559188,0.053682047999999996,0.05871474,1788572100000,2026-09-05 09:35,0.053682047999999996,止盈,False,False,0.040000000000000036,0.039000000000000035,8,0.6666666666666666,
s=-0.0200|fill,-0.02,fill,FF_USDT_PERP,做空,1788270000000,2026-09-01 21:40,0.09488,0.0929824,0.08926310400000001,0.09763152000000001,1788270600000,2026-09-01 21:50,0.09763152000000001,止損,False,False,-0.050000000000000044,-0.051000000000000045,2,0.16666666666666666,
s=-0.0200|fill,-0.02,fill,FF_USDT_PERP,做空,1788274200000,2026-09-01 22:50,0.10179,0.0997542,0.095764032,0.10474191000000001,1788275700000,2026-09-01 23:15,0.095764032,止盈,False,False,0.040000000000000036,0.039000000000000035,5,0.4166666666666667,
s=-0.0200|fill,-0.02,fill,FF_USDT_PERP,做空,1789447800000,2026-09-15 12:50,0.15524,0.1521352,0.14604979199999998,0.15974196000000002,1789448100000,2026-09-15 12:55,0.14604979199999998,止盈,False,False,0.04000000000000015,0.039000000000000146,1,0.08333333333333333,
s=-0.0200|fill,-0.02,fill,FHE_USDT_PERP,做空,1786983300000,2026-08-18 00:15,0.03218,0.0315364,0.030274943999999998,0.03311322,1786984800000,2026-08-18 00:40,0.030274943999999998,止盈,False,False,0.040000000000000036,0.039000000000000035,5,0.4166666666666667,
s=-0.0200|fill,-0.02,fill,FLUID_USDT_PERP,做空,1787715900000,2026-08-26 11:45,1.535,1.5043,1.4441279999999999,1.579515,1787716800000,2026-08-26 12:00,1.579515,止損,False,False,-0.050000000000000044,-0.051000000000000045,3,0.25,
s=-0.0200|fill,-0.02,fill,FLUID_USDT_PERP,做空,1787720400000,2026-08-26 13:00,1.554,1.52292,1.4620032,1.599066,1787734500000,2026-08-26 16:55,1.4620032,止盈,False,False,0.040000000000000036,0.039000000000000035,47,3.9166666666666665,
s=-0.0200|fill,-0.02,fill,GPS_USDT_PERP,做空,1786941600000,2026-08-17 12:40,0.014967,0.014667659999999999,0.014080953599999998,0.015401043,1786944900000,2026-08-17 13:35,0.015401043,止損,False,False,-0.050000000000000044,-0.051000000000000045,11,0.9166666666666666,
s=-0.0200|fill,-0.02,fill,GRIFFAIN_USDT_PERP,做空,1789197900000,2026-09-12 15:25,0.01287,0.0126126,0.012108095999999999,0.01324323,1789199100000,2026-09-12 15:45,0.01324323,止損,False,False,-0.050000000000000044,-0.051000000000000045,4,0.3333333333333333,
s=-0.0200|fill,-0.02,fill,GRIFFAIN_USDT_PERP,做空,1789202700000,2026-09-12 16:45,0.01472,0.0144256,0.013848576,0.015146880000000001,1789203900000,2026-09-12 17:05,0.013848576,止盈,False,False,0.040000000000000036,0.039000000000000035,4,0.3333333333333333,
s=-0.0200|fill,-0.02,fill,GWEI_USDT_PERP,做空,1787277300000,2026-08-21 09:55,0.02519,0.0246862,0.023698751999999997,0.02592051,1787278200000,2026-08-21 10:10,0.02592051,止損,False,False,-0.050000000000000044,-0.051000000000000045,3,0.25,
s=-0.0200|fill,-0.02,fill,HAEDAL_USDT_PERP,做空,1788856200000,2026-09-08 16:30,0.02249,0.0220402,0.021158591999999997,0.02314221,1788856800000,2026-09-08 16:40,0.02314221,止損,False,False,-0.050000000000000044,-0.051000000000000045,2,0.16666666666666666,
s=-0.0200|fill,-0.02,fill,HANA_USDT_PERP,做空,1787647500000,2026-08-25 16:45,0.02054,0.0201292,0.019324031999999998,0.02113566,1787650200000,2026-08-25 17:30,0.02113566,止損,False,False,-0.050000000000000044,-0.051000000000000045,9,0.75,
s=-0.0200|fill,-0.02,fill,HEMI_USDT_PERP,做空,1787831400000,2026-08-27 19:50,0.00913,0.0089474,0.008589504,0.00939477,1787837100000,2026-08-27 21:25,0.008589504,止盈,False,False,0.040000000000000036,0.039000000000000035,19,1.5833333333333333,
s=-0.0200|fill,-0.02,fill,HEMI_USDT_PERP,做空,1787858400000,2026-08-28 03:20,0.01009,0.0098882,0.009492671999999999,0.01038261,1787864100000,2026-08-28 04:55,0.009492671999999999,止盈,False,False,0.04000000000000015,0.039000000000000146,19,1.5833333333333333,
s=-0.0200|fill,-0.02,fill,HEMI_USDT_PERP,做空,1789403400000,2026-09-15 00:30,0.00705,0.006908999999999999,0.0066326399999999995,0.00725445,1789408500000,2026-09-15 01:55,0.0066326399999999995,止盈,False,False,0.039999999999999925,0.038999999999999924,17,1.4166666666666667,
s=-0.0200|fill,-0.02,fill,IDOL_USDT_PERP,做空,1789473300000,2026-09-15 19:55,0.01197,0.011730599999999999,0.011261375999999998,0.012317129999999999,1789473600000,2026-09-15 20:00,0.012317129999999999,止損,False,False,-0.050000000000000044,-0.051000000000000045,1,0.08333333333333333,
s=-0.0200|fill,-0.02,fill,IDOL_USDT_PERP,做空,1789478400000,2026-09-15 21:20,0.0114,0.011172,0.01072512,0.0117306,1789479000000,2026-09-15 21:30,0.01072512,止盈,False,False,0.040000000000000036,0.039000000000000035,2,0.16666666666666666,
s=-0.0200|fill,-0.02,fill,IOST_USDT_PERP,做空,1788763500000,2026-09-07 14:45,0.000892,0.00087416,0.0008391936,0.0009178680000000001,1788766800000,2026-09-07 15:40,0.0008391936,止盈,False,False,0.040000000000000036,0.039000000000000035,11,0.9166666666666666,
s=-0.0200|fill,-0.02,fill,KAT_USDT_PERP,做空,1788925200000,2026-09-09 11:40,0.006139,0.00601622,0.0057755712,0.006317031000000001,1788930300000,2026-09-09 13:05,0.0057755712,止盈,False,False,0.039999999999999925,0.038999999999999924,17,1.4166666666666667,
s=-0.0200|fill,-0.02,fill,KERNEL_USDT_PERP,做空,1787824800000,2026-08-27 18:00,0.04664,0.0457072,0.043878912,0.047992560000000004,1787825100000,2026-08-27 18:05,0.043878912,止盈,False,False,0.04000000000000015,0.039000000000000146,1,0.08333333333333333,
s=-0.0200|fill,-0.02,fill,LAB_USDT_PERP,做空,1789122000000,2026-09-11 18:20,0.05873,0.0575554,0.055253184,0.06043317,1789122300000,2026-09-11 18:25,0.06043317,止損,False,False,-0.050000000000000044,-0.051000000000000045,1,0.08333333333333333,
s=-0.0200|fill,-0.02,fill,LAYER_USDT_PERP,做空,1788710400000,2026-09-07 00:00,0.0881,0.086338,0.08288448,0.0906549,1788711600000,2026-09-07 00:20,0.08288448,止盈,False,False,0.040000000000000036,0.039000000000000035,4,0.3333333333333333,
s=-0.0200|fill,-0.02,fill,LA_USDT_PERP,做空,1788312300000,2026-09-02 09:25,0.06491,0.0636118,0.061067328,0.06679239,1788314100000,2026-09-02 09:55,0.06679239,止損,False,False,-0.050000000000000044,-0.051000000000000045,6,0.5,
s=-0.0200|fill,-0.02,fill,LIGHT_USDT_PERP,做空,1787730600000,2026-08-26 15:50,0.1766,0.173068,0.16614528,0.1817214,1787796000000,2026-08-27 10:00,0.1817214,止損,False,False,-0.050000000000000044,-0.051000000000000045,218,18.166666666666668,
s=-0.0200|fill,-0.02,fill,LIGHT_USDT_PERP,做空,1787909400000,2026-08-28 17:30,0.2318,0.227164,0.21807743999999998,0.23852220000000002,1787910300000,2026-08-28 17:45,0.23852220000000002,止損,False,False,-0.050000000000000044,-0.051000000000000045,3,0.25,
s=-0.0200|fill,-0.02,fill,LSK_USDT_PERP,做空,1787754600000,2026-08-26 22:30,0.112,0.10976,0.1053696,0.115248,1787755500000,2026-08-26 22:45,0.1053696,止盈,False,False,0.040000000000000036,0.039000000000000035,3,0.25,
s=-0.0200|fill,-0.02,fill,LUNA2_USDT_PERP,做空,1788782700000,2026-09-07 20:05,0.05437,0.0532826,0.051151296,0.05594673,1788786600000,2026-09-07 21:10,0.051151296,止盈,False,False,0.040000000000000036,0.039000000000000035,13,1.0833333333333333,
s=-0.0200|fill,-0.02,fill,MAGMA_USDT_PERP,做空,1787344200000,2026-08-22 04:30,0.32043,0.3140214,0.301460544,0.32972247000000005,1787355900000,2026-08-22 07:45,0.32972247000000005,止損,False,False,-0.050000000000000044,-0.051000000000000045,39,3.25,
s=-0.0200|fill,-0.02,fill,MAGMA_USDT_PERP,做空,1789323300000,2026-09-14 02:15,0.26632,0.2609936,0.25055385599999996,0.27404328,1789324500000,2026-09-14 02:35,0.27404328,止損,False,False,-0.050000000000000044,-0.051000000000000045,4,0.3333333333333333,
s=-0.0200|fill,-0.02,fill,MANTRA_USDT_PERP,做空,1787903400000,2026-08-28 15:50,0.00476,0.0046648,0.004478208,0.00489804,1787908500000,2026-08-28 17:15,0.004478208,止盈,False,False,0.040000000000000036,0.039000000000000035,17,1.4166666666666667,
s=-0.0200|fill,-0.02,fill,MELANIA_USDT_PERP,做空,1787371800000,2026-08-22 12:10,0.1263,0.123774,0.11882303999999999,0.1299627,1787372100000,2026-08-22 12:15,0.1299627,止損,False,False,-0.04999999999999982,-0.05099999999999982,1,0.08333333333333333,
s=-0.0200|fill,-0.02,fill,MOODENG_USDT_PERP,做空,1788629100000,2026-09-06 01:25,0.04783,0.046873399999999996,0.044998463999999995,0.049217069999999995,1788630300000,2026-09-06 01:45,0.044998463999999995,止盈,False,False,0.040000000000000036,0.039000000000000035,4,0.3333333333333333,
s=-0.0200|fill,-0.02,fill,MOODENG_USDT_PERP,做空,1789621200000,2026-09-17 13:00,0.04393,0.0430514,0.041329344,0.045203969999999996,1789625400000,2026-09-17 14:10,0.041329344,止盈,False,False,0.040000000000000036,0.039000000000000035,14,1.1666666666666667,
s=-0.0200|fill,-0.02,fill,MOVE_USDT_PERP,做空,1787371500000,2026-08-22 12:05,0.00853,0.0083594,0.008025023999999999,0.00877737,1787372400000,2026-08-22 12:20,0.00877737,止損,False,False,-0.050000000000000044,-0.051000000000000045,3,0.25,
s=-0.0200|fill,-0.02,fill,MOVR_USDT_PERP,做空,1786800000000,2026-08-15 21:20,0.985,0.9652999999999999,0.926688,1.013565,1786800900000,2026-08-15 21:35,0.926688,止盈,False,False,0.040000000000000036,0.039000000000000035,3,0.25,
s=-0.0200|fill,-0.02,fill,MOVR_USDT_PERP,做空,1787802900000,2026-08-27 11:55,0.799,0.78302,0.7516992,0.8221710000000001,1787803200000,2026-08-27 12:00,0.8221710000000001,止損,False,False,-0.050000000000000044,-0.051000000000000045,1,0.08333333333333333,
s=-0.0200|fill,-0.02,fill,MOVR_USDT_PERP,做空,1787807400000,2026-08-27 13:10,0.869,0.8516199999999999,0.8175551999999999,0.8942009999999999,1787807700000,2026-08-27 13:15,0.8175551999999999,止盈,False,False,0.040000000000000036,0.039000000000000035,1,0.08333333333333333,
s=-0.0200|fill,-0.02,fill,MUBARAK_USDT_PERP,做空,1788363600000,2026-09-02 23:40,0.02662,0.026087600000000002,0.025044096000000002,0.027391980000000003,1788363900000,2026-09-02 23:45,0.027391980000000003,止損,False,False,-0.050000000000000044,-0.051000000000000045,1,0.08333333333333333,
s=-0.0200|fill,-0.02,fill,NAORIS_USDT_PERP,做空,1788591000000,2026-09-05 14:50,0.03141,0.0307818,0.029550528,0.032320890000000005,1788592200000,2026-09-05 15:10,0.029550528,止盈,False,False,0.040000000000000036,0.039000000000000035,4,0.3333333333333333,
s=-0.0200|fill,-0.02,fill,NAORIS_USDT_PERP,做空,1788691200000,2026-09-06 18:40,0.03484,0.034143200000000005,0.032777472,0.035850360000000005,1788693900000,2026-09-06 19:25,0.035850360000000005,止損,False,False,-0.050000000000000044,-0.051000000000000045,9,0.75,
s=-0.0200|fill,-0.02,fill,NOM_USDT_PERP,做空,1788576000000,2026-09-05 10:40,0.001789,0.00175322,0.0016830912,0.0018408810000000002,1788576600000,2026-09-05 10:50,0.0018408810000000002,止損,False,False,-0.050000000000000044,-0.051000000000000045,2,0.16666666666666666,
s=-0.0200|fill,-0.02,fill,NOM_USDT_PERP,做空,1788586800000,2026-09-05 13:40,0.002085,0.0020433,0.001961568,0.002145465,1788588000000,2026-09-05 14:00,0.001961568,止盈,False,False,0.040000000000000036,0.039000000000000035,4,0.3333333333333333,
s=-0.0200|fill,-0.02,fill,OG_USDT_PERP,做空,1787472300000,2026-08-23 16:05,3.071,3.00958,2.8891968,3.1600590000000004,1787472600000,2026-08-23 16:10,3.1600590000000004,止損,False,False,-0.050000000000000044,-0.051000000000000045,1,0.08333333333333333,
s=-0.0200|fill,-0.02,fill,ONG_USDT_PERP,做空,1786929900000,2026-08-17 09:25,0.06165,0.060417000000000005,0.05800032,0.06343785,1786930500000,2026-08-17 09:35,0.05800032,止盈,False,False,0.040000000000000036,0.039000000000000035,2,0.16666666666666666,
s=-0.0200|fill,-0.02,fill,ONG_USDT_PERP,做空,1787232900000,2026-08-20 21:35,0.06947,0.0680806,0.06535737600000001,0.07148463000000001,1787233200000,2026-08-20 21:40,0.07148463000000001,止損,False,False,-0.050000000000000044,-0.051000000000000045,1,0.08333333333333333,
s=-0.0200|fill,-0.02,fill,ONG_USDT_PERP,做空,1787237700000,2026-08-20 22:55,0.08127,0.0796446,0.076458816,0.08362683,1787240100000,2026-08-20 23:35,0.076458816,止盈,False,False,0.039999999999999925,0.038999999999999924,8,0.6666666666666666,
s=-0.0200|fill,-0.02,fill,ONT_USDT_PERP,做空,1787258100000,2026-08-21 04:35,0.0544,0.053312,0.05117952,0.0559776,1787258400000,2026-08-21 04:40,0.0559776,止損,False,False,-0.050000000000000044,-0.051000000000000045,1,0.08333333333333333,
s=-0.0200|fill,-0.02,fill,ONT_USDT_PERP,做空,1787262000000,2026-08-21 05:40,0.0513,0.050274,0.04826304,0.0527877,1787272500000,2026-08-21 08:35,0.0527877,止損,False,False,-0.050000000000000044,-0.051000000000000045,35,2.9166666666666665,
s=-0.0200|fill,-0.02,fill,ON_USDT_PERP,做空,1788861900000,2026-09-08 18:05,0.211,0.20678,0.19850879999999999,0.217119,1788864600000,2026-09-08 18:50,0.19850879999999999,止盈,False,False,0.040000000000000036,0.039000000000000035,9,0.75,
s=-0.0200|fill,-0.02,fill,ORCA_USDT_PERP,做空,1788745800000,2026-09-07 09:50,1.642,1.60916,1.5447935999999998,1.689618,1788746700000,2026-09-07 10:05,1.689618,止損,False,False,-0.050000000000000044,-0.051000000000000045,3,0.25,
s=-0.0200|fill,-0.02,fill,PHA_USDT_PERP,做空,1788972600000,2026-09-10 00:50,0.03342,0.0327516,0.031441536,0.03438918,1788973200000,2026-09-10 01:00,0.03438918,止損,False,False,-0.050000000000000044,-0.051000000000000045,2,0.16666666666666666,
s=-0.0200|fill,-0.02,fill,PIEVERSE_USDT_PERP,做空,1787306700000,2026-08-21 18:05,1.1295,1.1069099999999998,1.0626335999999998,1.1622554999999999,1787310600000,2026-08-21 19:10,1.0626335999999998,止盈,False,False,0.040000000000000036,0.039000000000000035,13,1.0833333333333333,
s=-0.0200|fill,-0.02,fill,PIEVERSE_USDT_PERP,做空,1788789300000,2026-09-07 21:55,1.3018,1.2757640000000001,1.22473344,1.3395522000000002,1788795600000,2026-09-07 23:40,1.22473344,止盈,False,False,0.040000000000000036,0.039000000000000035,21,1.75,
s=-0.0200|fill,-0.02,fill,PIXEL_USDT_PERP,做空,1786865400000,2026-08-16 15:30,0.00611,0.0059878,0.005748288,0.00628719,1786866300000,2026-08-16 15:45,0.005748288,止盈,False,False,0.040000000000000036,0.039000000000000035,3,0.25,
s=-0.0200|fill,-0.02,fill,PORTAL_USDT_PERP,做空,1786885200000,2026-08-16 21:00,0.01597,0.0156506,0.015024576,0.01643313,1786885500000,2026-08-16 21:05,0.01643313,止損,False,False,-0.050000000000000044,-0.051000000000000045,1,0.08333333333333333,
s=-0.0200|fill,-0.02,fill,PORTAL_USDT_PERP,做空,1787544900000,2026-08-24 12:15,0.01602,0.015699599999999998,0.015071615999999998,0.01648458,1787546100000,2026-08-24 12:35,0.015071615999999998,止盈,False,False,0.040000000000000036,0.039000000000000035,4,0.3333333333333333,
s=-0.0200|fill,-0.02,fill,PORTAL_USDT_PERP,做空,1787721000000,2026-08-26 13:10,0.01896,0.0185808,0.017837568,0.019509840000000004,1787721600000,2026-08-26 13:20,0.019509840000000004,止損,False,False,-0.050000000000000044,-0.051000000000000045,2,0.16666666666666666,
s=-0.0200|fill,-0.02,fill,PORTAL_USDT_PERP,做空,1787725500000,2026-08-26 14:25,0.02147,0.0210406,0.020198976,0.022092630000000002,1787726100000,2026-08-26 14:35,0.020198976,止盈,False,False,0.039999999999999925,0.038999999999999924,2,0.16666666666666666,
s=-0.0200|fill,-0.02,fill,PORTAL_USDT_PERP,做空,1788444900000,2026-09-03 22:15,0.01665,0.016317,0.015664320000000002,0.01713285,1788445500000,2026-09-03 22:25,0.015664320000000002,止盈,False,False,0.039999999999999925,0.038999999999999924,2,0.16666666666666666,
s=-0.0200|fill,-0.02,fill,POWR_USDT_PERP,做空,1789258200000,2026-09-13 08:10,0.06576,0.0644448,0.061867007999999994,0.06766704,1789258500000,2026-09-13 08:15,0.06766704,止損,False,False,-0.050000000000000044,-0.051000000000000045,1,0.08333333333333333,
s=-0.0200|fill,-0.02,fill,POWR_USDT_PERP,做空,1789263000000,2026-09-13 09:30,0.0824,0.080752,0.07752192000000001,0.0847896,1789266000000,2026-09-13 10:20,0.07752192000000001,止盈,False,False,0.039999999999999925,0.038999999999999924,10,0.8333333333333334,
s=-0.0200|fill,-0.02,fill,PROMPT_USDT_PERP,做空,1788000900000,2026-08-29 18:55,0.02727,0.026724599999999998,0.025655615999999996,0.02806083,1788001200000,2026-08-29 19:00,0.025655615999999996,止盈,False,False,0.040000000000000036,0.039000000000000035,1,0.08333333333333333,
s=-0.0200|fill,-0.02,fill,PROS_USDT_PERP,做空,1788927600000,2026-09-09 12:20,0.5005,0.4904899999999999,0.4708703999999999,0.5150144999999999,1788929100000,2026-09-09 12:45,0.5150144999999999,止損,False,False,-0.050000000000000044,-0.051000000000000045,5,0.4166666666666667,
s=-0.0200|fill,-0.02,fill,PTB_USDT_PERP,做空,1788529800000,2026-09-04 21:50,0.000816,0.00079968,0.0007676928,0.0008396640000000001,1788530100000,2026-09-04 21:55,0.0007676928,止盈,False,False,0.040000000000000036,0.039000000000000035,1,0.08333333333333333,
s=-0.0200|fill,-0.02,fill,Q_USDT_PERP,做空,1788496200000,2026-09-04 12:30,0.026302,0.025775959999999997,0.024744921599999997,0.027064757999999998,1788496500000,2026-09-04 12:35,0.027064757999999998,止損,False,False,-0.050000000000000044,-0.051000000000000045,1,0.08333333333333333,
s=-0.0200|fill,-0.02,fill,Q_USDT_PERP,做空,1788500100000,2026-09-04 13:35,0.026004,0.02548392,0.0244645632,0.026758116000000002,1788501000000,2026-09-04 13:50,0.0244645632,止盈,False,False,0.039999999999999925,0.038999999999999924,3,0.25,
s=-0.0200|fill,-0.02,fill,RATS_USDT_PERP,做空,1787062500000,2026-08-18 22:15,5.136e-05,5.03328e-05,4.8319488e-05,5.2849440000000005e-05,1787063400000,2026-08-18 22:30,5.2849440000000005e-05,止損,False,False,-0.050000000000000044,-0.051000000000000045,3,0.25,
s=-0.0200|fill,-0.02,fill,RAY_USDT_PERP,做空,1788665400000,2026-09-06 11:30,1.109,1.08682,1.0433472,1.1411609999999999,1788665700000,2026-09-06 11:35,1.1411609999999999,止損,False,False,-0.050000000000000044,-0.051000000000000045,1,0.08333333333333333,
s=-0.0200|fill,-0.02,fill,RAY_USDT_PERP,做空,1788669300000,2026-09-06 12:35,1.134,1.1113199999999999,1.0668672,1.1668859999999999,1788670200000,2026-09-06 12:50,1.1668859999999999,止損,False,False,-0.050000000000000044,-0.051000000000000045,3,0.25,
s=-0.0200|fill,-0.02,fill,REZ_USDT_PERP,做空,1789016700000,2026-09-10 13:05,0.00362,0.0035475999999999997,0.0034056959999999997,0.0037249799999999997,1789017000000,2026-09-10 13:10,0.0037249799999999997,止損,False,False,-0.050000000000000044,-0.051000000000000045,1,0.08333333333333333,
s=-0.0200|fill,-0.02,fill,REZ_USDT_PERP,做空,1789287600000,2026-09-13 16:20,0.003949,0.00387002,0.0037152191999999997,0.0040635210000000005,1789287900000,2026-09-13 16:25,0.0040635210000000005,止損,False,False,-0.050000000000000044,-0.051000000000000045,1,0.08333333333333333,
s=-0.0200|fill,-0.02,fill,RE_USDT_PERP,做空,1787158200000,2026-08-20 00:50,0.4973,0.487354,0.46785983999999997,0.5117217000000001,1787162700000,2026-08-20 02:05,0.5117217000000001,止損,False,False,-0.050000000000000044,-0.051000000000000045,15,1.25,
s=-0.0200|fill,-0.02,fill,RE_USDT_PERP,做空,1787363100000,2026-08-22 09:45,0.6057,0.5935860000000001,0.56984256,0.6232653000000001,1787371200000,2026-08-22 12:00,0.6232653000000001,止損,False,False,-0.050000000000000044,-0.051000000000000045,27,2.25,
s=-0.0200|fill,-0.02,fill,SAGA_USDT_PERP,做空,1789058100000,2026-09-11 00:35,0.01776,0.0174048,0.016708608,0.018275040000000003,1789060200000,2026-09-11 01:10,0.018275040000000003,止損,False,False,-0.050000000000000044,-0.051000000000000045,7,0.5833333333333334,
s=-0.0200|fill,-0.02,fill,SIREN_USDT_PERP,做空,1787970900000,2026-08-29 10:35,0.03355,0.032879000000000005,0.03156384,0.03452295000000001,1787972700000,2026-08-29 11:05,0.03156384,止盈,False,False,0.040000000000000036,0.039000000000000035,6,0.5,
s=-0.0200|fill,-0.02,fill,SKR_USDT_PERP,做空,1787875800000,2026-08-28 08:10,0.011903,0.01166494,0.0111983424,0.012248187,1787876100000,2026-08-28 08:15,0.012248187,止損,False,False,-0.050000000000000044,-0.051000000000000045,1,0.08333333333333333,
s=-0.0200|fill,-0.02,fill,SKR_USDT_PERP,做空,1787880600000,2026-08-28 09:30,0.011993,0.01175314,0.0112830144,0.012340797,1787881800000,2026-08-28 09:50,0.012340797,止損,False,False,-0.050000000000000044,-0.051000000000000045,4,0.3333333333333333,
s=-0.0200|fill,-0.02,fill,SKR_USDT_PERP,做空,1788069000000,2026-08-30 13:50,0.013432,0.013163359999999999,0.012636825599999998,0.013821528,1788070200000,2026-08-30 14:10,0.013821528,止損,False,False,-0.050000000000000044,-0.051000000000000045,4,0.3333333333333333,
s=-0.0200|fill,-0.02,fill,SOLV_USDT_PERP,做空,1788684000000,2026-09-06 16:40,0.00374,0.0036652,0.0035185919999999996,0.00384846,1788685200000,2026-09-06 17:00,0.00384846,止損,False,False,-0.050000000000000044,-0.051000000000000045,4,0.3333333333333333,
s=-0.0200|fill,-0.02,fill,SPK_USDT_PERP,做空,1787292600000,2026-08-21 14:10,0.01886,0.018482799999999997,0.017743487999999998,0.019406939999999998,1787293200000,2026-08-21 14:20,0.017743487999999998,止盈,False,False,0.039999999999999925,0.038999999999999924,2,0.16666666666666666,
s=-0.0200|fill,-0.02,fill,SPORTFUN_USDT_PERP,做空,1786824600000,2026-08-16 04:10,0.02552,0.0250096,0.024009216,0.02626008,1786825200000,2026-08-16 04:20,0.02626008,止損,False,False,-0.050000000000000044,-0.051000000000000045,2,0.16666666666666666,
s=-0.0200|fill,-0.02,fill,SPORTFUN_USDT_PERP,做空,1786828800000,2026-08-16 05:20,0.02879,0.0282142,0.027085632,0.02962491,1786829400000,2026-08-16 05:30,0.02962491,止損,False,False,-0.050000000000000044,-0.051000000000000045,2,0.16666666666666666,
s=-0.0200|fill,-0.02,fill,SPORTFUN_USDT_PERP,做空,1786833300000,2026-08-16 06:35,0.03294,0.032281199999999996,0.030989951999999994,0.033895259999999997,1786834800000,2026-08-16 07:00,0.033895259999999997,止損,False,False,-0.050000000000000044,-0.051000000000000045,5,0.4166666666666667,
s=-0.0200|fill,-0.02,fill,SQD_USDT_PERP,做空,1787662500000,2026-08-25 20:55,0.03679,0.0360542,0.034612032,0.03785691,1787664000000,2026-08-25 21:20,0.034612032,止盈,False,False,0.040000000000000036,0.039000000000000035,5,0.4166666666666667,
s=-0.0200|fill,-0.02,fill,SSV_USDT_PERP,做空,1787297100000,2026-08-21 15:25,2.816,2.75968,2.6492928,2.8976640000000002,1787298000000,2026-08-21 15:40,2.8976640000000002,止損,False,False,-0.050000000000000044,-0.051000000000000045,3,0.25,
s=-0.0200|fill,-0.02,fill,SSV_USDT_PERP,做空,1787301600000,2026-08-21 16:40,2.839,2.78222,2.6709312,2.9213310000000003,1787313300000,2026-08-21 19:55,2.9213310000000003,止損,False,False,-0.050000000000000044,-0.051000000000000045,39,3.25,
s=-0.0200|fill,-0.02,fill,STABLE_USDT_PERP,做空,1787265000000,2026-08-21 06:30,0.03199,0.031350199999999995,0.030096191999999994,0.032917709999999996,1787268900000,2026-08-21 07:35,0.032917709999999996,止損,False,False,-0.050000000000000044,-0.051000000000000045,13,1.0833333333333333,
s=-0.0200|fill,-0.02,fill,STAR_USDT_PERP,做空,1786962600000,2026-08-17 18:30,0.12102,0.1185996,0.11385561599999999,0.12452958,1786968000000,2026-08-17 20:00,0.12452958,止損,False,False,-0.050000000000000044,-0.051000000000000045,18,1.5,
s=-0.0200|fill,-0.02,fill,STAR_USDT_PERP,做空,1787113200000,2026-08-19 12:20,0.13046,0.1278508,0.12273676799999998,0.13424334,1787117400000,2026-08-19 13:30,0.13424334,止損,False,False,-0.050000000000000044,-0.051000000000000045,14,1.1666666666666667,
s=-0.0200|fill,-0.02,fill,STAR_USDT_PERP,做空,1787316900000,2026-08-21 20:55,0.16075,0.157535,0.1512336,0.16541175000000002,1787317500000,2026-08-21 21:05,0.1512336,止盈,False,False,0.040000000000000036,0.039000000000000035,2,0.16666666666666666,
s=-0.0200|fill,-0.02,fill,STAR_USDT_PERP,做空,1787565300000,2026-08-24 17:55,0.14315,0.140287,0.13467552,0.14730135,1787565900000,2026-08-24 18:05,0.14730135,止損,False,False,-0.050000000000000044,-0.051000000000000045,2,0.16666666666666666,
s=-0.0200|fill,-0.02,fill,SUPER_USDT_PERP,做空,1787577300000,2026-08-24 21:15,0.1293,0.126714,0.12164544,0.1330497,1787580300000,2026-08-24 22:05,0.1330497,止損,False,False,-0.050000000000000044,-0.051000000000000045,10,0.8333333333333334,
s=-0.0200|fill,-0.02,fill,SUSHI_USDT_PERP,做空,1788630000000,2026-09-06 01:40,0.2401,0.235298,0.22588608,0.24706290000000003,1788630900000,2026-09-06 01:55,0.24706290000000003,止損,False,False,-0.050000000000000044,-0.051000000000000045,3,0.25,
s=-0.0200|fill,-0.02,fill,SUSHI_USDT_PERP,做空,1788636300000,2026-09-06 03:25,0.2775,0.27195,0.261072,0.28554750000000007,1788638100000,2026-09-06 03:55,0.261072,止盈,False,False,0.040000000000000036,0.039000000000000035,6,0.5,
s=-0.0200|fill,-0.02,fill,TAC_USDT_PERP,做空,1787438100000,2026-08-23 06:35,0.001749,0.00171402,0.0016454591999999998,0.001799721,1787439000000,2026-08-23 06:50,0.0016454591999999998,止盈,False,False,0.040000000000000036,0.039000000000000035,3,0.25,
s=-0.0200|fill,-0.02,fill,TA_USDT_PERP,做空,1789214400000,2026-09-12 20:00,0.06008,0.0588784,0.056523264,0.06182232,1789222200000,2026-09-12 22:10,0.06182232,止損,False,False,-0.050000000000000044,-0.051000000000000045,26,2.1666666666666665,
s=-0.0200|fill,-0.02,fill,TLM_USDT_PERP,做空,1787670300000,2026-08-25 23:05,0.001672,0.00163856,0.0015730176,0.001720488,1787678400000,2026-08-26 01:20,0.0015730176,止盈,False,False,0.04000000000000015,0.039000000000000146,27,2.25,
s=-0.0200|fill,-0.02,fill,TNSR_USDT_PERP,做空,1788096000000,2026-08-30 21:20,0.04212,0.0412776,0.039626496,0.04334148,1788097500000,2026-08-30 21:45,0.04334148,止損,False,False,-0.050000000000000044,-0.051000000000000045,5,0.4166666666666667,
s=-0.0200|fill,-0.02,fill,TRADOOR_USDT_PERP,做空,1788592200000,2026-09-05 15:10,0.7411,0.726278,0.69722688,0.7625919,1788592500000,2026-09-05 15:15,0.7625919,止損,False,False,-0.050000000000000044,-0.051000000000000045,1,0.08333333333333333,
s=-0.0200|fill,-0.02,fill,TRB_USDT_PERP,做空,1787365800000,2026-08-22 10:30,21.825,21.3885,20.53296,22.457925000000003,1787366100000,2026-08-22 10:35,22.457925000000003,止損,False,False,-0.050000000000000044,-0.051000000000000045,1,0.08333333333333333,
s=-0.0200|fill,-0.02,fill,TREE_USDT_PERP,做空,1787150100000,2026-08-19 22:35,0.04051,0.03969979999999999,0.03811180799999999,0.04168478999999999,1787150700000,2026-08-19 22:45,0.04168478999999999,止損,False,False,-0.050000000000000044,-0.051000000000000045,2,0.16666666666666666,
s=-0.0200|fill,-0.02,fill,TREE_USDT_PERP,做空,1787155200000,2026-08-20 00:00,0.04344,0.0425712,0.040868352,0.04469976,1787155800000,2026-08-20 00:10,0.04469976,止損,False,False,-0.050000000000000044,-0.051000000000000045,2,0.16666666666666666,
s=-0.0200|fill,-0.02,fill,TREE_USDT_PERP,做空,1789172400000,2026-09-12 08:20,0.04535,0.044443,0.04266528,0.04666515,1789173000000,2026-09-12 08:30,0.04266528,止盈,False,False,0.040000000000000036,0.039000000000000035,2,0.16666666666666666,
s=-0.0200|fill,-0.02,fill,TRIA_USDT_PERP,做空,1788495300000,2026-09-04 12:15,0.0049,0.004802,0.00460992,0.0050421,1788495600000,2026-09-04 12:20,0.00460992,止盈,False,False,0.039999999999999925,0.038999999999999924,1,0.08333333333333333,
s=-0.0200|fill,-0.02,fill,TRIA_USDT_PERP,做空,1788503700000,2026-09-04 14:35,0.00525,0.005145,0.0049392,0.005402250000000001,1788504300000,2026-09-04 14:45,0.005402250000000001,止損,False,False,-0.050000000000000044,-0.051000000000000045,2,0.16666666666666666,
s=-0.0200|fill,-0.02,fill,TRUMP_USDT_PERP,做空,1787175000000,2026-08-20 05:30,1.707,1.67286,1.6059455999999999,1.7565030000000001,1787178300000,2026-08-20 06:25,1.7565030000000001,止損,False,False,-0.050000000000000044,-0.051000000000000045,11,0.9166666666666666,
s=-0.0200|fill,-0.02,fill,US_USDT_PERP,做空,1787325300000,2026-08-21 23:15,0.01978,0.0193844,0.018609024,0.02035362,1787325600000,2026-08-21 23:20,0.02035362,止損,False,False,-0.050000000000000044,-0.051000000000000045,1,0.08333333333333333,
s=-0.0200|fill,-0.02,fill,US_USDT_PERP,做空,1787329500000,2026-08-22 00:25,0.02225,0.021804999999999998,0.020932799999999998,0.02289525,1787330100000,2026-08-22 00:35,0.02289525,止損,False,False,-0.050000000000000044,-0.051000000000000045,2,0.16666666666666666,
s=-0.0200|fill,-0.02,fill,WAL_USDT_PERP,做空,1786788900000,2026-08-15 18:15,0.0272,0.026656,0.02558976,0.0279888,1786789200000,2026-08-15 18:20,0.0279888,止損,False,False,-0.050000000000000044,-0.051000000000000045,1,0.08333333333333333,
s=-0.0200|fill,-0.02,fill,WAL_USDT_PERP,做空,1786792800000,2026-08-15 19:20,0.0259,0.025382,0.024366719999999998,0.0266511,1786794000000,2026-08-15 19:40,0.0266511,止損,False,False,-0.050000000000000044,-0.051000000000000045,4,0.3333333333333333,
s=-0.0200|fill,-0.02,fill,XPIN_USDT_PERP,做空,1786950300000,2026-08-17 15:05,0.001551,0.00151998,0.0014591807999999999,0.001595979,1786951200000,2026-08-17 15:20,0.0014591807999999999,止盈,False,False,0.040000000000000036,0.039000000000000035,3,0.25,
s=-0.0200|fill,-0.02,fill,XPIN_USDT_PERP,做空,1787291700000,2026-08-21 13:55,0.001328,0.0013014399999999998,0.0012493823999999998,0.0013665119999999998,1787292000000,2026-08-21 14:00,0.0013665119999999998,止損,False,False,-0.050000000000000044,-0.051000000000000045,1,0.08333333333333333,
s=-0.0200|fill,-0.02,fill,XPIN_USDT_PERP,做空,1787295900000,2026-08-21 15:05,0.001311,0.0012847800000000001,0.0012333888,0.0013490190000000001,1787298600000,2026-08-21 15:50,0.0013490190000000001,止損,False,False,-0.050000000000000044,-0.051000000000000045,9,0.75,
s=-0.0200|fill,-0.02,fill,XPIN_USDT_PERP,做空,1789367400000,2026-09-14 14:30,0.000886,0.0008682799999999999,0.0008335487999999999,0.000911694,1789367700000,2026-09-14 14:35,0.000911694,止損,False,False,-0.050000000000000044,-0.051000000000000045,1,0.08333333333333333,
s=-0.0200|fill,-0.02,fill,XVG_USDT_PERP,做空,1787370900000,2026-08-22 11:55,0.002919,0.00286062,0.0027461952,0.003003651,1787375400000,2026-08-22 13:10,0.0027461952,止盈,False,False,0.040000000000000036,0.039000000000000035,15,1.25,
s=-0.0200|fill,-0.02,fill,ZEST_USDT_PERP,做空,1787740800000,2026-08-26 18:40,0.16483,0.1615334,0.15507206399999998,0.16961007,1787744400000,2026-08-26 19:40,0.15507206399999998,止盈,False,False,0.040000000000000036,0.039000000000000035,12,1.0,
s=-0.0200|fill,-0.02,fill,ZEST_USDT_PERP,做空,1788426900000,2026-09-03 17:15,0.15617,0.1530466,0.146924736,0.16069893000000002,1788427200000,2026-09-03 17:20,0.16069893000000002,止損,True,False,-0.050000000000000044,-0.051000000000000045,1,0.08333333333333333,同一根同時觸發→保守計止損
s=-0.0200|fill,-0.02,fill,ZEST_USDT_PERP,做空,1788433500000,2026-09-03 19:05,0.14801,0.1450498,0.139247808,0.15230229,1788453600000,2026-09-04 00:40,0.15230229,止損,False,False,-0.050000000000000044,-0.051000000000000045,67,5.583333333333333,
s=-0.0200|fill,-0.02,fill,ZKC_USDT_PERP,做空,1788061500000,2026-08-30 11:45,0.049,0.04802,0.0460992,0.050421,1788062400000,2026-08-30 12:00,0.0460992,止盈,False,False,0.040000000000000036,0.039000000000000035,3,0.25,
s=-0.0200|fill,-0.02,fill,ZKC_USDT_PERP,做空,1788076200000,2026-08-30 15:50,0.0528,0.051744,0.049674239999999995,0.0543312,1788079500000,2026-08-30 16:45,0.0543312,止損,False,False,-0.050000000000000044,-0.051000000000000045,11,0.9166666666666666,
s=-0.0200|fill,-0.02,fill,ZKP_USDT_PERP,做空,1788017400000,2026-08-29 23:30,0.05268,0.051626399999999996,0.04956134399999999,0.05420772,1788019800000,2026-08-30 00:10,0.04956134399999999,止盈,False,False,0.040000000000000036,0.039000000000000035,8,0.6666666666666666,
s=-0.0200|fill,-0.02,fill,ZORA_USDT_PERP,做空,1787316300000,2026-08-21 20:45,0.00687,0.0067326,0.0064632959999999995,0.00706923,1787317200000,2026-08-21 21:00,0.00706923,止損,False,False,-0.050000000000000044,-0.051000000000000045,3,0.25,
s=-0.0200|fill,-0.02,fill,ZORA_USDT_PERP,做空,1787321100000,2026-08-21 22:05,0.00706,0.0069188,0.006642048,0.00726474,1787324700000,2026-08-21 23:05,0.006642048,止盈,False,False,0.040000000000000036,0.039000000000000035,12,1.0,
s=-0.0200|fill,-0.02,fill,ZORA_USDT_PERP,做空,1788124200000,2026-08-31 05:10,0.00815,0.007987,0.007667519999999999,0.008386349999999999,1788124500000,2026-08-31 05:15,0.008386349999999999,止損,False,False,-0.050000000000000044,-0.051000000000000045,1,0.08333333333333333,
s=-0.0200|fill,-0.02,fill,ZRO_USDT_PERP,做空,1787665200000,2026-08-25 21:40,1.2411,1.216278,1.16762688,1.2770919,1787665800000,2026-08-25 21:50,1.16762688,止盈,False,False,0.039999999999999925,0.038999999999999924,2,0.16666666666666666,
s=-0.0200|fill,-0.02,fill,ZRO_USDT_PERP,做空,1787669700000,2026-08-25 22:55,1.2125,1.1882499999999998,1.1407199999999997,1.2476625,1787672400000,2026-08-25 23:40,1.2476625,止損,False,False,-0.050000000000000044,-0.051000000000000045,9,0.75,
s=-0.0200|fill,-0.02,fill,哈基米_USDT_PERP,做空,1789068300000,2026-09-11 03:25,0.03622,0.0354956,0.034075776,0.037270380000000006,1789068600000,2026-09-11 03:30,0.037270380000000006,止損,False,False,-0.050000000000000044,-0.051000000000000045,1,0.08333333333333333,
s=-0.0200|fill,-0.02,fill,哈基米_USDT_PERP,做空,1789098300000,2026-09-11 11:45,0.0411,0.040277999999999994,0.038666879999999994,0.04229189999999999,1789099800000,2026-09-11 12:10,0.038666879999999994,止盈,False,False,0.040000000000000036,0.039000000000000035,5,0.4166666666666667,
s=-0.0200|fill,-0.02,fill,我踏马来了_USDT_PERP,做空,1788010200000,2026-08-29 21:30,0.014341,0.01405418,0.0134920128,0.014756889,1788010800000,2026-08-29 21:40,0.0134920128,止盈,False,False,0.040000000000000036,0.039000000000000035,2,0.16666666666666666,
s=-0.0200|fill,-0.02,fill,我踏马来了_USDT_PERP,做空,1789083600000,2026-09-11 07:40,0.012087,0.01184526,0.0113714496,0.012437523,1789085100000,2026-09-11 08:05,0.012437523,止損,False,False,-0.050000000000000044,-0.051000000000000045,5,0.4166666666666667,
s=-0.0200|fill,-0.02,fill,我踏马来了_USDT_PERP,做空,1789190100000,2026-09-12 13:15,0.015,0.0147,0.014112,0.015435,1789190400000,2026-09-12 13:20,0.014112,止盈,False,False,0.040000000000000036,0.039000000000000035,1,0.08333333333333333,
